valid_time,latitude,longitude,number,expver,msl
2020-01-01 00:00:00,-43.75,172.75,0,0001,101010.06
2020-01-01 01:00:00,-43.75,172.75,0,0001,101019.56
2020-01-01 02:00:00,-43.75,172.75,0,0001,101053.0
2020-01-01 03:00:00,-43.75,172.75,0,0001,101060.875
2020-01-01 04:00:00,-43.75,172.75,0,0001,101078.5
2020-01-01 05:00:00,-43.75,172.75,0,0001,101154.69
2020-01-01 06:00:00,-43.75,172.75,0,0001,101182.69
2020-01-01 07:00:00,-43.75,172.75,0,0001,101267.31
2020-01-01 08:00:00,-43.75,172.75,0,0001,101343.19
2020-01-01 09:00:00,-43.75,172.75,0,0001,101392.94
2020-01-01 10:00:00,-43.75,172.75,0,0001,101461.81
2020-01-01 11:00:00,-43.75,172.75,0,0001,101389.19
2020-01-01 12:00:00,-43.75,172.75,0,0001,101305.375
2020-01-01 13:00:00,-43.75,172.75,0,0001,101212.19
2020-01-01 14:00:00,-43.75,172.75,0,0001,101113.75
2020-01-01 15:00:00,-43.75,172.75,0,0001,101010.19
2020-01-01 16:00:00,-43.75,172.75,0,0001,100998.375
2020-01-01 17:00:00,-43.75,172.75,0,0001,100959.375
2020-01-01 18:00:00,-43.75,172.75,0,0001,100922.875
2020-01-01 19:00:00,-43.75,172.75,0,0001,100898.75
2020-01-01 20:00:00,-43.75,172.75,0,0001,100877.75
2020-01-01 21:00:00,-43.75,172.75,0,0001,100843.31
2020-01-01 22:00:00,-43.75,172.75,0,0001,100793.31
2020-01-01 23:00:00,-43.75,172.75,0,0001,100697.5
2020-01-02 00:00:00,-43.75,172.75,0,0001,100628.625
2020-01-02 01:00:00,-43.75,172.75,0,0001,100550.75
2020-01-02 02:00:00,-43.75,172.75,0,0001,100471.19
2020-01-02 03:00:00,-43.75,172.75,0,0001,100430.625
2020-01-02 04:00:00,-43.75,172.75,0,0001,100426.375
2020-01-02 05:00:00,-43.75,172.75,0,0001,100385.94
2020-01-02 06:00:00,-43.75,172.75,0,0001,100436.94
2020-01-02 07:00:00,-43.75,172.75,0,0001,100479.75
2020-01-02 08:00:00,-43.75,172.75,0,0001,100568.94
2020-01-02 09:00:00,-43.75,172.75,0,0001,100608.375
2020-01-02 10:00:00,-43.75,172.75,0,0001,100598.44
2020-01-02 11:00:00,-43.75,172.75,0,0001,100558.06
2020-01-02 12:00:00,-43.75,172.75,0,0001,100487.44
2020-01-02 13:00:00,-43.75,172.75,0,0001,100392.81
2020-01-02 14:00:00,-43.75,172.75,0,0001,100345.69
2020-01-02 15:00:00,-43.75,172.75,0,0001,100279.0
2020-01-02 16:00:00,-43.75,172.75,0,0001,100275.31
2020-01-02 17:00:00,-43.75,172.75,0,0001,100284.94
2020-01-02 18:00:00,-43.75,172.75,0,0001,100298.69
2020-01-02 19:00:00,-43.75,172.75,0,0001,100340.875
2020-01-02 20:00:00,-43.75,172.75,0,0001,100384.0
2020-01-02 21:00:00,-43.75,172.75,0,0001,100433.375
2020-01-02 22:00:00,-43.75,172.75,0,0001,100517.56
2020-01-02 23:00:00,-43.75,172.75,0,0001,100527.625
2020-01-03 00:00:00,-43.75,172.75,0,0001,100463.19
2020-01-03 01:00:00,-43.75,172.75,0,0001,100466.31
2020-01-03 02:00:00,-43.75,172.75,0,0001,100391.06
2020-01-03 03:00:00,-43.75,172.75,0,0001,100363.19
2020-01-03 04:00:00,-43.75,172.75,0,0001,100304.19
2020-01-03 05:00:00,-43.75,172.75,0,0001,100282.69
2020-01-03 06:00:00,-43.75,172.75,0,0001,100267.06
2020-01-03 07:00:00,-43.75,172.75,0,0001,100251.5
2020-01-03 08:00:00,-43.75,172.75,0,0001,100280.875
2020-01-03 09:00:00,-43.75,172.75,0,0001,100351.44
2020-01-03 10:00:00,-43.75,172.75,0,0001,100347.56
2020-01-03 11:00:00,-43.75,172.75,0,0001,100328.5
2020-01-03 12:00:00,-43.75,172.75,0,0001,100347.625
2020-01-03 13:00:00,-43.75,172.75,0,0001,100350.56
2020-01-03 14:00:00,-43.75,172.75,0,0001,100346.31
2020-01-03 15:00:00,-43.75,172.75,0,0001,100362.0
2020-01-03 16:00:00,-43.75,172.75,0,0001,100424.94
2020-01-03 17:00:00,-43.75,172.75,0,0001,100471.625
2020-01-03 18:00:00,-43.75,172.75,0,0001,100524.56
2020-01-03 19:00:00,-43.75,172.75,0,0001,100566.69
2020-01-03 20:00:00,-43.75,172.75,0,0001,100622.81
2020-01-03 21:00:00,-43.75,172.75,0,0001,100691.56
2020-01-03 22:00:00,-43.75,172.75,0,0001,100706.125
2020-01-03 23:00:00,-43.75,172.75,0,0001,100705.25
2020-01-04 00:00:00,-43.75,172.75,0,0001,100704.56
2020-01-04 01:00:00,-43.75,172.75,0,0001,100654.44
2020-01-04 02:00:00,-43.75,172.75,0,0001,100647.56
2020-01-04 03:00:00,-43.75,172.75,0,0001,100680.625
2020-01-04 04:00:00,-43.75,172.75,0,0001,100683.06
2020-01-04 05:00:00,-43.75,172.75,0,0001,100709.0
2020-01-04 06:00:00,-43.75,172.75,0,0001,100763.06
2020-01-04 07:00:00,-43.75,172.75,0,0001,100839.94
2020-01-04 08:00:00,-43.75,172.75,0,0001,100922.375
2020-01-04 09:00:00,-43.75,172.75,0,0001,100991.0
2020-01-04 10:00:00,-43.75,172.75,0,0001,101031.375
2020-01-04 11:00:00,-43.75,172.75,0,0001,100946.75
2020-01-04 12:00:00,-43.75,172.75,0,0001,100879.75
2020-01-04 13:00:00,-43.75,172.75,0,0001,100841.125
2020-01-04 14:00:00,-43.75,172.75,0,0001,100698.0
2020-01-04 15:00:00,-43.75,172.75,0,0001,100620.75
2020-01-04 16:00:00,-43.75,172.75,0,0001,100550.44
2020-01-04 17:00:00,-43.75,172.75,0,0001,100521.375
2020-01-04 18:00:00,-43.75,172.75,0,0001,100464.06
2020-01-04 19:00:00,-43.75,172.75,0,0001,100336.875
2020-01-04 20:00:00,-43.75,172.75,0,0001,100162.875
2020-01-04 21:00:00,-43.75,172.75,0,0001,99979.06
2020-01-04 22:00:00,-43.75,172.75,0,0001,99800.0
2020-01-04 23:00:00,-43.75,172.75,0,0001,99699.44
2020-01-05 00:00:00,-43.75,172.75,0,0001,99595.5
2020-01-05 01:00:00,-43.75,172.75,0,0001,99591.125
2020-01-05 02:00:00,-43.75,172.75,0,0001,99526.375
2020-01-05 03:00:00,-43.75,172.75,0,0001,99442.69
2020-01-05 04:00:00,-43.75,172.75,0,0001,99419.69
2020-01-05 05:00:00,-43.75,172.75,0,0001,99384.56
2020-01-05 06:00:00,-43.75,172.75,0,0001,99439.94
2020-01-05 07:00:00,-43.75,172.75,0,0001,99570.69
2020-01-05 08:00:00,-43.75,172.75,0,0001,99711.44
2020-01-05 09:00:00,-43.75,172.75,0,0001,99796.56
2020-01-05 10:00:00,-43.75,172.75,0,0001,99938.94
2020-01-05 11:00:00,-43.75,172.75,0,0001,99918.75
2020-01-05 12:00:00,-43.75,172.75,0,0001,99864.75
2020-01-05 13:00:00,-43.75,172.75,0,0001,99794.375
2020-01-05 14:00:00,-43.75,172.75,0,0001,99673.81
2020-01-05 15:00:00,-43.75,172.75,0,0001,99661.44
2020-01-05 16:00:00,-43.75,172.75,0,0001,99651.25
2020-01-05 17:00:00,-43.75,172.75,0,0001,99665.31
2020-01-05 18:00:00,-43.75,172.75,0,0001,99619.94
2020-01-05 19:00:00,-43.75,172.75,0,0001,99611.31
2020-01-05 20:00:00,-43.75,172.75,0,0001,99593.875
2020-01-05 21:00:00,-43.75,172.75,0,0001,99559.44
2020-01-05 22:00:00,-43.75,172.75,0,0001,99590.5
2020-01-05 23:00:00,-43.75,172.75,0,0001,99532.06
2020-01-06 00:00:00,-43.75,172.75,0,0001,99530.75
2020-01-06 01:00:00,-43.75,172.75,0,0001,99514.375
2020-01-06 02:00:00,-43.75,172.75,0,0001,99564.56
2020-01-06 03:00:00,-43.75,172.75,0,0001,99664.375
2020-01-06 04:00:00,-43.75,172.75,0,0001,99662.06
2020-01-06 05:00:00,-43.75,172.75,0,0001,99672.625
2020-01-06 06:00:00,-43.75,172.75,0,0001,99655.44
2020-01-06 07:00:00,-43.75,172.75,0,0001,99748.125
2020-01-06 08:00:00,-43.75,172.75,0,0001,99820.25
2020-01-06 09:00:00,-43.75,172.75,0,0001,99920.75
2020-01-06 10:00:00,-43.75,172.75,0,0001,100080.81
2020-01-06 11:00:00,-43.75,172.75,0,0001,100140.69
2020-01-06 12:00:00,-43.75,172.75,0,0001,100174.0
2020-01-06 13:00:00,-43.75,172.75,0,0001,100212.81
2020-01-06 14:00:00,-43.75,172.75,0,0001,100272.625
2020-01-06 15:00:00,-43.75,172.75,0,0001,100333.31
2020-01-06 16:00:00,-43.75,172.75,0,0001,100423.69
2020-01-06 17:00:00,-43.75,172.75,0,0001,100533.875
2020-01-06 18:00:00,-43.75,172.75,0,0001,100633.25
2020-01-06 19:00:00,-43.75,172.75,0,0001,100727.0
2020-01-06 20:00:00,-43.75,172.75,0,0001,100841.875
2020-01-06 21:00:00,-43.75,172.75,0,0001,100940.5
2020-01-06 22:00:00,-43.75,172.75,0,0001,101012.06
2020-01-06 23:00:00,-43.75,172.75,0,0001,101022.875
2020-01-07 00:00:00,-43.75,172.75,0,0001,101069.44
2020-01-07 01:00:00,-43.75,172.75,0,0001,101086.25
2020-01-07 02:00:00,-43.75,172.75,0,0001,101137.44
2020-01-07 03:00:00,-43.75,172.75,0,0001,101165.94
2020-01-07 04:00:00,-43.75,172.75,0,0001,101161.125
2020-01-07 05:00:00,-43.75,172.75,0,0001,101193.31
2020-01-07 06:00:00,-43.75,172.75,0,0001,101205.44
2020-01-07 07:00:00,-43.75,172.75,0,0001,101274.81
2020-01-07 08:00:00,-43.75,172.75,0,0001,101355.81
2020-01-07 09:00:00,-43.75,172.75,0,0001,101441.94
2020-01-07 10:00:00,-43.75,172.75,0,0001,101492.875
2020-01-07 11:00:00,-43.75,172.75,0,0001,101506.81
2020-01-07 12:00:00,-43.75,172.75,0,0001,101569.56
2020-01-07 13:00:00,-43.75,172.75,0,0001,101535.31
2020-01-07 14:00:00,-43.75,172.75,0,0001,101537.375
2020-01-07 15:00:00,-43.75,172.75,0,0001,101534.44
2020-01-07 16:00:00,-43.75,172.75,0,0001,101573.94
2020-01-07 17:00:00,-43.75,172.75,0,0001,101597.06
2020-01-07 18:00:00,-43.75,172.75,0,0001,101647.625
2020-01-07 19:00:00,-43.75,172.75,0,0001,101679.44
2020-01-07 20:00:00,-43.75,172.75,0,0001,101713.06
2020-01-07 21:00:00,-43.75,172.75,0,0001,101745.875
2020-01-07 22:00:00,-43.75,172.75,0,0001,101715.19
2020-01-07 23:00:00,-43.75,172.75,0,0001,101721.31
2020-01-08 00:00:00,-43.75,172.75,0,0001,101705.75
2020-01-08 01:00:00,-43.75,172.75,0,0001,101682.5
2020-01-08 02:00:00,-43.75,172.75,0,0001,101627.625
2020-01-08 03:00:00,-43.75,172.75,0,0001,101558.875
2020-01-08 04:00:00,-43.75,172.75,0,0001,101545.81
2020-01-08 05:00:00,-43.75,172.75,0,0001,101506.125
2020-01-08 06:00:00,-43.75,172.75,0,0001,101507.19
2020-01-08 07:00:00,-43.75,172.75,0,0001,101516.94
2020-01-08 08:00:00,-43.75,172.75,0,0001,101528.5
2020-01-08 09:00:00,-43.75,172.75,0,0001,101572.0
2020-01-08 10:00:00,-43.75,172.75,0,0001,101531.0
2020-01-08 11:00:00,-43.75,172.75,0,0001,101465.25
2020-01-08 12:00:00,-43.75,172.75,0,0001,101440.875
2020-01-08 13:00:00,-43.75,172.75,0,0001,101401.625
2020-01-08 14:00:00,-43.75,172.75,0,0001,101338.69
2020-01-08 15:00:00,-43.75,172.75,0,0001,101287.875
2020-01-08 16:00:00,-43.75,172.75,0,0001,101294.56
2020-01-08 17:00:00,-43.75,172.75,0,0001,101298.25
2020-01-08 18:00:00,-43.75,172.75,0,0001,101349.25
2020-01-08 19:00:00,-43.75,172.75,0,0001,101386.875
2020-01-08 20:00:00,-43.75,172.75,0,0001,101406.75
2020-01-08 21:00:00,-43.75,172.75,0,0001,101454.75
2020-01-08 22:00:00,-43.75,172.75,0,0001,101426.5
2020-01-08 23:00:00,-43.75,172.75,0,0001,101419.25
2020-01-09 00:00:00,-43.75,172.75,0,0001,101462.94
2020-01-09 01:00:00,-43.75,172.75,0,0001,101480.125
2020-01-09 02:00:00,-43.75,172.75,0,0001,101516.5
2020-01-09 03:00:00,-43.75,172.75,0,0001,101529.06
2020-01-09 04:00:00,-43.75,172.75,0,0001,101539.375
2020-01-09 05:00:00,-43.75,172.75,0,0001,101528.875
2020-01-09 06:00:00,-43.75,172.75,0,0001,101581.375
2020-01-09 07:00:00,-43.75,172.75,0,0001,101578.875
2020-01-09 08:00:00,-43.75,172.75,0,0001,101625.0
2020-01-09 09:00:00,-43.75,172.75,0,0001,101680.19
2020-01-09 10:00:00,-43.75,172.75,0,0001,101763.875
2020-01-09 11:00:00,-43.75,172.75,0,0001,101729.81
2020-01-09 12:00:00,-43.75,172.75,0,0001,101798.375
2020-01-09 13:00:00,-43.75,172.75,0,0001,101833.31
2020-01-09 14:00:00,-43.75,172.75,0,0001,101827.625
2020-01-09 15:00:00,-43.75,172.75,0,0001,101769.19
2020-01-09 16:00:00,-43.75,172.75,0,0001,101764.25
2020-01-09 17:00:00,-43.75,172.75,0,0001,101780.125
2020-01-09 18:00:00,-43.75,172.75,0,0001,101850.19
2020-01-09 19:00:00,-43.75,172.75,0,0001,101885.625
2020-01-09 20:00:00,-43.75,172.75,0,0001,101898.19
2020-01-09 21:00:00,-43.75,172.75,0,0001,101868.06
2020-01-09 22:00:00,-43.75,172.75,0,0001,101870.0
2020-01-09 23:00:00,-43.75,172.75,0,0001,101846.44
2020-01-10 00:00:00,-43.75,172.75,0,0001,101795.69
2020-01-10 01:00:00,-43.75,172.75,0,0001,101794.375
2020-01-10 02:00:00,-43.75,172.75,0,0001,101767.69
2020-01-10 03:00:00,-43.75,172.75,0,0001,101791.31
2020-01-10 04:00:00,-43.75,172.75,0,0001,101745.56
2020-01-10 05:00:00,-43.75,172.75,0,0001,101747.94
2020-01-10 06:00:00,-43.75,172.75,0,0001,101787.06
2020-01-10 07:00:00,-43.75,172.75,0,0001,101786.06
2020-01-10 08:00:00,-43.75,172.75,0,0001,101876.625
2020-01-10 09:00:00,-43.75,172.75,0,0001,101867.75
2020-01-10 10:00:00,-43.75,172.75,0,0001,101902.69
2020-01-10 11:00:00,-43.75,172.75,0,0001,101804.19
2020-01-10 12:00:00,-43.75,172.75,0,0001,101772.56
2020-01-10 13:00:00,-43.75,172.75,0,0001,101658.31
2020-01-10 14:00:00,-43.75,172.75,0,0001,101571.94
2020-01-10 15:00:00,-43.75,172.75,0,0001,101466.94
2020-01-10 16:00:00,-43.75,172.75,0,0001,101405.19
2020-01-10 17:00:00,-43.75,172.75,0,0001,101336.375
2020-01-10 18:00:00,-43.75,172.75,0,0001,101268.375
2020-01-10 19:00:00,-43.75,172.75,0,0001,101193.06
2020-01-10 20:00:00,-43.75,172.75,0,0001,101140.0
2020-01-10 21:00:00,-43.75,172.75,0,0001,101080.375
2020-01-10 22:00:00,-43.75,172.75,0,0001,100952.94
2020-01-10 23:00:00,-43.75,172.75,0,0001,100819.19
2020-01-11 00:00:00,-43.75,172.75,0,0001,100746.81
2020-01-11 01:00:00,-43.75,172.75,0,0001,100690.69
2020-01-11 02:00:00,-43.75,172.75,0,0001,100628.125
2020-01-11 03:00:00,-43.75,172.75,0,0001,100619.06
2020-01-11 04:00:00,-43.75,172.75,0,0001,100553.06
2020-01-11 05:00:00,-43.75,172.75,0,0001,100522.625
2020-01-11 06:00:00,-43.75,172.75,0,0001,100493.25
2020-01-11 07:00:00,-43.75,172.75,0,0001,100506.5
2020-01-11 08:00:00,-43.75,172.75,0,0001,100550.06
2020-01-11 09:00:00,-43.75,172.75,0,0001,100589.125
2020-01-11 10:00:00,-43.75,172.75,0,0001,100611.0
2020-01-11 11:00:00,-43.75,172.75,0,0001,100578.94
2020-01-11 12:00:00,-43.75,172.75,0,0001,100544.06
2020-01-11 13:00:00,-43.75,172.75,0,0001,100506.81
2020-01-11 14:00:00,-43.75,172.75,0,0001,100446.19
2020-01-11 15:00:00,-43.75,172.75,0,0001,100401.06
2020-01-11 16:00:00,-43.75,172.75,0,0001,100388.44
2020-01-11 17:00:00,-43.75,172.75,0,0001,100438.94
2020-01-11 18:00:00,-43.75,172.75,0,0001,100453.0
2020-01-11 19:00:00,-43.75,172.75,0,0001,100526.81
2020-01-11 20:00:00,-43.75,172.75,0,0001,100565.44
2020-01-11 21:00:00,-43.75,172.75,0,0001,100583.19
2020-01-11 22:00:00,-43.75,172.75,0,0001,100484.5
2020-01-11 23:00:00,-43.75,172.75,0,0001,100426.5
2020-01-12 00:00:00,-43.75,172.75,0,0001,100394.375
2020-01-12 01:00:00,-43.75,172.75,0,0001,100379.75
2020-01-12 02:00:00,-43.75,172.75,0,0001,100396.375
2020-01-12 03:00:00,-43.75,172.75,0,0001,100437.75
2020-01-12 04:00:00,-43.75,172.75,0,0001,100464.06
2020-01-12 05:00:00,-43.75,172.75,0,0001,100461.56
2020-01-12 06:00:00,-43.75,172.75,0,0001,100511.75
2020-01-12 07:00:00,-43.75,172.75,0,0001,100606.44
2020-01-12 08:00:00,-43.75,172.75,0,0001,100759.31
2020-01-12 09:00:00,-43.75,172.75,0,0001,100893.94
2020-01-12 10:00:00,-43.75,172.75,0,0001,101096.625
2020-01-12 11:00:00,-43.75,172.75,0,0001,101197.0
2020-01-12 12:00:00,-43.75,172.75,0,0001,101340.0
2020-01-12 13:00:00,-43.75,172.75,0,0001,101417.0
2020-01-12 14:00:00,-43.75,172.75,0,0001,101466.69
2020-01-12 15:00:00,-43.75,172.75,0,0001,101504.44
2020-01-12 16:00:00,-43.75,172.75,0,0001,101543.625
2020-01-12 17:00:00,-43.75,172.75,0,0001,101610.875
2020-01-12 18:00:00,-43.75,172.75,0,0001,101691.625
2020-01-12 19:00:00,-43.75,172.75,0,0001,101783.875
2020-01-12 20:00:00,-43.75,172.75,0,0001,101871.0
2020-01-12 21:00:00,-43.75,172.75,0,0001,101936.94
2020-01-12 22:00:00,-43.75,172.75,0,0001,101995.19
2020-01-12 23:00:00,-43.75,172.75,0,0001,102028.0
2020-01-13 00:00:00,-43.75,172.75,0,0001,102098.375
2020-01-13 01:00:00,-43.75,172.75,0,0001,102160.75
2020-01-13 02:00:00,-43.75,172.75,0,0001,102204.31
2020-01-13 03:00:00,-43.75,172.75,0,0001,102246.56
2020-01-13 04:00:00,-43.75,172.75,0,0001,102249.0
2020-01-13 05:00:00,-43.75,172.75,0,0001,102286.69
2020-01-13 06:00:00,-43.75,172.75,0,0001,102353.69
2020-01-13 07:00:00,-43.75,172.75,0,0001,102411.81
2020-01-13 08:00:00,-43.75,172.75,0,0001,102523.375
2020-01-13 09:00:00,-43.75,172.75,0,0001,102582.06
2020-01-13 10:00:00,-43.75,172.75,0,0001,102590.375
2020-01-13 11:00:00,-43.75,172.75,0,0001,102627.94
2020-01-13 12:00:00,-43.75,172.75,0,0001,102633.375
2020-01-13 13:00:00,-43.75,172.75,0,0001,102644.44
2020-01-13 14:00:00,-43.75,172.75,0,0001,102636.5
2020-01-13 15:00:00,-43.75,172.75,0,0001,102622.19
2020-01-13 16:00:00,-43.75,172.75,0,0001,102659.25
2020-01-13 17:00:00,-43.75,172.75,0,0001,102661.94
2020-01-13 18:00:00,-43.75,172.75,0,0001,102707.0
2020-01-13 19:00:00,-43.75,172.75,0,0001,102709.06
2020-01-13 20:00:00,-43.75,172.75,0,0001,102744.375
2020-01-13 21:00:00,-43.75,172.75,0,0001,102742.06
2020-01-13 22:00:00,-43.75,172.75,0,0001,102674.875
2020-01-13 23:00:00,-43.75,172.75,0,0001,102660.69
2020-01-14 00:00:00,-43.75,172.75,0,0001,102668.44
2020-01-14 01:00:00,-43.75,172.75,0,0001,102616.5
2020-01-14 02:00:00,-43.75,172.75,0,0001,102579.375
2020-01-14 03:00:00,-43.75,172.75,0,0001,102522.5
2020-01-14 04:00:00,-43.75,172.75,0,0001,102472.875
2020-01-14 05:00:00,-43.75,172.75,0,0001,102427.875
2020-01-14 06:00:00,-43.75,172.75,0,0001,102430.69
2020-01-14 07:00:00,-43.75,172.75,0,0001,102454.31
2020-01-14 08:00:00,-43.75,172.75,0,0001,102495.19
2020-01-14 09:00:00,-43.75,172.75,0,0001,102565.69
2020-01-14 10:00:00,-43.75,172.75,0,0001,102534.0
2020-01-14 11:00:00,-43.75,172.75,0,0001,102535.06
2020-01-14 12:00:00,-43.75,172.75,0,0001,102532.5
2020-01-14 13:00:00,-43.75,172.75,0,0001,102530.81
2020-01-14 14:00:00,-43.75,172.75,0,0001,102523.75
2020-01-14 15:00:00,-43.75,172.75,0,0001,102500.5
2020-01-14 16:00:00,-43.75,172.75,0,0001,102499.875
2020-01-14 17:00:00,-43.75,172.75,0,0001,102503.44
2020-01-14 18:00:00,-43.75,172.75,0,0001,102520.75
2020-01-14 19:00:00,-43.75,172.75,0,0001,102506.31
2020-01-14 20:00:00,-43.75,172.75,0,0001,102554.5
2020-01-14 21:00:00,-43.75,172.75,0,0001,102540.625
2020-01-14 22:00:00,-43.75,172.75,0,0001,102547.44
2020-01-14 23:00:00,-43.75,172.75,0,0001,102496.81
2020-01-15 00:00:00,-43.75,172.75,0,0001,102490.0
2020-01-15 01:00:00,-43.75,172.75,0,0001,102503.0
2020-01-15 02:00:00,-43.75,172.75,0,0001,102486.81
2020-01-15 03:00:00,-43.75,172.75,0,0001,102487.0
2020-01-15 04:00:00,-43.75,172.75,0,0001,102468.375
2020-01-15 05:00:00,-43.75,172.75,0,0001,102466.94
2020-01-15 06:00:00,-43.75,172.75,0,0001,102494.56
2020-01-15 07:00:00,-43.75,172.75,0,0001,102496.06
2020-01-15 08:00:00,-43.75,172.75,0,0001,102545.94
2020-01-15 09:00:00,-43.75,172.75,0,0001,102588.5
2020-01-15 10:00:00,-43.75,172.75,0,0001,102600.625
2020-01-15 11:00:00,-43.75,172.75,0,0001,102577.625
2020-01-15 12:00:00,-43.75,172.75,0,0001,102571.875
2020-01-15 13:00:00,-43.75,172.75,0,0001,102571.19
2020-01-15 14:00:00,-43.75,172.75,0,0001,102528.875
2020-01-15 15:00:00,-43.75,172.75,0,0001,102496.25
2020-01-15 16:00:00,-43.75,172.75,0,0001,102479.06
2020-01-15 17:00:00,-43.75,172.75,0,0001,102527.0
2020-01-15 18:00:00,-43.75,172.75,0,0001,102521.625
2020-01-15 19:00:00,-43.75,172.75,0,0001,102566.81
2020-01-15 20:00:00,-43.75,172.75,0,0001,102545.44
2020-01-15 21:00:00,-43.75,172.75,0,0001,102553.31
2020-01-15 22:00:00,-43.75,172.75,0,0001,102495.44
2020-01-15 23:00:00,-43.75,172.75,0,0001,102490.0
2020-01-16 00:00:00,-43.75,172.75,0,0001,102453.0
2020-01-16 01:00:00,-43.75,172.75,0,0001,102424.5
2020-01-16 02:00:00,-43.75,172.75,0,0001,102395.5
2020-01-16 03:00:00,-43.75,172.75,0,0001,102364.94
2020-01-16 04:00:00,-43.75,172.75,0,0001,102325.56
2020-01-16 05:00:00,-43.75,172.75,0,0001,102299.875
2020-01-16 06:00:00,-43.75,172.75,0,0001,102316.875
2020-01-16 07:00:00,-43.75,172.75,0,0001,102307.81
2020-01-16 08:00:00,-43.75,172.75,0,0001,102358.56
2020-01-16 09:00:00,-43.75,172.75,0,0001,102398.19
2020-01-16 10:00:00,-43.75,172.75,0,0001,102370.94
2020-01-16 11:00:00,-43.75,172.75,0,0001,102334.19
2020-01-16 12:00:00,-43.75,172.75,0,0001,102352.875
2020-01-16 13:00:00,-43.75,172.75,0,0001,102328.56
2020-01-16 14:00:00,-43.75,172.75,0,0001,102285.31
2020-01-16 15:00:00,-43.75,172.75,0,0001,102266.94
2020-01-16 16:00:00,-43.75,172.75,0,0001,102259.56
2020-01-16 17:00:00,-43.75,172.75,0,0001,102258.31
2020-01-16 18:00:00,-43.75,172.75,0,0001,102291.19
2020-01-16 19:00:00,-43.75,172.75,0,0001,102280.5
2020-01-16 20:00:00,-43.75,172.75,0,0001,102324.375
2020-01-16 21:00:00,-43.75,172.75,0,0001,102305.81
2020-01-16 22:00:00,-43.75,172.75,0,0001,102306.0
2020-01-16 23:00:00,-43.75,172.75,0,0001,102266.94
2020-01-17 00:00:00,-43.75,172.75,0,0001,102263.69
2020-01-17 01:00:00,-43.75,172.75,0,0001,102195.44
2020-01-17 02:00:00,-43.75,172.75,0,0001,102189.0
2020-01-17 03:00:00,-43.75,172.75,0,0001,102165.25
2020-01-17 04:00:00,-43.75,172.75,0,0001,102101.31
2020-01-17 05:00:00,-43.75,172.75,0,0001,102107.56
2020-01-17 06:00:00,-43.75,172.75,0,0001,102084.0
2020-01-17 07:00:00,-43.75,172.75,0,0001,102085.875
2020-01-17 08:00:00,-43.75,172.75,0,0001,102150.94
2020-01-17 09:00:00,-43.75,172.75,0,0001,102185.56
2020-01-17 10:00:00,-43.75,172.75,0,0001,102211.06
2020-01-17 11:00:00,-43.75,172.75,0,0001,102222.69
2020-01-17 12:00:00,-43.75,172.75,0,0001,102232.625
2020-01-17 13:00:00,-43.75,172.75,0,0001,102200.69
2020-01-17 14:00:00,-43.75,172.75,0,0001,102196.5
2020-01-17 15:00:00,-43.75,172.75,0,0001,102143.375
2020-01-17 16:00:00,-43.75,172.75,0,0001,102133.56
2020-01-17 17:00:00,-43.75,172.75,0,0001,102146.125
2020-01-17 18:00:00,-43.75,172.75,0,0001,102161.0
2020-01-17 19:00:00,-43.75,172.75,0,0001,102131.25
2020-01-17 20:00:00,-43.75,172.75,0,0001,102116.94
2020-01-17 21:00:00,-43.75,172.75,0,0001,102119.875
2020-01-17 22:00:00,-43.75,172.75,0,0001,102096.875
2020-01-17 23:00:00,-43.75,172.75,0,0001,102103.125
2020-01-18 00:00:00,-43.75,172.75,0,0001,102035.875
2020-01-18 01:00:00,-43.75,172.75,0,0001,101989.75
2020-01-18 02:00:00,-43.75,172.75,0,0001,101939.75
2020-01-18 03:00:00,-43.75,172.75,0,0001,101950.0
2020-01-18 04:00:00,-43.75,172.75,0,0001,101920.5
2020-01-18 05:00:00,-43.75,172.75,0,0001,101910.375
2020-01-18 06:00:00,-43.75,172.75,0,0001,101889.625
2020-01-18 07:00:00,-43.75,172.75,0,0001,101930.625
2020-01-18 08:00:00,-43.75,172.75,0,0001,101989.81
2020-01-18 09:00:00,-43.75,172.75,0,0001,102031.5
2020-01-18 10:00:00,-43.75,172.75,0,0001,102024.5
2020-01-18 11:00:00,-43.75,172.75,0,0001,101994.44
2020-01-18 12:00:00,-43.75,172.75,0,0001,102013.25
2020-01-18 13:00:00,-43.75,172.75,0,0001,101991.625
2020-01-18 14:00:00,-43.75,172.75,0,0001,101967.44
2020-01-18 15:00:00,-43.75,172.75,0,0001,101980.06
2020-01-18 16:00:00,-43.75,172.75,0,0001,101961.5
2020-01-18 17:00:00,-43.75,172.75,0,0001,101967.69
2020-01-18 18:00:00,-43.75,172.75,0,0001,102019.19
2020-01-18 19:00:00,-43.75,172.75,0,0001,101992.81
2020-01-18 20:00:00,-43.75,172.75,0,0001,102007.06
2020-01-18 21:00:00,-43.75,172.75,0,0001,101981.56
2020-01-18 22:00:00,-43.75,172.75,0,0001,101962.19
2020-01-18 23:00:00,-43.75,172.75,0,0001,101958.44
2020-01-19 00:00:00,-43.75,172.75,0,0001,101887.81
2020-01-19 01:00:00,-43.75,172.75,0,0001,101861.75
2020-01-19 02:00:00,-43.75,172.75,0,0001,101822.125
2020-01-19 03:00:00,-43.75,172.75,0,0001,101812.44
2020-01-19 04:00:00,-43.75,172.75,0,0001,101756.125
2020-01-19 05:00:00,-43.75,172.75,0,0001,101762.19
2020-01-19 06:00:00,-43.75,172.75,0,0001,101802.0
2020-01-19 07:00:00,-43.75,172.75,0,0001,101828.875
2020-01-19 08:00:00,-43.75,172.75,0,0001,101883.06
2020-01-19 09:00:00,-43.75,172.75,0,0001,101918.125
2020-01-19 10:00:00,-43.75,172.75,0,0001,101927.44
2020-01-19 11:00:00,-43.75,172.75,0,0001,101930.56
2020-01-19 12:00:00,-43.75,172.75,0,0001,101933.375
2020-01-19 13:00:00,-43.75,172.75,0,0001,101904.31
2020-01-19 14:00:00,-43.75,172.75,0,0001,101910.25
2020-01-19 15:00:00,-43.75,172.75,0,0001,101875.94
2020-01-19 16:00:00,-43.75,172.75,0,0001,101856.69
2020-01-19 17:00:00,-43.75,172.75,0,0001,101899.06
2020-01-19 18:00:00,-43.75,172.75,0,0001,101847.56
2020-01-19 19:00:00,-43.75,172.75,0,0001,101876.125
2020-01-19 20:00:00,-43.75,172.75,0,0001,101827.5
2020-01-19 21:00:00,-43.75,172.75,0,0001,101858.94
2020-01-19 22:00:00,-43.75,172.75,0,0001,101801.31
2020-01-19 23:00:00,-43.75,172.75,0,0001,101748.81
2020-01-20 00:00:00,-43.75,172.75,0,0001,101709.5
2020-01-20 01:00:00,-43.75,172.75,0,0001,101670.56
2020-01-20 02:00:00,-43.75,172.75,0,0001,101607.375
2020-01-20 03:00:00,-43.75,172.75,0,0001,101613.31
2020-01-20 04:00:00,-43.75,172.75,0,0001,101530.56
2020-01-20 05:00:00,-43.75,172.75,0,0001,101549.81
2020-01-20 06:00:00,-43.75,172.75,0,0001,101548.25
2020-01-20 07:00:00,-43.75,172.75,0,0001,101584.625
2020-01-20 08:00:00,-43.75,172.75,0,0001,101638.94
2020-01-20 09:00:00,-43.75,172.75,0,0001,101697.25
2020-01-20 10:00:00,-43.75,172.75,0,0001,101693.375
2020-01-20 11:00:00,-43.75,172.75,0,0001,101716.875
2020-01-20 12:00:00,-43.75,172.75,0,0001,101723.19
2020-01-20 13:00:00,-43.75,172.75,0,0001,101705.5
2020-01-20 14:00:00,-43.75,172.75,0,0001,101702.81
2020-01-20 15:00:00,-43.75,172.75,0,0001,101688.125
2020-01-20 16:00:00,-43.75,172.75,0,0001,101676.875
2020-01-20 17:00:00,-43.75,172.75,0,0001,101695.81
2020-01-20 18:00:00,-43.75,172.75,0,0001,101698.06
2020-01-20 19:00:00,-43.75,172.75,0,0001,101712.5
2020-01-20 20:00:00,-43.75,172.75,0,0001,101722.94
2020-01-20 21:00:00,-43.75,172.75,0,0001,101728.31
2020-01-20 22:00:00,-43.75,172.75,0,0001,101713.375
2020-01-20 23:00:00,-43.75,172.75,0,0001,101653.0
2020-01-21 00:00:00,-43.75,172.75,0,0001,101572.31
2020-01-21 01:00:00,-43.75,172.75,0,0001,101564.875
2020-01-21 02:00:00,-43.75,172.75,0,0001,101512.69
2020-01-21 03:00:00,-43.75,172.75,0,0001,101451.19
2020-01-21 04:00:00,-43.75,172.75,0,0001,101391.25
2020-01-21 05:00:00,-43.75,172.75,0,0001,101384.56
2020-01-21 06:00:00,-43.75,172.75,0,0001,101425.375
2020-01-21 07:00:00,-43.75,172.75,0,0001,101436.875
2020-01-21 08:00:00,-43.75,172.75,0,0001,101457.125
2020-01-21 09:00:00,-43.75,172.75,0,0001,101508.56
2020-01-21 10:00:00,-43.75,172.75,0,0001,101496.19
2020-01-21 11:00:00,-43.75,172.75,0,0001,101530.31
2020-01-21 12:00:00,-43.75,172.75,0,0001,101458.94
2020-01-21 13:00:00,-43.75,172.75,0,0001,101431.94
2020-01-21 14:00:00,-43.75,172.75,0,0001,101349.125
2020-01-21 15:00:00,-43.75,172.75,0,0001,101305.0
2020-01-21 16:00:00,-43.75,172.75,0,0001,101290.25
2020-01-21 17:00:00,-43.75,172.75,0,0001,101237.375
2020-01-21 18:00:00,-43.75,172.75,0,0001,101270.94
2020-01-21 19:00:00,-43.75,172.75,0,0001,101285.75
2020-01-21 20:00:00,-43.75,172.75,0,0001,101289.125
2020-01-21 21:00:00,-43.75,172.75,0,0001,101292.44
2020-01-21 22:00:00,-43.75,172.75,0,0001,101248.25
2020-01-21 23:00:00,-43.75,172.75,0,0001,101254.875
2020-01-22 00:00:00,-43.75,172.75,0,0001,101225.06
2020-01-22 01:00:00,-43.75,172.75,0,0001,101175.875
2020-01-22 02:00:00,-43.75,172.75,0,0001,101089.5
2020-01-22 03:00:00,-43.75,172.75,0,0001,101056.81
2020-01-22 04:00:00,-43.75,172.75,0,0001,101012.0
2020-01-22 05:00:00,-43.75,172.75,0,0001,100946.56
2020-01-22 06:00:00,-43.75,172.75,0,0001,100941.81
2020-01-22 07:00:00,-43.75,172.75,0,0001,100940.125
2020-01-22 08:00:00,-43.75,172.75,0,0001,100974.125
2020-01-22 09:00:00,-43.75,172.75,0,0001,101027.125
2020-01-22 10:00:00,-43.75,172.75,0,0001,101092.125
2020-01-22 11:00:00,-43.75,172.75,0,0001,101084.44
2020-01-22 12:00:00,-43.75,172.75,0,0001,101055.625
2020-01-22 13:00:00,-43.75,172.75,0,0001,101052.375
2020-01-22 14:00:00,-43.75,172.75,0,0001,101063.25
2020-01-22 15:00:00,-43.75,172.75,0,0001,101041.875
2020-01-22 16:00:00,-43.75,172.75,0,0001,101082.56
2020-01-22 17:00:00,-43.75,172.75,0,0001,101078.875
2020-01-22 18:00:00,-43.75,172.75,0,0001,101130.94
2020-01-22 19:00:00,-43.75,172.75,0,0001,101160.875
2020-01-22 20:00:00,-43.75,172.75,0,0001,101252.375
2020-01-22 21:00:00,-43.75,172.75,0,0001,101283.19
2020-01-22 22:00:00,-43.75,172.75,0,0001,101315.25
2020-01-22 23:00:00,-43.75,172.75,0,0001,101371.19
2020-01-23 00:00:00,-43.75,172.75,0,0001,101435.625
2020-01-23 01:00:00,-43.75,172.75,0,0001,101471.75
2020-01-23 02:00:00,-43.75,172.75,0,0001,101479.56
2020-01-23 03:00:00,-43.75,172.75,0,0001,101478.75
2020-01-23 04:00:00,-43.75,172.75,0,0001,101481.69
2020-01-23 05:00:00,-43.75,172.75,0,0001,101508.81
2020-01-23 06:00:00,-43.75,172.75,0,0001,101524.19
2020-01-23 07:00:00,-43.75,172.75,0,0001,101563.75
2020-01-23 08:00:00,-43.75,172.75,0,0001,101635.69
2020-01-23 09:00:00,-43.75,172.75,0,0001,101730.94
2020-01-23 10:00:00,-43.75,172.75,0,0001,101777.94
2020-01-23 11:00:00,-43.75,172.75,0,0001,101737.875
2020-01-23 12:00:00,-43.75,172.75,0,0001,101750.75
2020-01-23 13:00:00,-43.75,172.75,0,0001,101761.375
2020-01-23 14:00:00,-43.75,172.75,0,0001,101725.5
2020-01-23 15:00:00,-43.75,172.75,0,0001,101696.75
2020-01-23 16:00:00,-43.75,172.75,0,0001,101668.25
2020-01-23 17:00:00,-43.75,172.75,0,0001,101661.375
2020-01-23 18:00:00,-43.75,172.75,0,0001,101643.625
2020-01-23 19:00:00,-43.75,172.75,0,0001,101653.5
2020-01-23 20:00:00,-43.75,172.75,0,0001,101661.44
2020-01-23 21:00:00,-43.75,172.75,0,0001,101634.69
2020-01-23 22:00:00,-43.75,172.75,0,0001,101625.375
2020-01-23 23:00:00,-43.75,172.75,0,0001,101589.875
2020-01-24 00:00:00,-43.75,172.75,0,0001,101522.06
2020-01-24 01:00:00,-43.75,172.75,0,0001,101471.25
2020-01-24 02:00:00,-43.75,172.75,0,0001,101409.375
2020-01-24 03:00:00,-43.75,172.75,0,0001,101346.375
2020-01-24 04:00:00,-43.75,172.75,0,0001,101268.75
2020-01-24 05:00:00,-43.75,172.75,0,0001,101251.375
2020-01-24 06:00:00,-43.75,172.75,0,0001,101252.56
2020-01-24 07:00:00,-43.75,172.75,0,0001,101300.5
2020-01-24 08:00:00,-43.75,172.75,0,0001,101287.375
2020-01-24 09:00:00,-43.75,172.75,0,0001,101336.44
2020-01-24 10:00:00,-43.75,172.75,0,0001,101347.375
2020-01-24 11:00:00,-43.75,172.75,0,0001,101328.625
2020-01-24 12:00:00,-43.75,172.75,0,0001,101318.44
2020-01-24 13:00:00,-43.75,172.75,0,0001,101258.81
2020-01-24 14:00:00,-43.75,172.75,0,0001,101188.06
2020-01-24 15:00:00,-43.75,172.75,0,0001,101155.31
2020-01-24 16:00:00,-43.75,172.75,0,0001,101135.5
2020-01-24 17:00:00,-43.75,172.75,0,0001,101145.625
2020-01-24 18:00:00,-43.75,172.75,0,0001,101160.875
2020-01-24 19:00:00,-43.75,172.75,0,0001,101198.75
2020-01-24 20:00:00,-43.75,172.75,0,0001,101204.94
2020-01-24 21:00:00,-43.75,172.75,0,0001,101222.0
2020-01-24 22:00:00,-43.75,172.75,0,0001,101237.375
2020-01-24 23:00:00,-43.75,172.75,0,0001,101269.69
2020-01-25 00:00:00,-43.75,172.75,0,0001,101205.0
2020-01-25 01:00:00,-43.75,172.75,0,0001,101200.56
2020-01-25 02:00:00,-43.75,172.75,0,0001,101162.0
2020-01-25 03:00:00,-43.75,172.75,0,0001,101147.5
2020-01-25 04:00:00,-43.75,172.75,0,0001,101197.125
2020-01-25 05:00:00,-43.75,172.75,0,0001,101256.0
2020-01-25 06:00:00,-43.75,172.75,0,0001,101369.625
2020-01-25 07:00:00,-43.75,172.75,0,0001,101502.25
2020-01-25 08:00:00,-43.75,172.75,0,0001,101596.69
2020-01-25 09:00:00,-43.75,172.75,0,0001,101709.19
2020-01-25 10:00:00,-43.75,172.75,0,0001,101807.06
2020-01-25 11:00:00,-43.75,172.75,0,0001,101797.81
2020-01-25 12:00:00,-43.75,172.75,0,0001,101838.19
2020-01-25 13:00:00,-43.75,172.75,0,0001,101801.125
2020-01-25 14:00:00,-43.75,172.75,0,0001,101770.375
2020-01-25 15:00:00,-43.75,172.75,0,0001,101758.25
2020-01-25 16:00:00,-43.75,172.75,0,0001,101746.875
2020-01-25 17:00:00,-43.75,172.75,0,0001,101759.44
2020-01-25 18:00:00,-43.75,172.75,0,0001,101801.375
2020-01-25 19:00:00,-43.75,172.75,0,0001,101835.75
2020-01-25 20:00:00,-43.75,172.75,0,0001,101848.06
2020-01-25 21:00:00,-43.75,172.75,0,0001,101866.25
2020-01-25 22:00:00,-43.75,172.75,0,0001,101823.44
2020-01-25 23:00:00,-43.75,172.75,0,0001,101810.81
2020-01-26 00:00:00,-43.75,172.75,0,0001,101745.5
2020-01-26 01:00:00,-43.75,172.75,0,0001,101678.19
2020-01-26 02:00:00,-43.75,172.75,0,0001,101621.25
2020-01-26 03:00:00,-43.75,172.75,0,0001,101567.75
2020-01-26 04:00:00,-43.75,172.75,0,0001,101503.375
2020-01-26 05:00:00,-43.75,172.75,0,0001,101477.75
2020-01-26 06:00:00,-43.75,172.75,0,0001,101448.81
2020-01-26 07:00:00,-43.75,172.75,0,0001,101422.25
2020-01-26 08:00:00,-43.75,172.75,0,0001,101457.44
2020-01-26 09:00:00,-43.75,172.75,0,0001,101501.69
2020-01-26 10:00:00,-43.75,172.75,0,0001,101520.0
2020-01-26 11:00:00,-43.75,172.75,0,0001,101452.69
2020-01-26 12:00:00,-43.75,172.75,0,0001,101453.25
2020-01-26 13:00:00,-43.75,172.75,0,0001,101385.31
2020-01-26 14:00:00,-43.75,172.75,0,0001,101293.44
2020-01-26 15:00:00,-43.75,172.75,0,0001,101236.69
2020-01-26 16:00:00,-43.75,172.75,0,0001,101203.81
2020-01-26 17:00:00,-43.75,172.75,0,0001,101206.94
2020-01-26 18:00:00,-43.75,172.75,0,0001,101192.875
2020-01-26 19:00:00,-43.75,172.75,0,0001,101216.69
2020-01-26 20:00:00,-43.75,172.75,0,0001,101181.875
2020-01-26 21:00:00,-43.75,172.75,0,0001,101143.75
2020-01-26 22:00:00,-43.75,172.75,0,0001,101082.06
2020-01-26 23:00:00,-43.75,172.75,0,0001,101062.125
2020-01-27 00:00:00,-43.75,172.75,0,0001,101008.875
2020-01-27 01:00:00,-43.75,172.75,0,0001,101002.125
2020-01-27 02:00:00,-43.75,172.75,0,0001,100937.625
2020-01-27 03:00:00,-43.75,172.75,0,0001,100916.94
2020-01-27 04:00:00,-43.75,172.75,0,0001,100884.0
2020-01-27 05:00:00,-43.75,172.75,0,0001,100891.69
2020-01-27 06:00:00,-43.75,172.75,0,0001,100894.69
2020-01-27 07:00:00,-43.75,172.75,0,0001,100905.25
2020-01-27 08:00:00,-43.75,172.75,0,0001,100952.94
2020-01-27 09:00:00,-43.75,172.75,0,0001,101018.19
2020-01-27 10:00:00,-43.75,172.75,0,0001,101157.375
2020-01-27 11:00:00,-43.75,172.75,0,0001,101176.81
2020-01-27 12:00:00,-43.75,172.75,0,0001,101210.31
2020-01-27 13:00:00,-43.75,172.75,0,0001,101203.5
2020-01-27 14:00:00,-43.75,172.75,0,0001,101191.06
2020-01-27 15:00:00,-43.75,172.75,0,0001,101148.06
2020-01-27 16:00:00,-43.75,172.75,0,0001,101171.81
2020-01-27 17:00:00,-43.75,172.75,0,0001,101211.81
2020-01-27 18:00:00,-43.75,172.75,0,0001,101274.31
2020-01-27 19:00:00,-43.75,172.75,0,0001,101304.06
2020-01-27 20:00:00,-43.75,172.75,0,0001,101388.81
2020-01-27 21:00:00,-43.75,172.75,0,0001,101438.25
2020-01-27 22:00:00,-43.75,172.75,0,0001,101453.69
2020-01-27 23:00:00,-43.75,172.75,0,0001,101465.875
2020-01-28 00:00:00,-43.75,172.75,0,0001,101495.44
2020-01-28 01:00:00,-43.75,172.75,0,0001,101497.69
2020-01-28 02:00:00,-43.75,172.75,0,0001,101440.0
2020-01-28 03:00:00,-43.75,172.75,0,0001,101408.125
2020-01-28 04:00:00,-43.75,172.75,0,0001,101385.125
2020-01-28 05:00:00,-43.75,172.75,0,0001,101318.0
2020-01-28 06:00:00,-43.75,172.75,0,0001,101305.875
2020-01-28 07:00:00,-43.75,172.75,0,0001,101264.5
2020-01-28 08:00:00,-43.75,172.75,0,0001,101267.75
2020-01-28 09:00:00,-43.75,172.75,0,0001,101270.875
2020-01-28 10:00:00,-43.75,172.75,0,0001,101248.25
2020-01-28 11:00:00,-43.75,172.75,0,0001,101147.25
2020-01-28 12:00:00,-43.75,172.75,0,0001,101128.375
2020-01-28 13:00:00,-43.75,172.75,0,0001,101038.94
2020-01-28 14:00:00,-43.75,172.75,0,0001,100900.25
2020-01-28 15:00:00,-43.75,172.75,0,0001,100848.56
2020-01-28 16:00:00,-43.75,172.75,0,0001,100751.44
2020-01-28 17:00:00,-43.75,172.75,0,0001,100725.81
2020-01-28 18:00:00,-43.75,172.75,0,0001,100706.75
2020-01-28 19:00:00,-43.75,172.75,0,0001,100703.375
2020-01-28 20:00:00,-43.75,172.75,0,0001,100678.625
2020-01-28 21:00:00,-43.75,172.75,0,0001,100647.25
2020-01-28 22:00:00,-43.75,172.75,0,0001,100597.19
2020-01-28 23:00:00,-43.75,172.75,0,0001,100479.25
2020-01-29 00:00:00,-43.75,172.75,0,0001,100389.0
2020-01-29 01:00:00,-43.75,172.75,0,0001,100323.25
2020-01-29 02:00:00,-43.75,172.75,0,0001,100202.25
2020-01-29 03:00:00,-43.75,172.75,0,0001,100132.375
2020-01-29 04:00:00,-43.75,172.75,0,0001,100046.94
2020-01-29 05:00:00,-43.75,172.75,0,0001,99973.625
2020-01-29 06:00:00,-43.75,172.75,0,0001,99925.75
2020-01-29 07:00:00,-43.75,172.75,0,0001,99971.875
2020-01-29 08:00:00,-43.75,172.75,0,0001,100044.81
2020-01-29 09:00:00,-43.75,172.75,0,0001,100165.75
2020-01-29 10:00:00,-43.75,172.75,0,0001,100398.44
2020-01-29 11:00:00,-43.75,172.75,0,0001,100437.75
2020-01-29 12:00:00,-43.75,172.75,0,0001,100603.5
2020-01-29 13:00:00,-43.75,172.75,0,0001,100678.875
2020-01-29 14:00:00,-43.75,172.75,0,0001,100747.69
2020-01-29 15:00:00,-43.75,172.75,0,0001,100783.75
2020-01-29 16:00:00,-43.75,172.75,0,0001,100824.44
2020-01-29 17:00:00,-43.75,172.75,0,0001,100875.375
2020-01-29 18:00:00,-43.75,172.75,0,0001,100954.81
2020-01-29 19:00:00,-43.75,172.75,0,0001,101012.06
2020-01-29 20:00:00,-43.75,172.75,0,0001,101068.94
2020-01-29 21:00:00,-43.75,172.75,0,0001,101072.75
2020-01-29 22:00:00,-43.75,172.75,0,0001,101043.125
2020-01-29 23:00:00,-43.75,172.75,0,0001,101038.31
2020-01-30 00:00:00,-43.75,172.75,0,0001,100952.56
2020-01-30 01:00:00,-43.75,172.75,0,0001,100877.875
2020-01-30 02:00:00,-43.75,172.75,0,0001,100817.0
2020-01-30 03:00:00,-43.75,172.75,0,0001,100697.44
2020-01-30 04:00:00,-43.75,172.75,0,0001,100579.94
2020-01-30 05:00:00,-43.75,172.75,0,0001,100472.0
2020-01-30 06:00:00,-43.75,172.75,0,0001,100389.25
2020-01-30 07:00:00,-43.75,172.75,0,0001,100304.25
2020-01-30 08:00:00,-43.75,172.75,0,0001,100271.375
2020-01-30 09:00:00,-43.75,172.75,0,0001,100304.25
2020-01-30 10:00:00,-43.75,172.75,0,0001,100214.0
2020-01-30 11:00:00,-43.75,172.75,0,0001,100140.19
2020-01-30 12:00:00,-43.75,172.75,0,0001,100099.94
2020-01-30 13:00:00,-43.75,172.75,0,0001,100167.125
2020-01-30 14:00:00,-43.75,172.75,0,0001,100075.44
2020-01-30 15:00:00,-43.75,172.75,0,0001,100033.19
2020-01-30 16:00:00,-43.75,172.75,0,0001,100099.81
2020-01-30 17:00:00,-43.75,172.75,0,0001,100205.19
2020-01-30 18:00:00,-43.75,172.75,0,0001,100335.125
2020-01-30 19:00:00,-43.75,172.75,0,0001,100569.81
2020-01-30 20:00:00,-43.75,172.75,0,0001,100726.25
2020-01-30 21:00:00,-43.75,172.75,0,0001,100890.5
2020-01-30 22:00:00,-43.75,172.75,0,0001,100991.0
2020-01-30 23:00:00,-43.75,172.75,0,0001,100989.94
2020-01-31 00:00:00,-43.75,172.75,0,0001,101036.375
2020-01-31 01:00:00,-43.75,172.75,0,0001,101061.44
2020-01-31 02:00:00,-43.75,172.75,0,0001,101101.69
2020-01-31 03:00:00,-43.75,172.75,0,0001,101140.56
2020-01-31 04:00:00,-43.75,172.75,0,0001,101154.44
2020-01-31 05:00:00,-43.75,172.75,0,0001,101172.5
2020-01-31 06:00:00,-43.75,172.75,0,0001,101165.875
2020-01-31 07:00:00,-43.75,172.75,0,0001,101219.44
2020-01-31 08:00:00,-43.75,172.75,0,0001,101268.0
2020-01-31 09:00:00,-43.75,172.75,0,0001,101404.25
2020-01-31 10:00:00,-43.75,172.75,0,0001,101491.0
2020-01-31 11:00:00,-43.75,172.75,0,0001,101500.75
2020-01-31 12:00:00,-43.75,172.75,0,0001,101578.875
2020-01-31 13:00:00,-43.75,172.75,0,0001,101567.5
2020-01-31 14:00:00,-43.75,172.75,0,0001,101564.0
2020-01-31 15:00:00,-43.75,172.75,0,0001,101554.25
2020-01-31 16:00:00,-43.75,172.75,0,0001,101559.75
2020-01-31 17:00:00,-43.75,172.75,0,0001,101551.19
2020-01-31 18:00:00,-43.75,172.75,0,0001,101614.56
2020-01-31 19:00:00,-43.75,172.75,0,0001,101663.125
2020-01-31 20:00:00,-43.75,172.75,0,0001,101675.375
2020-01-31 21:00:00,-43.75,172.75,0,0001,101631.19
2020-01-31 22:00:00,-43.75,172.75,0,0001,101618.625
2020-01-31 23:00:00,-43.75,172.75,0,0001,101466.06
2020-02-01 00:00:00,-43.75,172.75,0,0001,101405.375
2020-02-01 01:00:00,-43.75,172.75,0,0001,101331.25
2020-02-01 02:00:00,-43.75,172.75,0,0001,101229.0
2020-02-01 03:00:00,-43.75,172.75,0,0001,101191.44
2020-02-01 04:00:00,-43.75,172.75,0,0001,101092.56
2020-02-01 05:00:00,-43.75,172.75,0,0001,100989.81
2020-02-01 06:00:00,-43.75,172.75,0,0001,100930.81
2020-02-01 07:00:00,-43.75,172.75,0,0001,100864.375
2020-02-01 08:00:00,-43.75,172.75,0,0001,100814.75
2020-02-01 09:00:00,-43.75,172.75,0,0001,100721.5
2020-02-01 10:00:00,-43.75,172.75,0,0001,100615.06
2020-02-01 11:00:00,-43.75,172.75,0,0001,100499.19
2020-02-01 12:00:00,-43.75,172.75,0,0001,100526.31
2020-02-01 13:00:00,-43.75,172.75,0,0001,100501.81
2020-02-01 14:00:00,-43.75,172.75,0,0001,100492.875
2020-02-01 15:00:00,-43.75,172.75,0,0001,100408.125
2020-02-01 16:00:00,-43.75,172.75,0,0001,100368.81
2020-02-01 17:00:00,-43.75,172.75,0,0001,100294.0
2020-02-01 18:00:00,-43.75,172.75,0,0001,100294.19
2020-02-01 19:00:00,-43.75,172.75,0,0001,100254.69
2020-02-01 20:00:00,-43.75,172.75,0,0001,100266.375
2020-02-01 21:00:00,-43.75,172.75,0,0001,100269.75
2020-02-01 22:00:00,-43.75,172.75,0,0001,100204.56
2020-02-01 23:00:00,-43.75,172.75,0,0001,100292.875
2020-02-02 00:00:00,-43.75,172.75,0,0001,100266.81
2020-02-02 01:00:00,-43.75,172.75,0,0001,100238.06
2020-02-02 02:00:00,-43.75,172.75,0,0001,100188.56
2020-02-02 03:00:00,-43.75,172.75,0,0001,100116.06
2020-02-02 04:00:00,-43.75,172.75,0,0001,100088.875
2020-02-02 05:00:00,-43.75,172.75,0,0001,100033.31
2020-02-02 06:00:00,-43.75,172.75,0,0001,100074.56
2020-02-02 07:00:00,-43.75,172.75,0,0001,100126.25
2020-02-02 08:00:00,-43.75,172.75,0,0001,100191.0
2020-02-02 09:00:00,-43.75,172.75,0,0001,100273.81
2020-02-02 10:00:00,-43.75,172.75,0,0001,100341.44
2020-02-02 11:00:00,-43.75,172.75,0,0001,100369.94
2020-02-02 12:00:00,-43.75,172.75,0,0001,100377.875
2020-02-02 13:00:00,-43.75,172.75,0,0001,100359.625
2020-02-02 14:00:00,-43.75,172.75,0,0001,100338.81
2020-02-02 15:00:00,-43.75,172.75,0,0001,100284.75
2020-02-02 16:00:00,-43.75,172.75,0,0001,100219.56
2020-02-02 17:00:00,-43.75,172.75,0,0001,100218.56
2020-02-02 18:00:00,-43.75,172.75,0,0001,100232.0
2020-02-02 19:00:00,-43.75,172.75,0,0001,100247.375
2020-02-02 20:00:00,-43.75,172.75,0,0001,100247.25
2020-02-02 21:00:00,-43.75,172.75,0,0001,100263.94
2020-02-02 22:00:00,-43.75,172.75,0,0001,100144.125
2020-02-02 23:00:00,-43.75,172.75,0,0001,100120.5
2020-02-03 00:00:00,-43.75,172.75,0,0001,100168.31
2020-02-03 01:00:00,-43.75,172.75,0,0001,100170.56
2020-02-03 02:00:00,-43.75,172.75,0,0001,100147.5
2020-02-03 03:00:00,-43.75,172.75,0,0001,100107.25
2020-02-03 04:00:00,-43.75,172.75,0,0001,100084.5
2020-02-03 05:00:00,-43.75,172.75,0,0001,100089.56
2020-02-03 06:00:00,-43.75,172.75,0,0001,100068.75
2020-02-03 07:00:00,-43.75,172.75,0,0001,100112.19
2020-02-03 08:00:00,-43.75,172.75,0,0001,100145.625
2020-02-03 09:00:00,-43.75,172.75,0,0001,100206.375
2020-02-03 10:00:00,-43.75,172.75,0,0001,100037.31
2020-02-03 11:00:00,-43.75,172.75,0,0001,100062.125
2020-02-03 12:00:00,-43.75,172.75,0,0001,100041.0
2020-02-03 13:00:00,-43.75,172.75,0,0001,99996.875
2020-02-03 14:00:00,-43.75,172.75,0,0001,99890.69
2020-02-03 15:00:00,-43.75,172.75,0,0001,99798.375
2020-02-03 16:00:00,-43.75,172.75,0,0001,99735.625
2020-02-03 17:00:00,-43.75,172.75,0,0001,99696.375
2020-02-03 18:00:00,-43.75,172.75,0,0001,99679.625
2020-02-03 19:00:00,-43.75,172.75,0,0001,99632.19
2020-02-03 20:00:00,-43.75,172.75,0,0001,99571.44
2020-02-03 21:00:00,-43.75,172.75,0,0001,99551.44
2020-02-03 22:00:00,-43.75,172.75,0,0001,99455.125
2020-02-03 23:00:00,-43.75,172.75,0,0001,99433.69
2020-02-04 00:00:00,-43.75,172.75,0,0001,99379.56
2020-02-04 01:00:00,-43.75,172.75,0,0001,99371.875
2020-02-04 02:00:00,-43.75,172.75,0,0001,99360.06
2020-02-04 03:00:00,-43.75,172.75,0,0001,99270.125
2020-02-04 04:00:00,-43.75,172.75,0,0001,99174.94
2020-02-04 05:00:00,-43.75,172.75,0,0001,99081.75
2020-02-04 06:00:00,-43.75,172.75,0,0001,99061.875
2020-02-04 07:00:00,-43.75,172.75,0,0001,99188.125
2020-02-04 08:00:00,-43.75,172.75,0,0001,99327.06
2020-02-04 09:00:00,-43.75,172.75,0,0001,99542.06
2020-02-04 10:00:00,-43.75,172.75,0,0001,99850.25
2020-02-04 11:00:00,-43.75,172.75,0,0001,100052.94
2020-02-04 12:00:00,-43.75,172.75,0,0001,100235.25
2020-02-04 13:00:00,-43.75,172.75,0,0001,100426.5
2020-02-04 14:00:00,-43.75,172.75,0,0001,100550.875
2020-02-04 15:00:00,-43.75,172.75,0,0001,100674.875
2020-02-04 16:00:00,-43.75,172.75,0,0001,100822.5
2020-02-04 17:00:00,-43.75,172.75,0,0001,100930.375
2020-02-04 18:00:00,-43.75,172.75,0,0001,101076.69
2020-02-04 19:00:00,-43.75,172.75,0,0001,101232.69
2020-02-04 20:00:00,-43.75,172.75,0,0001,101341.5
2020-02-04 21:00:00,-43.75,172.75,0,0001,101437.69
2020-02-04 22:00:00,-43.75,172.75,0,0001,101516.75
2020-02-04 23:00:00,-43.75,172.75,0,0001,101538.125
2020-02-05 00:00:00,-43.75,172.75,0,0001,101551.0
2020-02-05 01:00:00,-43.75,172.75,0,0001,101568.125
2020-02-05 02:00:00,-43.75,172.75,0,0001,101528.75
2020-02-05 03:00:00,-43.75,172.75,0,0001,101504.875
2020-02-05 04:00:00,-43.75,172.75,0,0001,101486.375
2020-02-05 05:00:00,-43.75,172.75,0,0001,101446.44
2020-02-05 06:00:00,-43.75,172.75,0,0001,101471.875
2020-02-05 07:00:00,-43.75,172.75,0,0001,101486.31
2020-02-05 08:00:00,-43.75,172.75,0,0001,101532.44
2020-02-05 09:00:00,-43.75,172.75,0,0001,101561.125
2020-02-05 10:00:00,-43.75,172.75,0,0001,101536.375
2020-02-05 11:00:00,-43.75,172.75,0,0001,101525.375
2020-02-05 12:00:00,-43.75,172.75,0,0001,101541.81
2020-02-05 13:00:00,-43.75,172.75,0,0001,101498.125
2020-02-05 14:00:00,-43.75,172.75,0,0001,101496.25
2020-02-05 15:00:00,-43.75,172.75,0,0001,101482.0
2020-02-05 16:00:00,-43.75,172.75,0,0001,101488.81
2020-02-05 17:00:00,-43.75,172.75,0,0001,101491.94
2020-02-05 18:00:00,-43.75,172.75,0,0001,101558.375
2020-02-05 19:00:00,-43.75,172.75,0,0001,101632.0
2020-02-05 20:00:00,-43.75,172.75,0,0001,101715.875
2020-02-05 21:00:00,-43.75,172.75,0,0001,101735.125
2020-02-05 22:00:00,-43.75,172.75,0,0001,101806.69
2020-02-05 23:00:00,-43.75,172.75,0,0001,101805.19
2020-02-06 00:00:00,-43.75,172.75,0,0001,101810.69
2020-02-06 01:00:00,-43.75,172.75,0,0001,101862.125
2020-02-06 02:00:00,-43.75,172.75,0,0001,101916.69
2020-02-06 03:00:00,-43.75,172.75,0,0001,101951.5
2020-02-06 04:00:00,-43.75,172.75,0,0001,102014.06
2020-02-06 05:00:00,-43.75,172.75,0,0001,102110.375
2020-02-06 06:00:00,-43.75,172.75,0,0001,102204.56
2020-02-06 07:00:00,-43.75,172.75,0,0001,102312.56
2020-02-06 08:00:00,-43.75,172.75,0,0001,102419.25
2020-02-06 09:00:00,-43.75,172.75,0,0001,102520.375
2020-02-06 10:00:00,-43.75,172.75,0,0001,102592.81
2020-02-06 11:00:00,-43.75,172.75,0,0001,102634.875
2020-02-06 12:00:00,-43.75,172.75,0,0001,102651.0
2020-02-06 13:00:00,-43.75,172.75,0,0001,102674.06
2020-02-06 14:00:00,-43.75,172.75,0,0001,102667.69
2020-02-06 15:00:00,-43.75,172.75,0,0001,102661.44
2020-02-06 16:00:00,-43.75,172.75,0,0001,102648.31
2020-02-06 17:00:00,-43.75,172.75,0,0001,102652.625
2020-02-06 18:00:00,-43.75,172.75,0,0001,102682.19
2020-02-06 19:00:00,-43.75,172.75,0,0001,102722.56
2020-02-06 20:00:00,-43.75,172.75,0,0001,102764.81
2020-02-06 21:00:00,-43.75,172.75,0,0001,102732.625
2020-02-06 22:00:00,-43.75,172.75,0,0001,102718.875
2020-02-06 23:00:00,-43.75,172.75,0,0001,102670.875
2020-02-07 00:00:00,-43.75,172.75,0,0001,102612.44
2020-02-07 01:00:00,-43.75,172.75,0,0001,102517.44
2020-02-07 02:00:00,-43.75,172.75,0,0001,102425.75
2020-02-07 03:00:00,-43.75,172.75,0,0001,102327.44
2020-02-07 04:00:00,-43.75,172.75,0,0001,102216.875
2020-02-07 05:00:00,-43.75,172.75,0,0001,102163.5
2020-02-07 06:00:00,-43.75,172.75,0,0001,102131.06
2020-02-07 07:00:00,-43.75,172.75,0,0001,102078.375
2020-02-07 08:00:00,-43.75,172.75,0,0001,102067.19
2020-02-07 09:00:00,-43.75,172.75,0,0001,102041.69
2020-02-07 10:00:00,-43.75,172.75,0,0001,101999.81
2020-02-07 11:00:00,-43.75,172.75,0,0001,101920.5
2020-02-07 12:00:00,-43.75,172.75,0,0001,101848.25
2020-02-07 13:00:00,-43.75,172.75,0,0001,101757.06
2020-02-07 14:00:00,-43.75,172.75,0,0001,101646.625
2020-02-07 15:00:00,-43.75,172.75,0,0001,101544.94
2020-02-07 16:00:00,-43.75,172.75,0,0001,101518.44
2020-02-07 17:00:00,-43.75,172.75,0,0001,101493.0
2020-02-07 18:00:00,-43.75,172.75,0,0001,101523.31
2020-02-07 19:00:00,-43.75,172.75,0,0001,101550.125
2020-02-07 20:00:00,-43.75,172.75,0,0001,101569.06
2020-02-07 21:00:00,-43.75,172.75,0,0001,101612.625
2020-02-07 22:00:00,-43.75,172.75,0,0001,101709.56
2020-02-07 23:00:00,-43.75,172.75,0,0001,101784.5
2020-02-08 00:00:00,-43.75,172.75,0,0001,101805.94
2020-02-08 01:00:00,-43.75,172.75,0,0001,101820.125
2020-02-08 02:00:00,-43.75,172.75,0,0001,101839.625
2020-02-08 03:00:00,-43.75,172.75,0,0001,101858.81
2020-02-08 04:00:00,-43.75,172.75,0,0001,101891.19
2020-02-08 05:00:00,-43.75,172.75,0,0001,101881.81
2020-02-08 06:00:00,-43.75,172.75,0,0001,101942.19
2020-02-08 07:00:00,-43.75,172.75,0,0001,101979.75
2020-02-08 08:00:00,-43.75,172.75,0,0001,102047.125
2020-02-08 09:00:00,-43.75,172.75,0,0001,102116.81
2020-02-08 10:00:00,-43.75,172.75,0,0001,102179.06
2020-02-08 11:00:00,-43.75,172.75,0,0001,102110.31
2020-02-08 12:00:00,-43.75,172.75,0,0001,102133.375
2020-02-08 13:00:00,-43.75,172.75,0,0001,102070.875
2020-02-08 14:00:00,-43.75,172.75,0,0001,102011.81
2020-02-08 15:00:00,-43.75,172.75,0,0001,101975.75
2020-02-08 16:00:00,-43.75,172.75,0,0001,101919.56
2020-02-08 17:00:00,-43.75,172.75,0,0001,101923.125
2020-02-08 18:00:00,-43.75,172.75,0,0001,101938.25
2020-02-08 19:00:00,-43.75,172.75,0,0001,101997.0
2020-02-08 20:00:00,-43.75,172.75,0,0001,102001.0
2020-02-08 21:00:00,-43.75,172.75,0,0001,102022.69
2020-02-08 22:00:00,-43.75,172.75,0,0001,102026.375
2020-02-08 23:00:00,-43.75,172.75,0,0001,102022.94
2020-02-09 00:00:00,-43.75,172.75,0,0001,101947.56
2020-02-09 01:00:00,-43.75,172.75,0,0001,101918.19
2020-02-09 02:00:00,-43.75,172.75,0,0001,101850.875
2020-02-09 03:00:00,-43.75,172.75,0,0001,101780.69
2020-02-09 04:00:00,-43.75,172.75,0,0001,101693.75
2020-02-09 05:00:00,-43.75,172.75,0,0001,101661.0
2020-02-09 06:00:00,-43.75,172.75,0,0001,101653.25
2020-02-09 07:00:00,-43.75,172.75,0,0001,101684.75
2020-02-09 08:00:00,-43.75,172.75,0,0001,101762.81
2020-02-09 09:00:00,-43.75,172.75,0,0001,101867.94
2020-02-09 10:00:00,-43.75,172.75,0,0001,101928.81
2020-02-09 11:00:00,-43.75,172.75,0,0001,101956.625
2020-02-09 12:00:00,-43.75,172.75,0,0001,101966.875
2020-02-09 13:00:00,-43.75,172.75,0,0001,101958.875
2020-02-09 14:00:00,-43.75,172.75,0,0001,101956.125
2020-02-09 15:00:00,-43.75,172.75,0,0001,101950.44
2020-02-09 16:00:00,-43.75,172.75,0,0001,101948.875
2020-02-09 17:00:00,-43.75,172.75,0,0001,101956.75
2020-02-09 18:00:00,-43.75,172.75,0,0001,102025.375
2020-02-09 19:00:00,-43.75,172.75,0,0001,102090.94
2020-02-09 20:00:00,-43.75,172.75,0,0001,102120.06
2020-02-09 21:00:00,-43.75,172.75,0,0001,102150.94
2020-02-09 22:00:00,-43.75,172.75,0,0001,102127.94
2020-02-09 23:00:00,-43.75,172.75,0,0001,102025.125
2020-02-10 00:00:00,-43.75,172.75,0,0001,102018.375
2020-02-10 01:00:00,-43.75,172.75,0,0001,101962.44
2020-02-10 02:00:00,-43.75,172.75,0,0001,101934.625
2020-02-10 03:00:00,-43.75,172.75,0,0001,101926.375
2020-02-10 04:00:00,-43.75,172.75,0,0001,101861.94
2020-02-10 05:00:00,-43.75,172.75,0,0001,101821.69
2020-02-10 06:00:00,-43.75,172.75,0,0001,101806.5
2020-02-10 07:00:00,-43.75,172.75,0,0001,101806.125
2020-02-10 08:00:00,-43.75,172.75,0,0001,101849.31
2020-02-10 09:00:00,-43.75,172.75,0,0001,101808.94
2020-02-10 10:00:00,-43.75,172.75,0,0001,101801.06
2020-02-10 11:00:00,-43.75,172.75,0,0001,101780.125
2020-02-10 12:00:00,-43.75,172.75,0,0001,101780.625
2020-02-10 13:00:00,-43.75,172.75,0,0001,101760.75
2020-02-10 14:00:00,-43.75,172.75,0,0001,101725.0
2020-02-10 15:00:00,-43.75,172.75,0,0001,101690.31
2020-02-10 16:00:00,-43.75,172.75,0,0001,101672.625
2020-02-10 17:00:00,-43.75,172.75,0,0001,101727.875
2020-02-10 18:00:00,-43.75,172.75,0,0001,101765.81
2020-02-10 19:00:00,-43.75,172.75,0,0001,101838.06
2020-02-10 20:00:00,-43.75,172.75,0,0001,101872.19
2020-02-10 21:00:00,-43.75,172.75,0,0001,101899.625
2020-02-10 22:00:00,-43.75,172.75,0,0001,101956.06
2020-02-10 23:00:00,-43.75,172.75,0,0001,101925.94
2020-02-11 00:00:00,-43.75,172.75,0,0001,101874.875
2020-02-11 01:00:00,-43.75,172.75,0,0001,101906.06
2020-02-11 02:00:00,-43.75,172.75,0,0001,101895.5
2020-02-11 03:00:00,-43.75,172.75,0,0001,101902.125
2020-02-11 04:00:00,-43.75,172.75,0,0001,101882.06
2020-02-11 05:00:00,-43.75,172.75,0,0001,101882.0
2020-02-11 06:00:00,-43.75,172.75,0,0001,101904.19
2020-02-11 07:00:00,-43.75,172.75,0,0001,101989.44
2020-02-11 08:00:00,-43.75,172.75,0,0001,102062.44
2020-02-11 09:00:00,-43.75,172.75,0,0001,102168.0
2020-02-11 10:00:00,-43.75,172.75,0,0001,102177.625
2020-02-11 11:00:00,-43.75,172.75,0,0001,102196.94
2020-02-11 12:00:00,-43.75,172.75,0,0001,102163.125
2020-02-11 13:00:00,-43.75,172.75,0,0001,102135.0
2020-02-11 14:00:00,-43.75,172.75,0,0001,102103.875
2020-02-11 15:00:00,-43.75,172.75,0,0001,102070.0
2020-02-11 16:00:00,-43.75,172.75,0,0001,102056.375
2020-02-11 17:00:00,-43.75,172.75,0,0001,102037.31
2020-02-11 18:00:00,-43.75,172.75,0,0001,102048.44
2020-02-11 19:00:00,-43.75,172.75,0,0001,102049.625
2020-02-11 20:00:00,-43.75,172.75,0,0001,102004.875
2020-02-11 21:00:00,-43.75,172.75,0,0001,101963.06
2020-02-11 22:00:00,-43.75,172.75,0,0001,101825.56
2020-02-11 23:00:00,-43.75,172.75,0,0001,101784.125
2020-02-12 00:00:00,-43.75,172.75,0,0001,101713.375
2020-02-12 01:00:00,-43.75,172.75,0,0001,101631.125
2020-02-12 02:00:00,-43.75,172.75,0,0001,101597.875
2020-02-12 03:00:00,-43.75,172.75,0,0001,101539.0
2020-02-12 04:00:00,-43.75,172.75,0,0001,101460.0
2020-02-12 05:00:00,-43.75,172.75,0,0001,101400.625
2020-02-12 06:00:00,-43.75,172.75,0,0001,101368.31
2020-02-12 07:00:00,-43.75,172.75,0,0001,101352.125
2020-02-12 08:00:00,-43.75,172.75,0,0001,101373.125
2020-02-12 09:00:00,-43.75,172.75,0,0001,101397.5
2020-02-12 10:00:00,-43.75,172.75,0,0001,101388.625
2020-02-12 11:00:00,-43.75,172.75,0,0001,101387.94
2020-02-12 12:00:00,-43.75,172.75,0,0001,101397.875
2020-02-12 13:00:00,-43.75,172.75,0,0001,101361.94
2020-02-12 14:00:00,-43.75,172.75,0,0001,101361.31
2020-02-12 15:00:00,-43.75,172.75,0,0001,101376.75
2020-02-12 16:00:00,-43.75,172.75,0,0001,101359.75
2020-02-12 17:00:00,-43.75,172.75,0,0001,101380.44
2020-02-12 18:00:00,-43.75,172.75,0,0001,101451.19
2020-02-12 19:00:00,-43.75,172.75,0,0001,101506.44
2020-02-12 20:00:00,-43.75,172.75,0,0001,101561.06
2020-02-12 21:00:00,-43.75,172.75,0,0001,101611.19
2020-02-12 22:00:00,-43.75,172.75,0,0001,101689.06
2020-02-12 23:00:00,-43.75,172.75,0,0001,101620.81
2020-02-13 00:00:00,-43.75,172.75,0,0001,101659.0
2020-02-13 01:00:00,-43.75,172.75,0,0001,101668.94
2020-02-13 02:00:00,-43.75,172.75,0,0001,101694.5
2020-02-13 03:00:00,-43.75,172.75,0,0001,101727.44
2020-02-13 04:00:00,-43.75,172.75,0,0001,101752.0
2020-02-13 05:00:00,-43.75,172.75,0,0001,101833.5
2020-02-13 06:00:00,-43.75,172.75,0,0001,101941.375
2020-02-13 07:00:00,-43.75,172.75,0,0001,102011.875
2020-02-13 08:00:00,-43.75,172.75,0,0001,102130.875
2020-02-13 09:00:00,-43.75,172.75,0,0001,102221.0
2020-02-13 10:00:00,-43.75,172.75,0,0001,102283.125
2020-02-13 11:00:00,-43.75,172.75,0,0001,102328.5
2020-02-13 12:00:00,-43.75,172.75,0,0001,102339.44
2020-02-13 13:00:00,-43.75,172.75,0,0001,102333.44
2020-02-13 14:00:00,-43.75,172.75,0,0001,102316.0
2020-02-13 15:00:00,-43.75,172.75,0,0001,102305.06
2020-02-13 16:00:00,-43.75,172.75,0,0001,102297.31
2020-02-13 17:00:00,-43.75,172.75,0,0001,102314.31
2020-02-13 18:00:00,-43.75,172.75,0,0001,102329.125
2020-02-13 19:00:00,-43.75,172.75,0,0001,102357.125
2020-02-13 20:00:00,-43.75,172.75,0,0001,102410.44
2020-02-13 21:00:00,-43.75,172.75,0,0001,102452.125
2020-02-13 22:00:00,-43.75,172.75,0,0001,102488.31
2020-02-13 23:00:00,-43.75,172.75,0,0001,102437.56
2020-02-14 00:00:00,-43.75,172.75,0,0001,102428.81
2020-02-14 01:00:00,-43.75,172.75,0,0001,102377.0
2020-02-14 02:00:00,-43.75,172.75,0,0001,102348.5
2020-02-14 03:00:00,-43.75,172.75,0,0001,102332.06
2020-02-14 04:00:00,-43.75,172.75,0,0001,102304.94
2020-02-14 05:00:00,-43.75,172.75,0,0001,102304.56
2020-02-14 06:00:00,-43.75,172.75,0,0001,102335.0
2020-02-14 07:00:00,-43.75,172.75,0,0001,102358.56
2020-02-14 08:00:00,-43.75,172.75,0,0001,102411.625
2020-02-14 09:00:00,-43.75,172.75,0,0001,102454.375
2020-02-14 10:00:00,-43.75,172.75,0,0001,102459.25
2020-02-14 11:00:00,-43.75,172.75,0,0001,102418.94
2020-02-14 12:00:00,-43.75,172.75,0,0001,102426.19
2020-02-14 13:00:00,-43.75,172.75,0,0001,102344.44
2020-02-14 14:00:00,-43.75,172.75,0,0001,102312.375
2020-02-14 15:00:00,-43.75,172.75,0,0001,102287.375
2020-02-14 16:00:00,-43.75,172.75,0,0001,102261.81
2020-02-14 17:00:00,-43.75,172.75,0,0001,102261.44
2020-02-14 18:00:00,-43.75,172.75,0,0001,102251.31
2020-02-14 19:00:00,-43.75,172.75,0,0001,102260.5
2020-02-14 20:00:00,-43.75,172.75,0,0001,102245.0
2020-02-14 21:00:00,-43.75,172.75,0,0001,102259.94
2020-02-14 22:00:00,-43.75,172.75,0,0001,102197.75
2020-02-14 23:00:00,-43.75,172.75,0,0001,102185.5
2020-02-15 00:00:00,-43.75,172.75,0,0001,102116.69
2020-02-15 01:00:00,-43.75,172.75,0,0001,102004.31
2020-02-15 02:00:00,-43.75,172.75,0,0001,101941.56
2020-02-15 03:00:00,-43.75,172.75,0,0001,101840.69
2020-02-15 04:00:00,-43.75,172.75,0,0001,101732.125
2020-02-15 05:00:00,-43.75,172.75,0,0001,101683.75
2020-02-15 06:00:00,-43.75,172.75,0,0001,101646.0
2020-02-15 07:00:00,-43.75,172.75,0,0001,101594.19
2020-02-15 08:00:00,-43.75,172.75,0,0001,101576.56
2020-02-15 09:00:00,-43.75,172.75,0,0001,101593.56
2020-02-15 10:00:00,-43.75,172.75,0,0001,101570.0
2020-02-15 11:00:00,-43.75,172.75,0,0001,101499.875
2020-02-15 12:00:00,-43.75,172.75,0,0001,101443.69
2020-02-15 13:00:00,-43.75,172.75,0,0001,101397.5
2020-02-15 14:00:00,-43.75,172.75,0,0001,101319.19
2020-02-15 15:00:00,-43.75,172.75,0,0001,101231.25
2020-02-15 16:00:00,-43.75,172.75,0,0001,101193.75
2020-02-15 17:00:00,-43.75,172.75,0,0001,101127.875
2020-02-15 18:00:00,-43.75,172.75,0,0001,101113.19
2020-02-15 19:00:00,-43.75,172.75,0,0001,101061.44
2020-02-15 20:00:00,-43.75,172.75,0,0001,101034.875
2020-02-15 21:00:00,-43.75,172.75,0,0001,100987.44
2020-02-15 22:00:00,-43.75,172.75,0,0001,100911.0
2020-02-15 23:00:00,-43.75,172.75,0,0001,100868.625
2020-02-16 00:00:00,-43.75,172.75,0,0001,100822.0
2020-02-16 01:00:00,-43.75,172.75,0,0001,100734.06
2020-02-16 02:00:00,-43.75,172.75,0,0001,100630.44
2020-02-16 03:00:00,-43.75,172.75,0,0001,100511.625
2020-02-16 04:00:00,-43.75,172.75,0,0001,100440.625
2020-02-16 05:00:00,-43.75,172.75,0,0001,100402.94
2020-02-16 06:00:00,-43.75,172.75,0,0001,100408.0
2020-02-16 07:00:00,-43.75,172.75,0,0001,100419.625
2020-02-16 08:00:00,-43.75,172.75,0,0001,100460.5
2020-02-16 09:00:00,-43.75,172.75,0,0001,100532.69
2020-02-16 10:00:00,-43.75,172.75,0,0001,100437.625
2020-02-16 11:00:00,-43.75,172.75,0,0001,100582.56
2020-02-16 12:00:00,-43.75,172.75,0,0001,100623.125
2020-02-16 13:00:00,-43.75,172.75,0,0001,100677.31
2020-02-16 14:00:00,-43.75,172.75,0,0001,100704.5
2020-02-16 15:00:00,-43.75,172.75,0,0001,100739.94
2020-02-16 16:00:00,-43.75,172.75,0,0001,100792.69
2020-02-16 17:00:00,-43.75,172.75,0,0001,100845.0
2020-02-16 18:00:00,-43.75,172.75,0,0001,100911.06
2020-02-16 19:00:00,-43.75,172.75,0,0001,100982.75
2020-02-16 20:00:00,-43.75,172.75,0,0001,101021.0
2020-02-16 21:00:00,-43.75,172.75,0,0001,101066.94
2020-02-16 22:00:00,-43.75,172.75,0,0001,101041.56
2020-02-16 23:00:00,-43.75,172.75,0,0001,101050.19
2020-02-17 00:00:00,-43.75,172.75,0,0001,101048.69
2020-02-17 01:00:00,-43.75,172.75,0,0001,101056.31
2020-02-17 02:00:00,-43.75,172.75,0,0001,101026.19
2020-02-17 03:00:00,-43.75,172.75,0,0001,101031.5
2020-02-17 04:00:00,-43.75,172.75,0,0001,100988.06
2020-02-17 05:00:00,-43.75,172.75,0,0001,101010.0
2020-02-17 06:00:00,-43.75,172.75,0,0001,101020.44
2020-02-17 07:00:00,-43.75,172.75,0,0001,101018.56
2020-02-17 08:00:00,-43.75,172.75,0,0001,101103.56
2020-02-17 09:00:00,-43.75,172.75,0,0001,101119.06
2020-02-17 10:00:00,-43.75,172.75,0,0001,101156.375
2020-02-17 11:00:00,-43.75,172.75,0,0001,101207.56
2020-02-17 12:00:00,-43.75,172.75,0,0001,101216.75
2020-02-17 13:00:00,-43.75,172.75,0,0001,101232.81
2020-02-17 14:00:00,-43.75,172.75,0,0001,101250.31
2020-02-17 15:00:00,-43.75,172.75,0,0001,101244.25
2020-02-17 16:00:00,-43.75,172.75,0,0001,101246.125
2020-02-17 17:00:00,-43.75,172.75,0,0001,101233.25
2020-02-17 18:00:00,-43.75,172.75,0,0001,101296.81
2020-02-17 19:00:00,-43.75,172.75,0,0001,101306.0
2020-02-17 20:00:00,-43.75,172.75,0,0001,101336.31
2020-02-17 21:00:00,-43.75,172.75,0,0001,101321.19
2020-02-17 22:00:00,-43.75,172.75,0,0001,101292.0
2020-02-17 23:00:00,-43.75,172.75,0,0001,101254.125
2020-02-18 00:00:00,-43.75,172.75,0,0001,101194.375
2020-02-18 01:00:00,-43.75,172.75,0,0001,101145.19
2020-02-18 02:00:00,-43.75,172.75,0,0001,101066.69
2020-02-18 03:00:00,-43.75,172.75,0,0001,101054.25
2020-02-18 04:00:00,-43.75,172.75,0,0001,100968.69
2020-02-18 05:00:00,-43.75,172.75,0,0001,100887.19
2020-02-18 06:00:00,-43.75,172.75,0,0001,100871.25
2020-02-18 07:00:00,-43.75,172.75,0,0001,100853.69
2020-02-18 08:00:00,-43.75,172.75,0,0001,100875.5
2020-02-18 09:00:00,-43.75,172.75,0,0001,100869.0
2020-02-18 10:00:00,-43.75,172.75,0,0001,100872.06
2020-02-18 11:00:00,-43.75,172.75,0,0001,100858.75
2020-02-18 12:00:00,-43.75,172.75,0,0001,100816.75
2020-02-18 13:00:00,-43.75,172.75,0,0001,100775.75
2020-02-18 14:00:00,-43.75,172.75,0,0001,100747.81
2020-02-18 15:00:00,-43.75,172.75,0,0001,100767.19
2020-02-18 16:00:00,-43.75,172.75,0,0001,100757.5
2020-02-18 17:00:00,-43.75,172.75,0,0001,100817.5
2020-02-18 18:00:00,-43.75,172.75,0,0001,100826.125
2020-02-18 19:00:00,-43.75,172.75,0,0001,100879.75
2020-02-18 20:00:00,-43.75,172.75,0,0001,100919.625
2020-02-18 21:00:00,-43.75,172.75,0,0001,100948.06
2020-02-18 22:00:00,-43.75,172.75,0,0001,100963.94
2020-02-18 23:00:00,-43.75,172.75,0,0001,100967.125
2020-02-19 00:00:00,-43.75,172.75,0,0001,100965.56
2020-02-19 01:00:00,-43.75,172.75,0,0001,100989.375
2020-02-19 02:00:00,-43.75,172.75,0,0001,101025.06
2020-02-19 03:00:00,-43.75,172.75,0,0001,101009.875
2020-02-19 04:00:00,-43.75,172.75,0,0001,101018.94
2020-02-19 05:00:00,-43.75,172.75,0,0001,101040.06
2020-02-19 06:00:00,-43.75,172.75,0,0001,101115.125
2020-02-19 07:00:00,-43.75,172.75,0,0001,101174.875
2020-02-19 08:00:00,-43.75,172.75,0,0001,101269.125
2020-02-19 09:00:00,-43.75,172.75,0,0001,101352.69
2020-02-19 10:00:00,-43.75,172.75,0,0001,101376.44
2020-02-19 11:00:00,-43.75,172.75,0,0001,101364.375
2020-02-19 12:00:00,-43.75,172.75,0,0001,101369.25
2020-02-19 13:00:00,-43.75,172.75,0,0001,101366.69
2020-02-19 14:00:00,-43.75,172.75,0,0001,101344.69
2020-02-19 15:00:00,-43.75,172.75,0,0001,101321.56
2020-02-19 16:00:00,-43.75,172.75,0,0001,101300.875
2020-02-19 17:00:00,-43.75,172.75,0,0001,101278.44
2020-02-19 18:00:00,-43.75,172.75,0,0001,101308.94
2020-02-19 19:00:00,-43.75,172.75,0,0001,101344.125
2020-02-19 20:00:00,-43.75,172.75,0,0001,101364.125
2020-02-19 21:00:00,-43.75,172.75,0,0001,101372.94
2020-02-19 22:00:00,-43.75,172.75,0,0001,101391.875
2020-02-19 23:00:00,-43.75,172.75,0,0001,101351.81
2020-02-20 00:00:00,-43.75,172.75,0,0001,101299.75
2020-02-20 01:00:00,-43.75,172.75,0,0001,101224.25
2020-02-20 02:00:00,-43.75,172.75,0,0001,101161.25
2020-02-20 03:00:00,-43.75,172.75,0,0001,101097.875
2020-02-20 04:00:00,-43.75,172.75,0,0001,101023.75
2020-02-20 05:00:00,-43.75,172.75,0,0001,100951.875
2020-02-20 06:00:00,-43.75,172.75,0,0001,100923.875
2020-02-20 07:00:00,-43.75,172.75,0,0001,100876.0
2020-02-20 08:00:00,-43.75,172.75,0,0001,100871.5
2020-02-20 09:00:00,-43.75,172.75,0,0001,100864.31
2020-02-20 10:00:00,-43.75,172.75,0,0001,100858.44
2020-02-20 11:00:00,-43.75,172.75,0,0001,100756.875
2020-02-20 12:00:00,-43.75,172.75,0,0001,100708.25
2020-02-20 13:00:00,-43.75,172.75,0,0001,100612.44
2020-02-20 14:00:00,-43.75,172.75,0,0001,100513.06
2020-02-20 15:00:00,-43.75,172.75,0,0001,100435.75
2020-02-20 16:00:00,-43.75,172.75,0,0001,100373.69
2020-02-20 17:00:00,-43.75,172.75,0,0001,100296.625
2020-02-20 18:00:00,-43.75,172.75,0,0001,100242.375
2020-02-20 19:00:00,-43.75,172.75,0,0001,100215.25
2020-02-20 20:00:00,-43.75,172.75,0,0001,100162.5
2020-02-20 21:00:00,-43.75,172.75,0,0001,100158.125
2020-02-20 22:00:00,-43.75,172.75,0,0001,100092.19
2020-02-20 23:00:00,-43.75,172.75,0,0001,100042.81
2020-02-21 00:00:00,-43.75,172.75,0,0001,99979.625
2020-02-21 01:00:00,-43.75,172.75,0,0001,99887.31
2020-02-21 02:00:00,-43.75,172.75,0,0001,99864.0
2020-02-21 03:00:00,-43.75,172.75,0,0001,99825.06
2020-02-21 04:00:00,-43.75,172.75,0,0001,99816.69
2020-02-21 05:00:00,-43.75,172.75,0,0001,99817.06
2020-02-21 06:00:00,-43.75,172.75,0,0001,99884.125
2020-02-21 07:00:00,-43.75,172.75,0,0001,99936.875
2020-02-21 08:00:00,-43.75,172.75,0,0001,100039.19
2020-02-21 09:00:00,-43.75,172.75,0,0001,100112.31
2020-02-21 10:00:00,-43.75,172.75,0,0001,100207.81
2020-02-21 11:00:00,-43.75,172.75,0,0001,100280.0
2020-02-21 12:00:00,-43.75,172.75,0,0001,100422.5
2020-02-21 13:00:00,-43.75,172.75,0,0001,100519.0
2020-02-21 14:00:00,-43.75,172.75,0,0001,100552.125
2020-02-21 15:00:00,-43.75,172.75,0,0001,100622.44
2020-02-21 16:00:00,-43.75,172.75,0,0001,100647.81
2020-02-21 17:00:00,-43.75,172.75,0,0001,100675.31
2020-02-21 18:00:00,-43.75,172.75,0,0001,100725.56
2020-02-21 19:00:00,-43.75,172.75,0,0001,100772.0
2020-02-21 20:00:00,-43.75,172.75,0,0001,100820.875
2020-02-21 21:00:00,-43.75,172.75,0,0001,100882.125
2020-02-21 22:00:00,-43.75,172.75,0,0001,100993.81
2020-02-21 23:00:00,-43.75,172.75,0,0001,101021.81
2020-02-22 00:00:00,-43.75,172.75,0,0001,101024.375
2020-02-22 01:00:00,-43.75,172.75,0,0001,101034.81
2020-02-22 02:00:00,-43.75,172.75,0,0001,101047.0
2020-02-22 03:00:00,-43.75,172.75,0,0001,101147.06
2020-02-22 04:00:00,-43.75,172.75,0,0001,101198.44
2020-02-22 05:00:00,-43.75,172.75,0,0001,101361.5
2020-02-22 06:00:00,-43.75,172.75,0,0001,101491.875
2020-02-22 07:00:00,-43.75,172.75,0,0001,101596.19
2020-02-22 08:00:00,-43.75,172.75,0,0001,101664.25
2020-02-22 09:00:00,-43.75,172.75,0,0001,101780.19
2020-02-22 10:00:00,-43.75,172.75,0,0001,101883.19
2020-02-22 11:00:00,-43.75,172.75,0,0001,101866.125
2020-02-22 12:00:00,-43.75,172.75,0,0001,101915.44
2020-02-22 13:00:00,-43.75,172.75,0,0001,101928.375
2020-02-22 14:00:00,-43.75,172.75,0,0001,101918.81
2020-02-22 15:00:00,-43.75,172.75,0,0001,101931.06
2020-02-22 16:00:00,-43.75,172.75,0,0001,101932.81
2020-02-22 17:00:00,-43.75,172.75,0,0001,101951.25
2020-02-22 18:00:00,-43.75,172.75,0,0001,102036.19
2020-02-22 19:00:00,-43.75,172.75,0,0001,102084.56
2020-02-22 20:00:00,-43.75,172.75,0,0001,102142.125
2020-02-22 21:00:00,-43.75,172.75,0,0001,102173.31
2020-02-22 22:00:00,-43.75,172.75,0,0001,102260.125
2020-02-22 23:00:00,-43.75,172.75,0,0001,102218.25
2020-02-23 00:00:00,-43.75,172.75,0,0001,102238.375
2020-02-23 01:00:00,-43.75,172.75,0,0001,102226.5
2020-02-23 02:00:00,-43.75,172.75,0,0001,102200.44
2020-02-23 03:00:00,-43.75,172.75,0,0001,102170.19
2020-02-23 04:00:00,-43.75,172.75,0,0001,102150.5
2020-02-23 05:00:00,-43.75,172.75,0,0001,102171.56
2020-02-23 06:00:00,-43.75,172.75,0,0001,102229.75
2020-02-23 07:00:00,-43.75,172.75,0,0001,102267.19
2020-02-23 08:00:00,-43.75,172.75,0,0001,102347.94
2020-02-23 09:00:00,-43.75,172.75,0,0001,102420.75
2020-02-23 10:00:00,-43.75,172.75,0,0001,102448.19
2020-02-23 11:00:00,-43.75,172.75,0,0001,102464.125
2020-02-23 12:00:00,-43.75,172.75,0,0001,102502.375
2020-02-23 13:00:00,-43.75,172.75,0,0001,102488.06
2020-02-23 14:00:00,-43.75,172.75,0,0001,102448.75
2020-02-23 15:00:00,-43.75,172.75,0,0001,102391.44
2020-02-23 16:00:00,-43.75,172.75,0,0001,102369.25
2020-02-23 17:00:00,-43.75,172.75,0,0001,102289.375
2020-02-23 18:00:00,-43.75,172.75,0,0001,102353.81
2020-02-23 19:00:00,-43.75,172.75,0,0001,102334.94
2020-02-23 20:00:00,-43.75,172.75,0,0001,102396.19
2020-02-23 21:00:00,-43.75,172.75,0,0001,102407.31
2020-02-23 22:00:00,-43.75,172.75,0,0001,102427.31
2020-02-23 23:00:00,-43.75,172.75,0,0001,102357.875
2020-02-24 00:00:00,-43.75,172.75,0,0001,102317.625
2020-02-24 01:00:00,-43.75,172.75,0,0001,102207.875
2020-02-24 02:00:00,-43.75,172.75,0,0001,102155.19
2020-02-24 03:00:00,-43.75,172.75,0,0001,102066.875
2020-02-24 04:00:00,-43.75,172.75,0,0001,102016.25
2020-02-24 05:00:00,-43.75,172.75,0,0001,101934.81
2020-02-24 06:00:00,-43.75,172.75,0,0001,101920.375
2020-02-24 07:00:00,-43.75,172.75,0,0001,101947.875
2020-02-24 08:00:00,-43.75,172.75,0,0001,101966.81
2020-02-24 09:00:00,-43.75,172.75,0,0001,102034.875
2020-02-24 10:00:00,-43.75,172.75,0,0001,102027.56
2020-02-24 11:00:00,-43.75,172.75,0,0001,102015.44
2020-02-24 12:00:00,-43.75,172.75,0,0001,102068.625
2020-02-24 13:00:00,-43.75,172.75,0,0001,102058.0
2020-02-24 14:00:00,-43.75,172.75,0,0001,102077.31
2020-02-24 15:00:00,-43.75,172.75,0,0001,102042.69
2020-02-24 16:00:00,-43.75,172.75,0,0001,102075.81
2020-02-24 17:00:00,-43.75,172.75,0,0001,102059.875
2020-02-24 18:00:00,-43.75,172.75,0,0001,102084.375
2020-02-24 19:00:00,-43.75,172.75,0,0001,102105.94
2020-02-24 20:00:00,-43.75,172.75,0,0001,102126.94
2020-02-24 21:00:00,-43.75,172.75,0,0001,102126.94
2020-02-24 22:00:00,-43.75,172.75,0,0001,102119.75
2020-02-24 23:00:00,-43.75,172.75,0,0001,102088.31
2020-02-25 00:00:00,-43.75,172.75,0,0001,102055.0
2020-02-25 01:00:00,-43.75,172.75,0,0001,102010.5
2020-02-25 02:00:00,-43.75,172.75,0,0001,101979.125
2020-02-25 03:00:00,-43.75,172.75,0,0001,101935.875
2020-02-25 04:00:00,-43.75,172.75,0,0001,101879.19
2020-02-25 05:00:00,-43.75,172.75,0,0001,101843.19
2020-02-25 06:00:00,-43.75,172.75,0,0001,101883.94
2020-02-25 07:00:00,-43.75,172.75,0,0001,101894.56
2020-02-25 08:00:00,-43.75,172.75,0,0001,101936.31
2020-02-25 09:00:00,-43.75,172.75,0,0001,101972.5
2020-02-25 10:00:00,-43.75,172.75,0,0001,101975.94
2020-02-25 11:00:00,-43.75,172.75,0,0001,102015.31
2020-02-25 12:00:00,-43.75,172.75,0,0001,101997.19
2020-02-25 13:00:00,-43.75,172.75,0,0001,101948.25
2020-02-25 14:00:00,-43.75,172.75,0,0001,101893.75
2020-02-25 15:00:00,-43.75,172.75,0,0001,101845.19
2020-02-25 16:00:00,-43.75,172.75,0,0001,101801.875
2020-02-25 17:00:00,-43.75,172.75,0,0001,101758.06
2020-02-25 18:00:00,-43.75,172.75,0,0001,101750.375
2020-02-25 19:00:00,-43.75,172.75,0,0001,101748.625
2020-02-25 20:00:00,-43.75,172.75,0,0001,101737.06
2020-02-25 21:00:00,-43.75,172.75,0,0001,101716.31
2020-02-25 22:00:00,-43.75,172.75,0,0001,101637.0
2020-02-25 23:00:00,-43.75,172.75,0,0001,101604.94
2020-02-26 00:00:00,-43.75,172.75,0,0001,101521.0
2020-02-26 01:00:00,-43.75,172.75,0,0001,101463.19
2020-02-26 02:00:00,-43.75,172.75,0,0001,101408.875
2020-02-26 03:00:00,-43.75,172.75,0,0001,101330.69
2020-02-26 04:00:00,-43.75,172.75,0,0001,101267.375
2020-02-26 05:00:00,-43.75,172.75,0,0001,101211.94
2020-02-26 06:00:00,-43.75,172.75,0,0001,101178.25
2020-02-26 07:00:00,-43.75,172.75,0,0001,101165.06
2020-02-26 08:00:00,-43.75,172.75,0,0001,101151.31
2020-02-26 09:00:00,-43.75,172.75,0,0001,101169.69
2020-02-26 10:00:00,-43.75,172.75,0,0001,101083.75
2020-02-26 11:00:00,-43.75,172.75,0,0001,101077.94
2020-02-26 12:00:00,-43.75,172.75,0,0001,100982.31
2020-02-26 13:00:00,-43.75,172.75,0,0001,100937.375
2020-02-26 14:00:00,-43.75,172.75,0,0001,100857.5
2020-02-26 15:00:00,-43.75,172.75,0,0001,100819.06
2020-02-26 16:00:00,-43.75,172.75,0,0001,100819.44
2020-02-26 17:00:00,-43.75,172.75,0,0001,100793.875
2020-02-26 18:00:00,-43.75,172.75,0,0001,100792.81
2020-02-26 19:00:00,-43.75,172.75,0,0001,100823.44
2020-02-26 20:00:00,-43.75,172.75,0,0001,100762.0
2020-02-26 21:00:00,-43.75,172.75,0,0001,100770.625
2020-02-26 22:00:00,-43.75,172.75,0,0001,100703.69
2020-02-26 23:00:00,-43.75,172.75,0,0001,100673.375
2020-02-27 00:00:00,-43.75,172.75,0,0001,100683.875
2020-02-27 01:00:00,-43.75,172.75,0,0001,100677.31
2020-02-27 02:00:00,-43.75,172.75,0,0001,100669.56
2020-02-27 03:00:00,-43.75,172.75,0,0001,100707.125
2020-02-27 04:00:00,-43.75,172.75,0,0001,100708.25
2020-02-27 05:00:00,-43.75,172.75,0,0001,100747.69
2020-02-27 06:00:00,-43.75,172.75,0,0001,100744.25
2020-02-27 07:00:00,-43.75,172.75,0,0001,100829.69
2020-02-27 08:00:00,-43.75,172.75,0,0001,100858.0
2020-02-27 09:00:00,-43.75,172.75,0,0001,100919.06
2020-02-27 10:00:00,-43.75,172.75,0,0001,100922.69
2020-02-27 11:00:00,-43.75,172.75,0,0001,100919.125
2020-02-27 12:00:00,-43.75,172.75,0,0001,100896.125
2020-02-27 13:00:00,-43.75,172.75,0,0001,100896.69
2020-02-27 14:00:00,-43.75,172.75,0,0001,100882.25
2020-02-27 15:00:00,-43.75,172.75,0,0001,100847.31
2020-02-27 16:00:00,-43.75,172.75,0,0001,100833.0
2020-02-27 17:00:00,-43.75,172.75,0,0001,100771.5
2020-02-27 18:00:00,-43.75,172.75,0,0001,100768.375
2020-02-27 19:00:00,-43.75,172.75,0,0001,100761.44
2020-02-27 20:00:00,-43.75,172.75,0,0001,100717.69
2020-02-27 21:00:00,-43.75,172.75,0,0001,100683.81
2020-02-27 22:00:00,-43.75,172.75,0,0001,100619.25
2020-02-27 23:00:00,-43.75,172.75,0,0001,100578.625
2020-02-28 00:00:00,-43.75,172.75,0,0001,100489.0
2020-02-28 01:00:00,-43.75,172.75,0,0001,100403.56
2020-02-28 02:00:00,-43.75,172.75,0,0001,100325.81
2020-02-28 03:00:00,-43.75,172.75,0,0001,100226.25
2020-02-28 04:00:00,-43.75,172.75,0,0001,100156.0
2020-02-28 05:00:00,-43.75,172.75,0,0001,100144.75
2020-02-28 06:00:00,-43.75,172.75,0,0001,100115.5
2020-02-28 07:00:00,-43.75,172.75,0,0001,100072.75
2020-02-28 08:00:00,-43.75,172.75,0,0001,100032.375
2020-02-28 09:00:00,-43.75,172.75,0,0001,100058.31
2020-02-28 10:00:00,-43.75,172.75,0,0001,100067.31
2020-02-28 11:00:00,-43.75,172.75,0,0001,100052.81
2020-02-28 12:00:00,-43.75,172.75,0,0001,100097.31
2020-02-28 13:00:00,-43.75,172.75,0,0001,100165.375
2020-02-28 14:00:00,-43.75,172.75,0,0001,100197.25
2020-02-28 15:00:00,-43.75,172.75,0,0001,100336.94
2020-02-28 16:00:00,-43.75,172.75,0,0001,100462.56
2020-02-28 17:00:00,-43.75,172.75,0,0001,100712.875
2020-02-28 18:00:00,-43.75,172.75,0,0001,100962.19
2020-02-28 19:00:00,-43.75,172.75,0,0001,101163.75
2020-02-28 20:00:00,-43.75,172.75,0,0001,101316.94
2020-02-28 21:00:00,-43.75,172.75,0,0001,101462.625
2020-02-28 22:00:00,-43.75,172.75,0,0001,101635.25
2020-02-28 23:00:00,-43.75,172.75,0,0001,101679.81
2020-02-29 00:00:00,-43.75,172.75,0,0001,101699.125
2020-02-29 01:00:00,-43.75,172.75,0,0001,101731.81
2020-02-29 02:00:00,-43.75,172.75,0,0001,101737.06
2020-02-29 03:00:00,-43.75,172.75,0,0001,101820.44
2020-02-29 04:00:00,-43.75,172.75,0,0001,101786.125
2020-02-29 05:00:00,-43.75,172.75,0,0001,101837.0
2020-02-29 06:00:00,-43.75,172.75,0,0001,101853.69
2020-02-29 07:00:00,-43.75,172.75,0,0001,101928.44
2020-02-29 08:00:00,-43.75,172.75,0,0001,101963.0
2020-02-29 09:00:00,-43.75,172.75,0,0001,102036.625
2020-02-29 10:00:00,-43.75,172.75,0,0001,102077.375
2020-02-29 11:00:00,-43.75,172.75,0,0001,102048.31
2020-02-29 12:00:00,-43.75,172.75,0,0001,102076.69
2020-02-29 13:00:00,-43.75,172.75,0,0001,102086.56
2020-02-29 14:00:00,-43.75,172.75,0,0001,102091.375
2020-02-29 15:00:00,-43.75,172.75,0,0001,102084.25
2020-02-29 16:00:00,-43.75,172.75,0,0001,102094.625
2020-02-29 17:00:00,-43.75,172.75,0,0001,102085.06
2020-02-29 18:00:00,-43.75,172.75,0,0001,102152.625
2020-02-29 19:00:00,-43.75,172.75,0,0001,102205.875
2020-02-29 20:00:00,-43.75,172.75,0,0001,102250.19
2020-02-29 21:00:00,-43.75,172.75,0,0001,102303.0
2020-02-29 22:00:00,-43.75,172.75,0,0001,102306.06
2020-02-29 23:00:00,-43.75,172.75,0,0001,102340.125
2020-03-01 00:00:00,-43.75,172.75,0,0001,102350.19
2020-03-01 01:00:00,-43.75,172.75,0,0001,102333.06
2020-03-01 02:00:00,-43.75,172.75,0,0001,102351.69
2020-03-01 03:00:00,-43.75,172.75,0,0001,102366.31
2020-03-01 04:00:00,-43.75,172.75,0,0001,102358.31
2020-03-01 05:00:00,-43.75,172.75,0,0001,102383.875
2020-03-01 06:00:00,-43.75,172.75,0,0001,102391.875
2020-03-01 07:00:00,-43.75,172.75,0,0001,102391.31
2020-03-01 08:00:00,-43.75,172.75,0,0001,102455.875
2020-03-01 09:00:00,-43.75,172.75,0,0001,102521.625
2020-03-01 10:00:00,-43.75,172.75,0,0001,102511.31
2020-03-01 11:00:00,-43.75,172.75,0,0001,102466.375
2020-03-01 12:00:00,-43.75,172.75,0,0001,102422.0
2020-03-01 13:00:00,-43.75,172.75,0,0001,102336.25
2020-03-01 14:00:00,-43.75,172.75,0,0001,102282.25
2020-03-01 15:00:00,-43.75,172.75,0,0001,102212.69
2020-03-01 16:00:00,-43.75,172.75,0,0001,102175.25
2020-03-01 17:00:00,-43.75,172.75,0,0001,102099.125
2020-03-01 18:00:00,-43.75,172.75,0,0001,102122.125
2020-03-01 19:00:00,-43.75,172.75,0,0001,102086.0
2020-03-01 20:00:00,-43.75,172.75,0,0001,102073.5
2020-03-01 21:00:00,-43.75,172.75,0,0001,102044.25
2020-03-01 22:00:00,-43.75,172.75,0,0001,101985.81
2020-03-01 23:00:00,-43.75,172.75,0,0001,101914.375
2020-03-02 00:00:00,-43.75,172.75,0,0001,101860.75
2020-03-02 01:00:00,-43.75,172.75,0,0001,101773.44
2020-03-02 02:00:00,-43.75,172.75,0,0001,101690.94
2020-03-02 03:00:00,-43.75,172.75,0,0001,101591.19
2020-03-02 04:00:00,-43.75,172.75,0,0001,101476.75
2020-03-02 05:00:00,-43.75,172.75,0,0001,101412.125
2020-03-02 06:00:00,-43.75,172.75,0,0001,101338.125
2020-03-02 07:00:00,-43.75,172.75,0,0001,101287.19
2020-03-02 08:00:00,-43.75,172.75,0,0001,101274.06
2020-03-02 09:00:00,-43.75,172.75,0,0001,101284.75
2020-03-02 10:00:00,-43.75,172.75,0,0001,101237.56
2020-03-02 11:00:00,-43.75,172.75,0,0001,101154.44
2020-03-02 12:00:00,-43.75,172.75,0,0001,101109.06
2020-03-02 13:00:00,-43.75,172.75,0,0001,101026.69
2020-03-02 14:00:00,-43.75,172.75,0,0001,100956.94
2020-03-02 15:00:00,-43.75,172.75,0,0001,100896.94
2020-03-02 16:00:00,-43.75,172.75,0,0001,100816.94
2020-03-02 17:00:00,-43.75,172.75,0,0001,100765.44
2020-03-02 18:00:00,-43.75,172.75,0,0001,100705.25
2020-03-02 19:00:00,-43.75,172.75,0,0001,100657.625
2020-03-02 20:00:00,-43.75,172.75,0,0001,100620.19
2020-03-02 21:00:00,-43.75,172.75,0,0001,100565.75
2020-03-02 22:00:00,-43.75,172.75,0,0001,100530.25
2020-03-02 23:00:00,-43.75,172.75,0,0001,100424.75
2020-03-03 00:00:00,-43.75,172.75,0,0001,100374.94
2020-03-03 01:00:00,-43.75,172.75,0,0001,100335.69
2020-03-03 02:00:00,-43.75,172.75,0,0001,100267.0
2020-03-03 03:00:00,-43.75,172.75,0,0001,100238.06
2020-03-03 04:00:00,-43.75,172.75,0,0001,100257.94
2020-03-03 05:00:00,-43.75,172.75,0,0001,100218.125
2020-03-03 06:00:00,-43.75,172.75,0,0001,100183.75
2020-03-03 07:00:00,-43.75,172.75,0,0001,100124.69
2020-03-03 08:00:00,-43.75,172.75,0,0001,100113.875
2020-03-03 09:00:00,-43.75,172.75,0,0001,100165.06
2020-03-03 10:00:00,-43.75,172.75,0,0001,100336.5
2020-03-03 11:00:00,-43.75,172.75,0,0001,100468.81
2020-03-03 12:00:00,-43.75,172.75,0,0001,100673.44
2020-03-03 13:00:00,-43.75,172.75,0,0001,100802.625
2020-03-03 14:00:00,-43.75,172.75,0,0001,100894.0
2020-03-03 15:00:00,-43.75,172.75,0,0001,101013.75
2020-03-03 16:00:00,-43.75,172.75,0,0001,101100.56
2020-03-03 17:00:00,-43.75,172.75,0,0001,101260.625
2020-03-03 18:00:00,-43.75,172.75,0,0001,101405.5
2020-03-03 19:00:00,-43.75,172.75,0,0001,101568.625
2020-03-03 20:00:00,-43.75,172.75,0,0001,101687.75
2020-03-03 21:00:00,-43.75,172.75,0,0001,101850.5
2020-03-03 22:00:00,-43.75,172.75,0,0001,102004.69
2020-03-03 23:00:00,-43.75,172.75,0,0001,102058.625
2020-03-04 00:00:00,-43.75,172.75,0,0001,102098.0
2020-03-04 01:00:00,-43.75,172.75,0,0001,102165.44
2020-03-04 02:00:00,-43.75,172.75,0,0001,102165.06
2020-03-04 03:00:00,-43.75,172.75,0,0001,102249.0
2020-03-04 04:00:00,-43.75,172.75,0,0001,102253.5
2020-03-04 05:00:00,-43.75,172.75,0,0001,102330.5
2020-03-04 06:00:00,-43.75,172.75,0,0001,102390.125
2020-03-04 07:00:00,-43.75,172.75,0,0001,102449.75
2020-03-04 08:00:00,-43.75,172.75,0,0001,102560.81
2020-03-04 09:00:00,-43.75,172.75,0,0001,102659.19
2020-03-04 10:00:00,-43.75,172.75,0,0001,102689.94
2020-03-04 11:00:00,-43.75,172.75,0,0001,102716.0
2020-03-04 12:00:00,-43.75,172.75,0,0001,102739.0
2020-03-04 13:00:00,-43.75,172.75,0,0001,102738.31
2020-03-04 14:00:00,-43.75,172.75,0,0001,102726.25
2020-03-04 15:00:00,-43.75,172.75,0,0001,102739.625
2020-03-04 16:00:00,-43.75,172.75,0,0001,102712.625
2020-03-04 17:00:00,-43.75,172.75,0,0001,102719.875
2020-03-04 18:00:00,-43.75,172.75,0,0001,102814.44
2020-03-04 19:00:00,-43.75,172.75,0,0001,102883.75
2020-03-04 20:00:00,-43.75,172.75,0,0001,102916.94
2020-03-04 21:00:00,-43.75,172.75,0,0001,102936.81
2020-03-04 22:00:00,-43.75,172.75,0,0001,102944.94
2020-03-04 23:00:00,-43.75,172.75,0,0001,102963.06
2020-03-05 00:00:00,-43.75,172.75,0,0001,102937.19
2020-03-05 01:00:00,-43.75,172.75,0,0001,102946.25
2020-03-05 02:00:00,-43.75,172.75,0,0001,102905.375
2020-03-05 03:00:00,-43.75,172.75,0,0001,102895.81
2020-03-05 04:00:00,-43.75,172.75,0,0001,102864.06
2020-03-05 05:00:00,-43.75,172.75,0,0001,102906.81
2020-03-05 06:00:00,-43.75,172.75,0,0001,102926.06
2020-03-05 07:00:00,-43.75,172.75,0,0001,102972.875
2020-03-05 08:00:00,-43.75,172.75,0,0001,103065.25
2020-03-05 09:00:00,-43.75,172.75,0,0001,103118.625
2020-03-05 10:00:00,-43.75,172.75,0,0001,103100.5
2020-03-05 11:00:00,-43.75,172.75,0,0001,103116.5
2020-03-05 12:00:00,-43.75,172.75,0,0001,103108.625
2020-03-05 13:00:00,-43.75,172.75,0,0001,103094.81
2020-03-05 14:00:00,-43.75,172.75,0,0001,103106.375
2020-03-05 15:00:00,-43.75,172.75,0,0001,103033.19
2020-03-05 16:00:00,-43.75,172.75,0,0001,103000.81
2020-03-05 17:00:00,-43.75,172.75,0,0001,102965.69
2020-03-05 18:00:00,-43.75,172.75,0,0001,102984.0
2020-03-05 19:00:00,-43.75,172.75,0,0001,102994.56
2020-03-05 20:00:00,-43.75,172.75,0,0001,102986.44
2020-03-05 21:00:00,-43.75,172.75,0,0001,102949.06
2020-03-05 22:00:00,-43.75,172.75,0,0001,102873.25
2020-03-05 23:00:00,-43.75,172.75,0,0001,102878.125
2020-03-06 00:00:00,-43.75,172.75,0,0001,102807.19
2020-03-06 01:00:00,-43.75,172.75,0,0001,102766.0
2020-03-06 02:00:00,-43.75,172.75,0,0001,102685.69
2020-03-06 03:00:00,-43.75,172.75,0,0001,102631.94
2020-03-06 04:00:00,-43.75,172.75,0,0001,102547.625
2020-03-06 05:00:00,-43.75,172.75,0,0001,102526.875
2020-03-06 06:00:00,-43.75,172.75,0,0001,102498.56
2020-03-06 07:00:00,-43.75,172.75,0,0001,102478.69
2020-03-06 08:00:00,-43.75,172.75,0,0001,102497.125
2020-03-06 09:00:00,-43.75,172.75,0,0001,102501.875
2020-03-06 10:00:00,-43.75,172.75,0,0001,102464.31
2020-03-06 11:00:00,-43.75,172.75,0,0001,102376.25
2020-03-06 12:00:00,-43.75,172.75,0,0001,102342.625
2020-03-06 13:00:00,-43.75,172.75,0,0001,102223.81
2020-03-06 14:00:00,-43.75,172.75,0,0001,102151.0
2020-03-06 15:00:00,-43.75,172.75,0,0001,102108.75
2020-03-06 16:00:00,-43.75,172.75,0,0001,102014.94
2020-03-06 17:00:00,-43.75,172.75,0,0001,101959.5
2020-03-06 18:00:00,-43.75,172.75,0,0001,101881.56
2020-03-06 19:00:00,-43.75,172.75,0,0001,101857.75
2020-03-06 20:00:00,-43.75,172.75,0,0001,101813.31
2020-03-06 21:00:00,-43.75,172.75,0,0001,101793.31
2020-03-06 22:00:00,-43.75,172.75,0,0001,101771.75
2020-03-06 23:00:00,-43.75,172.75,0,0001,101756.25
2020-03-07 00:00:00,-43.75,172.75,0,0001,101643.875
2020-03-07 01:00:00,-43.75,172.75,0,0001,101576.0
2020-03-07 02:00:00,-43.75,172.75,0,0001,101480.06
2020-03-07 03:00:00,-43.75,172.75,0,0001,101410.94
2020-03-07 04:00:00,-43.75,172.75,0,0001,101334.5
2020-03-07 05:00:00,-43.75,172.75,0,0001,101311.625
2020-03-07 06:00:00,-43.75,172.75,0,0001,101264.94
2020-03-07 07:00:00,-43.75,172.75,0,0001,101274.44
2020-03-07 08:00:00,-43.75,172.75,0,0001,101299.31
2020-03-07 09:00:00,-43.75,172.75,0,0001,101352.25
2020-03-07 10:00:00,-43.75,172.75,0,0001,101309.31
2020-03-07 11:00:00,-43.75,172.75,0,0001,101305.0
2020-03-07 12:00:00,-43.75,172.75,0,0001,101313.625
2020-03-07 13:00:00,-43.75,172.75,0,0001,101280.125
2020-03-07 14:00:00,-43.75,172.75,0,0001,101274.81
2020-03-07 15:00:00,-43.75,172.75,0,0001,101245.75
2020-03-07 16:00:00,-43.75,172.75,0,0001,101238.125
2020-03-07 17:00:00,-43.75,172.75,0,0001,101223.125
2020-03-07 18:00:00,-43.75,172.75,0,0001,101231.06
2020-03-07 19:00:00,-43.75,172.75,0,0001,101283.875
2020-03-07 20:00:00,-43.75,172.75,0,0001,101296.44
2020-03-07 21:00:00,-43.75,172.75,0,0001,101303.81
2020-03-07 22:00:00,-43.75,172.75,0,0001,101259.5
2020-03-07 23:00:00,-43.75,172.75,0,0001,101260.25
2020-03-08 00:00:00,-43.75,172.75,0,0001,101197.81
2020-03-08 01:00:00,-43.75,172.75,0,0001,101187.125
2020-03-08 02:00:00,-43.75,172.75,0,0001,101157.69
2020-03-08 03:00:00,-43.75,172.75,0,0001,101091.81
2020-03-08 04:00:00,-43.75,172.75,0,0001,101026.875
2020-03-08 05:00:00,-43.75,172.75,0,0001,100966.06
2020-03-08 06:00:00,-43.75,172.75,0,0001,100916.81
2020-03-08 07:00:00,-43.75,172.75,0,0001,100868.25
2020-03-08 08:00:00,-43.75,172.75,0,0001,100822.5
2020-03-08 09:00:00,-43.75,172.75,0,0001,100823.25
2020-03-08 10:00:00,-43.75,172.75,0,0001,100710.94
2020-03-08 11:00:00,-43.75,172.75,0,0001,100675.06
2020-03-08 12:00:00,-43.75,172.75,0,0001,100625.06
2020-03-08 13:00:00,-43.75,172.75,0,0001,100547.56
2020-03-08 14:00:00,-43.75,172.75,0,0001,100478.75
2020-03-08 15:00:00,-43.75,172.75,0,0001,100399.44
2020-03-08 16:00:00,-43.75,172.75,0,0001,100340.75
2020-03-08 17:00:00,-43.75,172.75,0,0001,100308.06
2020-03-08 18:00:00,-43.75,172.75,0,0001,100292.5
2020-03-08 19:00:00,-43.75,172.75,0,0001,100277.81
2020-03-08 20:00:00,-43.75,172.75,0,0001,100278.75
2020-03-08 21:00:00,-43.75,172.75,0,0001,100281.875
2020-03-08 22:00:00,-43.75,172.75,0,0001,100208.06
2020-03-08 23:00:00,-43.75,172.75,0,0001,100148.44
2020-03-09 00:00:00,-43.75,172.75,0,0001,100138.94
2020-03-09 01:00:00,-43.75,172.75,0,0001,100060.125
2020-03-09 02:00:00,-43.75,172.75,0,0001,100024.625
2020-03-09 03:00:00,-43.75,172.75,0,0001,99955.375
2020-03-09 04:00:00,-43.75,172.75,0,0001,99921.0
2020-03-09 05:00:00,-43.75,172.75,0,0001,99915.75
2020-03-09 06:00:00,-43.75,172.75,0,0001,99922.125
2020-03-09 07:00:00,-43.75,172.75,0,0001,99951.25
2020-03-09 08:00:00,-43.75,172.75,0,0001,99977.56
2020-03-09 09:00:00,-43.75,172.75,0,0001,100038.5
2020-03-09 10:00:00,-43.75,172.75,0,0001,100090.19
2020-03-09 11:00:00,-43.75,172.75,0,0001,100099.56
2020-03-09 12:00:00,-43.75,172.75,0,0001,100117.625
2020-03-09 13:00:00,-43.75,172.75,0,0001,100168.56
2020-03-09 14:00:00,-43.75,172.75,0,0001,100169.5
2020-03-09 15:00:00,-43.75,172.75,0,0001,100198.19
2020-03-09 16:00:00,-43.75,172.75,0,0001,100217.81
2020-03-09 17:00:00,-43.75,172.75,0,0001,100260.375
2020-03-09 18:00:00,-43.75,172.75,0,0001,100312.875
2020-03-09 19:00:00,-43.75,172.75,0,0001,100373.875
2020-03-09 20:00:00,-43.75,172.75,0,0001,100418.56
2020-03-09 21:00:00,-43.75,172.75,0,0001,100500.25
2020-03-09 22:00:00,-43.75,172.75,0,0001,100614.69
2020-03-09 23:00:00,-43.75,172.75,0,0001,100674.375
2020-03-10 00:00:00,-43.75,172.75,0,0001,100681.31
2020-03-10 01:00:00,-43.75,172.75,0,0001,100719.375
2020-03-10 02:00:00,-43.75,172.75,0,0001,100721.0
2020-03-10 03:00:00,-43.75,172.75,0,0001,100748.5
2020-03-10 04:00:00,-43.75,172.75,0,0001,100756.125
2020-03-10 05:00:00,-43.75,172.75,0,0001,100769.19
2020-03-10 06:00:00,-43.75,172.75,0,0001,100828.94
2020-03-10 07:00:00,-43.75,172.75,0,0001,100908.125
2020-03-10 08:00:00,-43.75,172.75,0,0001,101024.56
2020-03-10 09:00:00,-43.75,172.75,0,0001,101100.75
2020-03-10 10:00:00,-43.75,172.75,0,0001,101144.06
2020-03-10 11:00:00,-43.75,172.75,0,0001,101196.06
2020-03-10 12:00:00,-43.75,172.75,0,0001,101264.875
2020-03-10 13:00:00,-43.75,172.75,0,0001,101304.875
2020-03-10 14:00:00,-43.75,172.75,0,0001,101345.69
2020-03-10 15:00:00,-43.75,172.75,0,0001,101349.56
2020-03-10 16:00:00,-43.75,172.75,0,0001,101370.375
2020-03-10 17:00:00,-43.75,172.75,0,0001,101414.875
2020-03-10 18:00:00,-43.75,172.75,0,0001,101467.0
2020-03-10 19:00:00,-43.75,172.75,0,0001,101505.44
2020-03-10 20:00:00,-43.75,172.75,0,0001,101582.06
2020-03-10 21:00:00,-43.75,172.75,0,0001,101640.69
2020-03-10 22:00:00,-43.75,172.75,0,0001,101702.125
2020-03-10 23:00:00,-43.75,172.75,0,0001,101723.0
2020-03-11 00:00:00,-43.75,172.75,0,0001,101751.25
2020-03-11 01:00:00,-43.75,172.75,0,0001,101780.5
2020-03-11 02:00:00,-43.75,172.75,0,0001,101818.375
2020-03-11 03:00:00,-43.75,172.75,0,0001,101804.06
2020-03-11 04:00:00,-43.75,172.75,0,0001,101824.81
2020-03-11 05:00:00,-43.75,172.75,0,0001,101834.875
2020-03-11 06:00:00,-43.75,172.75,0,0001,101911.94
2020-03-11 07:00:00,-43.75,172.75,0,0001,101938.875
2020-03-11 08:00:00,-43.75,172.75,0,0001,102022.75
2020-03-11 09:00:00,-43.75,172.75,0,0001,102109.0
2020-03-11 10:00:00,-43.75,172.75,0,0001,102110.19
2020-03-11 11:00:00,-43.75,172.75,0,0001,102145.56
2020-03-11 12:00:00,-43.75,172.75,0,0001,102205.125
2020-03-11 13:00:00,-43.75,172.75,0,0001,102207.81
2020-03-11 14:00:00,-43.75,172.75,0,0001,102224.625
2020-03-11 15:00:00,-43.75,172.75,0,0001,102220.125
2020-03-11 16:00:00,-43.75,172.75,0,0001,102240.5
2020-03-11 17:00:00,-43.75,172.75,0,0001,102277.19
2020-03-11 18:00:00,-43.75,172.75,0,0001,102291.0
2020-03-11 19:00:00,-43.75,172.75,0,0001,102379.5
2020-03-11 20:00:00,-43.75,172.75,0,0001,102405.31
2020-03-11 21:00:00,-43.75,172.75,0,0001,102496.81
2020-03-11 22:00:00,-43.75,172.75,0,0001,102502.06
2020-03-11 23:00:00,-43.75,172.75,0,0001,102495.5
2020-03-12 00:00:00,-43.75,172.75,0,0001,102467.25
2020-03-12 01:00:00,-43.75,172.75,0,0001,102419.0
2020-03-12 02:00:00,-43.75,172.75,0,0001,102445.69
2020-03-12 03:00:00,-43.75,172.75,0,0001,102421.56
2020-03-12 04:00:00,-43.75,172.75,0,0001,102436.75
2020-03-12 05:00:00,-43.75,172.75,0,0001,102473.19
2020-03-12 06:00:00,-43.75,172.75,0,0001,102510.875
2020-03-12 07:00:00,-43.75,172.75,0,0001,102584.44
2020-03-12 08:00:00,-43.75,172.75,0,0001,102635.31
2020-03-12 09:00:00,-43.75,172.75,0,0001,102730.31
2020-03-12 10:00:00,-43.75,172.75,0,0001,102703.875
2020-03-12 11:00:00,-43.75,172.75,0,0001,102738.875
2020-03-12 12:00:00,-43.75,172.75,0,0001,102731.94
2020-03-12 13:00:00,-43.75,172.75,0,0001,102705.875
2020-03-12 14:00:00,-43.75,172.75,0,0001,102696.125
2020-03-12 15:00:00,-43.75,172.75,0,0001,102664.375
2020-03-12 16:00:00,-43.75,172.75,0,0001,102631.375
2020-03-12 17:00:00,-43.75,172.75,0,0001,102607.81
2020-03-12 18:00:00,-43.75,172.75,0,0001,102622.69
2020-03-12 19:00:00,-43.75,172.75,0,0001,102636.94
2020-03-12 20:00:00,-43.75,172.75,0,0001,102632.25
2020-03-12 21:00:00,-43.75,172.75,0,0001,102666.06
2020-03-12 22:00:00,-43.75,172.75,0,0001,102667.69
2020-03-12 23:00:00,-43.75,172.75,0,0001,102629.375
2020-03-13 00:00:00,-43.75,172.75,0,0001,102604.0
2020-03-13 01:00:00,-43.75,172.75,0,0001,102507.69
2020-03-13 02:00:00,-43.75,172.75,0,0001,102463.31
2020-03-13 03:00:00,-43.75,172.75,0,0001,102390.56
2020-03-13 04:00:00,-43.75,172.75,0,0001,102316.625
2020-03-13 05:00:00,-43.75,172.75,0,0001,102295.31
2020-03-13 06:00:00,-43.75,172.75,0,0001,102283.44
2020-03-13 07:00:00,-43.75,172.75,0,0001,102267.56
2020-03-13 08:00:00,-43.75,172.75,0,0001,102260.75
2020-03-13 09:00:00,-43.75,172.75,0,0001,102286.875
2020-03-13 10:00:00,-43.75,172.75,0,0001,102225.19
2020-03-13 11:00:00,-43.75,172.75,0,0001,102155.81
2020-03-13 12:00:00,-43.75,172.75,0,0001,102074.375
2020-03-13 13:00:00,-43.75,172.75,0,0001,102001.125
2020-03-13 14:00:00,-43.75,172.75,0,0001,101966.56
2020-03-13 15:00:00,-43.75,172.75,0,0001,101888.19
2020-03-13 16:00:00,-43.75,172.75,0,0001,101839.44
2020-03-13 17:00:00,-43.75,172.75,0,0001,101806.31
2020-03-13 18:00:00,-43.75,172.75,0,0001,101769.625
2020-03-13 19:00:00,-43.75,172.75,0,0001,101760.5
2020-03-13 20:00:00,-43.75,172.75,0,0001,101745.875
2020-03-13 21:00:00,-43.75,172.75,0,0001,101745.19
2020-03-13 22:00:00,-43.75,172.75,0,0001,101734.31
2020-03-13 23:00:00,-43.75,172.75,0,0001,101683.44
2020-03-14 00:00:00,-43.75,172.75,0,0001,101634.94
2020-03-14 01:00:00,-43.75,172.75,0,0001,101557.81
2020-03-14 02:00:00,-43.75,172.75,0,0001,101502.81
2020-03-14 03:00:00,-43.75,172.75,0,0001,101456.25
2020-03-14 04:00:00,-43.75,172.75,0,0001,101430.125
2020-03-14 05:00:00,-43.75,172.75,0,0001,101427.56
2020-03-14 06:00:00,-43.75,172.75,0,0001,101451.125
2020-03-14 07:00:00,-43.75,172.75,0,0001,101488.44
2020-03-14 08:00:00,-43.75,172.75,0,0001,101563.75
2020-03-14 09:00:00,-43.75,172.75,0,0001,101603.69
2020-03-14 10:00:00,-43.75,172.75,0,0001,101633.0
2020-03-14 11:00:00,-43.75,172.75,0,0001,101681.19
2020-03-14 12:00:00,-43.75,172.75,0,0001,101694.25
2020-03-14 13:00:00,-43.75,172.75,0,0001,101680.375
2020-03-14 14:00:00,-43.75,172.75,0,0001,101655.25
2020-03-14 15:00:00,-43.75,172.75,0,0001,101612.06
2020-03-14 16:00:00,-43.75,172.75,0,0001,101579.81
2020-03-14 17:00:00,-43.75,172.75,0,0001,101554.5
2020-03-14 18:00:00,-43.75,172.75,0,0001,101567.875
2020-03-14 19:00:00,-43.75,172.75,0,0001,101574.81
2020-03-14 20:00:00,-43.75,172.75,0,0001,101559.375
2020-03-14 21:00:00,-43.75,172.75,0,0001,101554.56
2020-03-14 22:00:00,-43.75,172.75,0,0001,101487.31
2020-03-14 23:00:00,-43.75,172.75,0,0001,101459.625
2020-03-15 00:00:00,-43.75,172.75,0,0001,101408.19
2020-03-15 01:00:00,-43.75,172.75,0,0001,101286.56
2020-03-15 02:00:00,-43.75,172.75,0,0001,101218.69
2020-03-15 03:00:00,-43.75,172.75,0,0001,101090.44
2020-03-15 04:00:00,-43.75,172.75,0,0001,101027.06
2020-03-15 05:00:00,-43.75,172.75,0,0001,100943.19
2020-03-15 06:00:00,-43.75,172.75,0,0001,100937.25
2020-03-15 07:00:00,-43.75,172.75,0,0001,100853.5
2020-03-15 08:00:00,-43.75,172.75,0,0001,100879.75
2020-03-15 09:00:00,-43.75,172.75,0,0001,100865.44
2020-03-15 10:00:00,-43.75,172.75,0,0001,100830.375
2020-03-15 11:00:00,-43.75,172.75,0,0001,100808.0
2020-03-15 12:00:00,-43.75,172.75,0,0001,100729.19
2020-03-15 13:00:00,-43.75,172.75,0,0001,100715.375
2020-03-15 14:00:00,-43.75,172.75,0,0001,100693.875
2020-03-15 15:00:00,-43.75,172.75,0,0001,100671.25
2020-03-15 16:00:00,-43.75,172.75,0,0001,100688.06
2020-03-15 17:00:00,-43.75,172.75,0,0001,100691.625
2020-03-15 18:00:00,-43.75,172.75,0,0001,100743.06
2020-03-15 19:00:00,-43.75,172.75,0,0001,100810.06
2020-03-15 20:00:00,-43.75,172.75,0,0001,100903.06
2020-03-15 21:00:00,-43.75,172.75,0,0001,101013.69
2020-03-15 22:00:00,-43.75,172.75,0,0001,101178.375
2020-03-15 23:00:00,-43.75,172.75,0,0001,101207.69
2020-03-16 00:00:00,-43.75,172.75,0,0001,101244.81
2020-03-16 01:00:00,-43.75,172.75,0,0001,101269.69
2020-03-16 02:00:00,-43.75,172.75,0,0001,101318.06
2020-03-16 03:00:00,-43.75,172.75,0,0001,101358.06
2020-03-16 04:00:00,-43.75,172.75,0,0001,101454.0
2020-03-16 05:00:00,-43.75,172.75,0,0001,101568.56
2020-03-16 06:00:00,-43.75,172.75,0,0001,101685.75
2020-03-16 07:00:00,-43.75,172.75,0,0001,101786.0
2020-03-16 08:00:00,-43.75,172.75,0,0001,101896.19
2020-03-16 09:00:00,-43.75,172.75,0,0001,102013.875
2020-03-16 10:00:00,-43.75,172.75,0,0001,102088.31
2020-03-16 11:00:00,-43.75,172.75,0,0001,102104.5
2020-03-16 12:00:00,-43.75,172.75,0,0001,102200.19
2020-03-16 13:00:00,-43.75,172.75,0,0001,102211.56
2020-03-16 14:00:00,-43.75,172.75,0,0001,102215.94
2020-03-16 15:00:00,-43.75,172.75,0,0001,102257.81
2020-03-16 16:00:00,-43.75,172.75,0,0001,102272.19
2020-03-16 17:00:00,-43.75,172.75,0,0001,102314.69
2020-03-16 18:00:00,-43.75,172.75,0,0001,102329.44
2020-03-16 19:00:00,-43.75,172.75,0,0001,102387.81
2020-03-16 20:00:00,-43.75,172.75,0,0001,102362.125
2020-03-16 21:00:00,-43.75,172.75,0,0001,102409.81
2020-03-16 22:00:00,-43.75,172.75,0,0001,102436.81
2020-03-16 23:00:00,-43.75,172.75,0,0001,102419.75
2020-03-17 00:00:00,-43.75,172.75,0,0001,102389.94
2020-03-17 01:00:00,-43.75,172.75,0,0001,102363.19
2020-03-17 02:00:00,-43.75,172.75,0,0001,102343.0
2020-03-17 03:00:00,-43.75,172.75,0,0001,102343.25
2020-03-17 04:00:00,-43.75,172.75,0,0001,102339.875
2020-03-17 05:00:00,-43.75,172.75,0,0001,102338.625
2020-03-17 06:00:00,-43.75,172.75,0,0001,102388.75
2020-03-17 07:00:00,-43.75,172.75,0,0001,102402.25
2020-03-17 08:00:00,-43.75,172.75,0,0001,102418.94
2020-03-17 09:00:00,-43.75,172.75,0,0001,102468.69
2020-03-17 10:00:00,-43.75,172.75,0,0001,102413.56
2020-03-17 11:00:00,-43.75,172.75,0,0001,102417.25
2020-03-17 12:00:00,-43.75,172.75,0,0001,102408.81
2020-03-17 13:00:00,-43.75,172.75,0,0001,102367.94
2020-03-17 14:00:00,-43.75,172.75,0,0001,102345.81
2020-03-17 15:00:00,-43.75,172.75,0,0001,102285.69
2020-03-17 16:00:00,-43.75,172.75,0,0001,102260.125
2020-03-17 17:00:00,-43.75,172.75,0,0001,102206.69
2020-03-17 18:00:00,-43.75,172.75,0,0001,102215.06
2020-03-17 19:00:00,-43.75,172.75,0,0001,102206.56
2020-03-17 20:00:00,-43.75,172.75,0,0001,102208.75
2020-03-17 21:00:00,-43.75,172.75,0,0001,102198.56
2020-03-17 22:00:00,-43.75,172.75,0,0001,102166.69
2020-03-17 23:00:00,-43.75,172.75,0,0001,102117.31
2020-03-18 00:00:00,-43.75,172.75,0,0001,102021.44
2020-03-18 01:00:00,-43.75,172.75,0,0001,101960.125
2020-03-18 02:00:00,-43.75,172.75,0,0001,101852.5
2020-03-18 03:00:00,-43.75,172.75,0,0001,101768.0
2020-03-18 04:00:00,-43.75,172.75,0,0001,101705.56
2020-03-18 05:00:00,-43.75,172.75,0,0001,101654.06
2020-03-18 06:00:00,-43.75,172.75,0,0001,101662.19
2020-03-18 07:00:00,-43.75,172.75,0,0001,101625.69
2020-03-18 08:00:00,-43.75,172.75,0,0001,101644.5
2020-03-18 09:00:00,-43.75,172.75,0,0001,101632.5
2020-03-18 10:00:00,-43.75,172.75,0,0001,101607.0
2020-03-18 11:00:00,-43.75,172.75,0,0001,101527.19
2020-03-18 12:00:00,-43.75,172.75,0,0001,101486.125
2020-03-18 13:00:00,-43.75,172.75,0,0001,101424.56
2020-03-18 14:00:00,-43.75,172.75,0,0001,101363.81
2020-03-18 15:00:00,-43.75,172.75,0,0001,101276.06
2020-03-18 16:00:00,-43.75,172.75,0,0001,101207.56
2020-03-18 17:00:00,-43.75,172.75,0,0001,101180.125
2020-03-18 18:00:00,-43.75,172.75,0,0001,101161.19
2020-03-18 19:00:00,-43.75,172.75,0,0001,101195.56
2020-03-18 20:00:00,-43.75,172.75,0,0001,101188.0
2020-03-18 21:00:00,-43.75,172.75,0,0001,101183.25
2020-03-18 22:00:00,-43.75,172.75,0,0001,101185.56
2020-03-18 23:00:00,-43.75,172.75,0,0001,101044.875
2020-03-19 00:00:00,-43.75,172.75,0,0001,100982.375
2020-03-19 01:00:00,-43.75,172.75,0,0001,100910.06
2020-03-19 02:00:00,-43.75,172.75,0,0001,100798.81
2020-03-19 03:00:00,-43.75,172.75,0,0001,100719.625
2020-03-19 04:00:00,-43.75,172.75,0,0001,100632.19
2020-03-19 05:00:00,-43.75,172.75,0,0001,100613.75
2020-03-19 06:00:00,-43.75,172.75,0,0001,100606.44
2020-03-19 07:00:00,-43.75,172.75,0,0001,100637.375
2020-03-19 08:00:00,-43.75,172.75,0,0001,100685.75
2020-03-19 09:00:00,-43.75,172.75,0,0001,100701.75
2020-03-19 10:00:00,-43.75,172.75,0,0001,100686.75
2020-03-19 11:00:00,-43.75,172.75,0,0001,100599.5
2020-03-19 12:00:00,-43.75,172.75,0,0001,100616.125
2020-03-19 13:00:00,-43.75,172.75,0,0001,100594.375
2020-03-19 14:00:00,-43.75,172.75,0,0001,100606.75
2020-03-19 15:00:00,-43.75,172.75,0,0001,100589.75
2020-03-19 16:00:00,-43.75,172.75,0,0001,100603.69
2020-03-19 17:00:00,-43.75,172.75,0,0001,100775.94
2020-03-19 18:00:00,-43.75,172.75,0,0001,100966.56
2020-03-19 19:00:00,-43.75,172.75,0,0001,101100.56
2020-03-19 20:00:00,-43.75,172.75,0,0001,101215.69
2020-03-19 21:00:00,-43.75,172.75,0,0001,101332.375
2020-03-19 22:00:00,-43.75,172.75,0,0001,101468.94
2020-03-19 23:00:00,-43.75,172.75,0,0001,101464.19
2020-03-20 00:00:00,-43.75,172.75,0,0001,101543.31
2020-03-20 01:00:00,-43.75,172.75,0,0001,101520.69
2020-03-20 02:00:00,-43.75,172.75,0,0001,101568.44
2020-03-20 03:00:00,-43.75,172.75,0,0001,101553.06
2020-03-20 04:00:00,-43.75,172.75,0,0001,101574.69
2020-03-20 05:00:00,-43.75,172.75,0,0001,101608.375
2020-03-20 06:00:00,-43.75,172.75,0,0001,101671.0
2020-03-20 07:00:00,-43.75,172.75,0,0001,101688.69
2020-03-20 08:00:00,-43.75,172.75,0,0001,101772.06
2020-03-20 09:00:00,-43.75,172.75,0,0001,101807.06
2020-03-20 10:00:00,-43.75,172.75,0,0001,101846.75
2020-03-20 11:00:00,-43.75,172.75,0,0001,101856.375
2020-03-20 12:00:00,-43.75,172.75,0,0001,101877.875
2020-03-20 13:00:00,-43.75,172.75,0,0001,101833.25
2020-03-20 14:00:00,-43.75,172.75,0,0001,101824.81
2020-03-20 15:00:00,-43.75,172.75,0,0001,101744.875
2020-03-20 16:00:00,-43.75,172.75,0,0001,101754.81
2020-03-20 17:00:00,-43.75,172.75,0,0001,101716.625
2020-03-20 18:00:00,-43.75,172.75,0,0001,101728.75
2020-03-20 19:00:00,-43.75,172.75,0,0001,101697.81
2020-03-20 20:00:00,-43.75,172.75,0,0001,101653.875
2020-03-20 21:00:00,-43.75,172.75,0,0001,101634.5
2020-03-20 22:00:00,-43.75,172.75,0,0001,101568.0
2020-03-20 23:00:00,-43.75,172.75,0,0001,101480.125
2020-03-21 00:00:00,-43.75,172.75,0,0001,101402.625
2020-03-21 01:00:00,-43.75,172.75,0,0001,101285.31
2020-03-21 02:00:00,-43.75,172.75,0,0001,101163.5
2020-03-21 03:00:00,-43.75,172.75,0,0001,101053.375
2020-03-21 04:00:00,-43.75,172.75,0,0001,100969.0
2020-03-21 05:00:00,-43.75,172.75,0,0001,100784.44
2020-03-21 06:00:00,-43.75,172.75,0,0001,100706.125
2020-03-21 07:00:00,-43.75,172.75,0,0001,100633.75
2020-03-21 08:00:00,-43.75,172.75,0,0001,100554.31
2020-03-21 09:00:00,-43.75,172.75,0,0001,100464.125
2020-03-21 10:00:00,-43.75,172.75,0,0001,100373.69
2020-03-21 11:00:00,-43.75,172.75,0,0001,100401.06
2020-03-21 12:00:00,-43.75,172.75,0,0001,100390.06
2020-03-21 13:00:00,-43.75,172.75,0,0001,100399.94
2020-03-21 14:00:00,-43.75,172.75,0,0001,100435.81
2020-03-21 15:00:00,-43.75,172.75,0,0001,100395.375
2020-03-21 16:00:00,-43.75,172.75,0,0001,100413.625
2020-03-21 17:00:00,-43.75,172.75,0,0001,100414.56
2020-03-21 18:00:00,-43.75,172.75,0,0001,100456.5
2020-03-21 19:00:00,-43.75,172.75,0,0001,100478.06
2020-03-21 20:00:00,-43.75,172.75,0,0001,100520.875
2020-03-21 21:00:00,-43.75,172.75,0,0001,100547.06
2020-03-21 22:00:00,-43.75,172.75,0,0001,100620.5
2020-03-21 23:00:00,-43.75,172.75,0,0001,100594.69
2020-03-22 00:00:00,-43.75,172.75,0,0001,100555.31
2020-03-22 01:00:00,-43.75,172.75,0,0001,100532.69
2020-03-22 02:00:00,-43.75,172.75,0,0001,100541.31
2020-03-22 03:00:00,-43.75,172.75,0,0001,100550.31
2020-03-22 04:00:00,-43.75,172.75,0,0001,100646.25
2020-03-22 05:00:00,-43.75,172.75,0,0001,100726.75
2020-03-22 06:00:00,-43.75,172.75,0,0001,100790.81
2020-03-22 07:00:00,-43.75,172.75,0,0001,100874.81
2020-03-22 08:00:00,-43.75,172.75,0,0001,100981.31
2020-03-22 09:00:00,-43.75,172.75,0,0001,101027.25
2020-03-22 10:00:00,-43.75,172.75,0,0001,101089.94
2020-03-22 11:00:00,-43.75,172.75,0,0001,101029.56
2020-03-22 12:00:00,-43.75,172.75,0,0001,100979.5
2020-03-22 13:00:00,-43.75,172.75,0,0001,100918.25
2020-03-22 14:00:00,-43.75,172.75,0,0001,100890.56
2020-03-22 15:00:00,-43.75,172.75,0,0001,100795.375
2020-03-22 16:00:00,-43.75,172.75,0,0001,100730.81
2020-03-22 17:00:00,-43.75,172.75,0,0001,100656.875
2020-03-22 18:00:00,-43.75,172.75,0,0001,100593.625
2020-03-22 19:00:00,-43.75,172.75,0,0001,100514.81
2020-03-22 20:00:00,-43.75,172.75,0,0001,100479.56
2020-03-22 21:00:00,-43.75,172.75,0,0001,100393.81
2020-03-22 22:00:00,-43.75,172.75,0,0001,100343.625
2020-03-22 23:00:00,-43.75,172.75,0,0001,100211.0
2020-03-23 00:00:00,-43.75,172.75,0,0001,100080.44
2020-03-23 01:00:00,-43.75,172.75,0,0001,99895.81
2020-03-23 02:00:00,-43.75,172.75,0,0001,99736.44
2020-03-23 03:00:00,-43.75,172.75,0,0001,99559.375
2020-03-23 04:00:00,-43.75,172.75,0,0001,99398.56
2020-03-23 05:00:00,-43.75,172.75,0,0001,99325.81
2020-03-23 06:00:00,-43.75,172.75,0,0001,99276.44
2020-03-23 07:00:00,-43.75,172.75,0,0001,99287.81
2020-03-23 08:00:00,-43.75,172.75,0,0001,99610.44
2020-03-23 09:00:00,-43.75,172.75,0,0001,99857.75
2020-03-23 10:00:00,-43.75,172.75,0,0001,100119.31
2020-03-23 11:00:00,-43.75,172.75,0,0001,100104.56
2020-03-23 12:00:00,-43.75,172.75,0,0001,100136.69
2020-03-23 13:00:00,-43.75,172.75,0,0001,100164.25
2020-03-23 14:00:00,-43.75,172.75,0,0001,100199.375
2020-03-23 15:00:00,-43.75,172.75,0,0001,100277.44
2020-03-23 16:00:00,-43.75,172.75,0,0001,100261.44
2020-03-23 17:00:00,-43.75,172.75,0,0001,100312.875
2020-03-23 18:00:00,-43.75,172.75,0,0001,100324.44
2020-03-23 19:00:00,-43.75,172.75,0,0001,100377.375
2020-03-23 20:00:00,-43.75,172.75,0,0001,100379.625
2020-03-23 21:00:00,-43.75,172.75,0,0001,100383.25
2020-03-23 22:00:00,-43.75,172.75,0,0001,100384.56
2020-03-23 23:00:00,-43.75,172.75,0,0001,100413.94
2020-03-24 00:00:00,-43.75,172.75,0,0001,100419.375
2020-03-24 01:00:00,-43.75,172.75,0,0001,100502.19
2020-03-24 02:00:00,-43.75,172.75,0,0001,100552.81
2020-03-24 03:00:00,-43.75,172.75,0,0001,100596.44
2020-03-24 04:00:00,-43.75,172.75,0,0001,100639.94
2020-03-24 05:00:00,-43.75,172.75,0,0001,100632.75
2020-03-24 06:00:00,-43.75,172.75,0,0001,100691.0
2020-03-24 07:00:00,-43.75,172.75,0,0001,100717.5
2020-03-24 08:00:00,-43.75,172.75,0,0001,100833.5
2020-03-24 09:00:00,-43.75,172.75,0,0001,100922.625
2020-03-24 10:00:00,-43.75,172.75,0,0001,101021.19
2020-03-24 11:00:00,-43.75,172.75,0,0001,101024.75
2020-03-24 12:00:00,-43.75,172.75,0,0001,101061.375
2020-03-24 13:00:00,-43.75,172.75,0,0001,101063.625
2020-03-24 14:00:00,-43.75,172.75,0,0001,101113.69
2020-03-24 15:00:00,-43.75,172.75,0,0001,101131.94
2020-03-24 16:00:00,-43.75,172.75,0,0001,101171.94
2020-03-24 17:00:00,-43.75,172.75,0,0001,101169.25
2020-03-24 18:00:00,-43.75,172.75,0,0001,101211.81
2020-03-24 19:00:00,-43.75,172.75,0,0001,101243.875
2020-03-24 20:00:00,-43.75,172.75,0,0001,101286.06
2020-03-24 21:00:00,-43.75,172.75,0,0001,101300.5
2020-03-24 22:00:00,-43.75,172.75,0,0001,101327.25
2020-03-24 23:00:00,-43.75,172.75,0,0001,101366.06
2020-03-25 00:00:00,-43.75,172.75,0,0001,101310.31
2020-03-25 01:00:00,-43.75,172.75,0,0001,101312.44
2020-03-25 02:00:00,-43.75,172.75,0,0001,101323.125
2020-03-25 03:00:00,-43.75,172.75,0,0001,101313.31
2020-03-25 04:00:00,-43.75,172.75,0,0001,101352.625
2020-03-25 05:00:00,-43.75,172.75,0,0001,101359.5
2020-03-25 06:00:00,-43.75,172.75,0,0001,101408.375
2020-03-25 07:00:00,-43.75,172.75,0,0001,101437.875
2020-03-25 08:00:00,-43.75,172.75,0,0001,101447.125
2020-03-25 09:00:00,-43.75,172.75,0,0001,101517.94
2020-03-25 10:00:00,-43.75,172.75,0,0001,101506.625
2020-03-25 11:00:00,-43.75,172.75,0,0001,101492.44
2020-03-25 12:00:00,-43.75,172.75,0,0001,101470.375
2020-03-25 13:00:00,-43.75,172.75,0,0001,101391.56
2020-03-25 14:00:00,-43.75,172.75,0,0001,101404.56
2020-03-25 15:00:00,-43.75,172.75,0,0001,101293.44
2020-03-25 16:00:00,-43.75,172.75,0,0001,101294.06
2020-03-25 17:00:00,-43.75,172.75,0,0001,101244.875
2020-03-25 18:00:00,-43.75,172.75,0,0001,101295.06
2020-03-25 19:00:00,-43.75,172.75,0,0001,101256.375
2020-03-25 20:00:00,-43.75,172.75,0,0001,101269.375
2020-03-25 21:00:00,-43.75,172.75,0,0001,101230.125
2020-03-25 22:00:00,-43.75,172.75,0,0001,101217.25
2020-03-25 23:00:00,-43.75,172.75,0,0001,101174.56
2020-03-26 00:00:00,-43.75,172.75,0,0001,101111.19
2020-03-26 01:00:00,-43.75,172.75,0,0001,101040.125
2020-03-26 02:00:00,-43.75,172.75,0,0001,100972.81
2020-03-26 03:00:00,-43.75,172.75,0,0001,100939.94
2020-03-26 04:00:00,-43.75,172.75,0,0001,100901.94
2020-03-26 05:00:00,-43.75,172.75,0,0001,100888.375
2020-03-26 06:00:00,-43.75,172.75,0,0001,100920.81
2020-03-26 07:00:00,-43.75,172.75,0,0001,100971.06
2020-03-26 08:00:00,-43.75,172.75,0,0001,101031.875
2020-03-26 09:00:00,-43.75,172.75,0,0001,101095.0
2020-03-26 10:00:00,-43.75,172.75,0,0001,101135.31
2020-03-26 11:00:00,-43.75,172.75,0,0001,101197.125
2020-03-26 12:00:00,-43.75,172.75,0,0001,101269.125
2020-03-26 13:00:00,-43.75,172.75,0,0001,101355.06
2020-03-26 14:00:00,-43.75,172.75,0,0001,101404.81
2020-03-26 15:00:00,-43.75,172.75,0,0001,101414.625
2020-03-26 16:00:00,-43.75,172.75,0,0001,101461.94
2020-03-26 17:00:00,-43.75,172.75,0,0001,101531.625
2020-03-26 18:00:00,-43.75,172.75,0,0001,101598.375
2020-03-26 19:00:00,-43.75,172.75,0,0001,101666.81
2020-03-26 20:00:00,-43.75,172.75,0,0001,101770.81
2020-03-26 21:00:00,-43.75,172.75,0,0001,101864.56
2020-03-26 22:00:00,-43.75,172.75,0,0001,101990.25
2020-03-26 23:00:00,-43.75,172.75,0,0001,102036.375
2020-03-27 00:00:00,-43.75,172.75,0,0001,102075.06
2020-03-27 01:00:00,-43.75,172.75,0,0001,102101.06
2020-03-27 02:00:00,-43.75,172.75,0,0001,102153.31
2020-03-27 03:00:00,-43.75,172.75,0,0001,102177.625
2020-03-27 04:00:00,-43.75,172.75,0,0001,102202.19
2020-03-27 05:00:00,-43.75,172.75,0,0001,102203.69
2020-03-27 06:00:00,-43.75,172.75,0,0001,102238.19
2020-03-27 07:00:00,-43.75,172.75,0,0001,102319.125
2020-03-27 08:00:00,-43.75,172.75,0,0001,102417.375
2020-03-27 09:00:00,-43.75,172.75,0,0001,102439.75
2020-03-27 10:00:00,-43.75,172.75,0,0001,102424.0
2020-03-27 11:00:00,-43.75,172.75,0,0001,102451.19
2020-03-27 12:00:00,-43.75,172.75,0,0001,102465.25
2020-03-27 13:00:00,-43.75,172.75,0,0001,102478.56
2020-03-27 14:00:00,-43.75,172.75,0,0001,102511.125
2020-03-27 15:00:00,-43.75,172.75,0,0001,102475.75
2020-03-27 16:00:00,-43.75,172.75,0,0001,102510.31
2020-03-27 17:00:00,-43.75,172.75,0,0001,102520.375
2020-03-27 18:00:00,-43.75,172.75,0,0001,102583.375
2020-03-27 19:00:00,-43.75,172.75,0,0001,102580.06
2020-03-27 20:00:00,-43.75,172.75,0,0001,102642.125
2020-03-27 21:00:00,-43.75,172.75,0,0001,102687.19
2020-03-27 22:00:00,-43.75,172.75,0,0001,102758.625
2020-03-27 23:00:00,-43.75,172.75,0,0001,102740.56
2020-03-28 00:00:00,-43.75,172.75,0,0001,102751.19
2020-03-28 01:00:00,-43.75,172.75,0,0001,102761.81
2020-03-28 02:00:00,-43.75,172.75,0,0001,102788.0
2020-03-28 03:00:00,-43.75,172.75,0,0001,102828.75
2020-03-28 04:00:00,-43.75,172.75,0,0001,102841.56
2020-03-28 05:00:00,-43.75,172.75,0,0001,102839.875
2020-03-28 06:00:00,-43.75,172.75,0,0001,102887.81
2020-03-28 07:00:00,-43.75,172.75,0,0001,102913.75
2020-03-28 08:00:00,-43.75,172.75,0,0001,102978.31
2020-03-28 09:00:00,-43.75,172.75,0,0001,103033.81
2020-03-28 10:00:00,-43.75,172.75,0,0001,103066.0
2020-03-28 11:00:00,-43.75,172.75,0,0001,103120.25
2020-03-28 12:00:00,-43.75,172.75,0,0001,103108.375
2020-03-28 13:00:00,-43.75,172.75,0,0001,103145.56
2020-03-28 14:00:00,-43.75,172.75,0,0001,103140.94
2020-03-28 15:00:00,-43.75,172.75,0,0001,103113.56
2020-03-28 16:00:00,-43.75,172.75,0,0001,103115.94
2020-03-28 17:00:00,-43.75,172.75,0,0001,103124.625
2020-03-28 18:00:00,-43.75,172.75,0,0001,103160.56
2020-03-28 19:00:00,-43.75,172.75,0,0001,103177.69
2020-03-28 20:00:00,-43.75,172.75,0,0001,103204.75
2020-03-28 21:00:00,-43.75,172.75,0,0001,103234.875
2020-03-28 22:00:00,-43.75,172.75,0,0001,103257.19
2020-03-28 23:00:00,-43.75,172.75,0,0001,103244.75
2020-03-29 00:00:00,-43.75,172.75,0,0001,103187.5
2020-03-29 01:00:00,-43.75,172.75,0,0001,103131.19
2020-03-29 02:00:00,-43.75,172.75,0,0001,103086.125
2020-03-29 03:00:00,-43.75,172.75,0,0001,103060.25
2020-03-29 04:00:00,-43.75,172.75,0,0001,103005.25
2020-03-29 05:00:00,-43.75,172.75,0,0001,102972.94
2020-03-29 06:00:00,-43.75,172.75,0,0001,102954.25
2020-03-29 07:00:00,-43.75,172.75,0,0001,102887.75
2020-03-29 08:00:00,-43.75,172.75,0,0001,102891.44
2020-03-29 09:00:00,-43.75,172.75,0,0001,102884.75
2020-03-29 10:00:00,-43.75,172.75,0,0001,102920.375
2020-03-29 11:00:00,-43.75,172.75,0,0001,102875.81
2020-03-29 12:00:00,-43.75,172.75,0,0001,102823.125
2020-03-29 13:00:00,-43.75,172.75,0,0001,102788.94
2020-03-29 14:00:00,-43.75,172.75,0,0001,102756.0
2020-03-29 15:00:00,-43.75,172.75,0,0001,102710.875
2020-03-29 16:00:00,-43.75,172.75,0,0001,102705.94
2020-03-29 17:00:00,-43.75,172.75,0,0001,102692.44
2020-03-29 18:00:00,-43.75,172.75,0,0001,102691.25
2020-03-29 19:00:00,-43.75,172.75,0,0001,102693.56
2020-03-29 20:00:00,-43.75,172.75,0,0001,102723.56
2020-03-29 21:00:00,-43.75,172.75,0,0001,102732.625
2020-03-29 22:00:00,-43.75,172.75,0,0001,102704.0
2020-03-29 23:00:00,-43.75,172.75,0,0001,102687.56
2020-03-30 00:00:00,-43.75,172.75,0,0001,102637.81
2020-03-30 01:00:00,-43.75,172.75,0,0001,102603.94
2020-03-30 02:00:00,-43.75,172.75,0,0001,102544.81
2020-03-30 03:00:00,-43.75,172.75,0,0001,102505.0
2020-03-30 04:00:00,-43.75,172.75,0,0001,102488.69
2020-03-30 05:00:00,-43.75,172.75,0,0001,102492.25
2020-03-30 06:00:00,-43.75,172.75,0,0001,102485.5
2020-03-30 07:00:00,-43.75,172.75,0,0001,102494.25
2020-03-30 08:00:00,-43.75,172.75,0,0001,102521.19
2020-03-30 09:00:00,-43.75,172.75,0,0001,102532.31
2020-03-30 10:00:00,-43.75,172.75,0,0001,102521.5
2020-03-30 11:00:00,-43.75,172.75,0,0001,102501.25
2020-03-30 12:00:00,-43.75,172.75,0,0001,102443.5
2020-03-30 13:00:00,-43.75,172.75,0,0001,102465.69
2020-03-30 14:00:00,-43.75,172.75,0,0001,102427.375
2020-03-30 15:00:00,-43.75,172.75,0,0001,102406.19
2020-03-30 16:00:00,-43.75,172.75,0,0001,102367.125
2020-03-30 17:00:00,-43.75,172.75,0,0001,102315.69
2020-03-30 18:00:00,-43.75,172.75,0,0001,102311.25
2020-03-30 19:00:00,-43.75,172.75,0,0001,102305.625
2020-03-30 20:00:00,-43.75,172.75,0,0001,102359.81
2020-03-30 21:00:00,-43.75,172.75,0,0001,102347.56
2020-03-30 22:00:00,-43.75,172.75,0,0001,102352.69
2020-03-30 23:00:00,-43.75,172.75,0,0001,102317.31
2020-03-31 00:00:00,-43.75,172.75,0,0001,102233.81
2020-03-31 01:00:00,-43.75,172.75,0,0001,102179.75
2020-03-31 02:00:00,-43.75,172.75,0,0001,102114.94
2020-03-31 03:00:00,-43.75,172.75,0,0001,102034.44
2020-03-31 04:00:00,-43.75,172.75,0,0001,102030.06
2020-03-31 05:00:00,-43.75,172.75,0,0001,102018.31
2020-03-31 06:00:00,-43.75,172.75,0,0001,102027.625
2020-03-31 07:00:00,-43.75,172.75,0,0001,102018.875
2020-03-31 08:00:00,-43.75,172.75,0,0001,102036.56
2020-03-31 09:00:00,-43.75,172.75,0,0001,102043.25
2020-03-31 10:00:00,-43.75,172.75,0,0001,102027.0
2020-03-31 11:00:00,-43.75,172.75,0,0001,102051.31
2020-03-31 12:00:00,-43.75,172.75,0,0001,102020.94
2020-03-31 13:00:00,-43.75,172.75,0,0001,102028.375
2020-03-31 14:00:00,-43.75,172.75,0,0001,101988.0
2020-03-31 15:00:00,-43.75,172.75,0,0001,101950.625
2020-03-31 16:00:00,-43.75,172.75,0,0001,101936.875
2020-03-31 17:00:00,-43.75,172.75,0,0001,101949.44
2020-03-31 18:00:00,-43.75,172.75,0,0001,101971.69
2020-03-31 19:00:00,-43.75,172.75,0,0001,102007.5
2020-03-31 20:00:00,-43.75,172.75,0,0001,102047.81
2020-03-31 21:00:00,-43.75,172.75,0,0001,102085.06
2020-03-31 22:00:00,-43.75,172.75,0,0001,102089.56
2020-03-31 23:00:00,-43.75,172.75,0,0001,102102.0
2020-04-01 00:00:00,-43.75,172.75,0,0001,102025.81
2020-04-01 01:00:00,-43.75,172.75,0,0001,101984.875
2020-04-01 02:00:00,-43.75,172.75,0,0001,101918.25
2020-04-01 03:00:00,-43.75,172.75,0,0001,101920.06
2020-04-01 04:00:00,-43.75,172.75,0,0001,101915.375
2020-04-01 05:00:00,-43.75,172.75,0,0001,101953.44
2020-04-01 06:00:00,-43.75,172.75,0,0001,102007.25
2020-04-01 07:00:00,-43.75,172.75,0,0001,102052.25
2020-04-01 08:00:00,-43.75,172.75,0,0001,102108.625
2020-04-01 09:00:00,-43.75,172.75,0,0001,102156.19
2020-04-01 10:00:00,-43.75,172.75,0,0001,102158.625
2020-04-01 11:00:00,-43.75,172.75,0,0001,102148.56
2020-04-01 12:00:00,-43.75,172.75,0,0001,102174.19
2020-04-01 13:00:00,-43.75,172.75,0,0001,102144.06
2020-04-01 14:00:00,-43.75,172.75,0,0001,102131.94
2020-04-01 15:00:00,-43.75,172.75,0,0001,102106.5
2020-04-01 16:00:00,-43.75,172.75,0,0001,102090.44
2020-04-01 17:00:00,-43.75,172.75,0,0001,102088.875
2020-04-01 18:00:00,-43.75,172.75,0,0001,102140.69
2020-04-01 19:00:00,-43.75,172.75,0,0001,102163.19
2020-04-01 20:00:00,-43.75,172.75,0,0001,102190.25
2020-04-01 21:00:00,-43.75,172.75,0,0001,102239.875
2020-04-01 22:00:00,-43.75,172.75,0,0001,102239.19
2020-04-01 23:00:00,-43.75,172.75,0,0001,102199.94
2020-04-02 00:00:00,-43.75,172.75,0,0001,102175.69
2020-04-02 01:00:00,-43.75,172.75,0,0001,102099.5
2020-04-02 02:00:00,-43.75,172.75,0,0001,102046.25
2020-04-02 03:00:00,-43.75,172.75,0,0001,102036.625
2020-04-02 04:00:00,-43.75,172.75,0,0001,102028.625
2020-04-02 05:00:00,-43.75,172.75,0,0001,102076.875
2020-04-02 06:00:00,-43.75,172.75,0,0001,102124.69
2020-04-02 07:00:00,-43.75,172.75,0,0001,102178.94
2020-04-02 08:00:00,-43.75,172.75,0,0001,102228.06
2020-04-02 09:00:00,-43.75,172.75,0,0001,102292.56
2020-04-02 10:00:00,-43.75,172.75,0,0001,102253.875
2020-04-02 11:00:00,-43.75,172.75,0,0001,102283.0
2020-04-02 12:00:00,-43.75,172.75,0,0001,102255.19
2020-04-02 13:00:00,-43.75,172.75,0,0001,102277.5
2020-04-02 14:00:00,-43.75,172.75,0,0001,102277.875
2020-04-02 15:00:00,-43.75,172.75,0,0001,102266.69
2020-04-02 16:00:00,-43.75,172.75,0,0001,102221.31
2020-04-02 17:00:00,-43.75,172.75,0,0001,102248.31
2020-04-02 18:00:00,-43.75,172.75,0,0001,102278.06
2020-04-02 19:00:00,-43.75,172.75,0,0001,102334.125
2020-04-02 20:00:00,-43.75,172.75,0,0001,102381.94
2020-04-02 21:00:00,-43.75,172.75,0,0001,102421.31
2020-04-02 22:00:00,-43.75,172.75,0,0001,102432.0
2020-04-02 23:00:00,-43.75,172.75,0,0001,102401.375
2020-04-03 00:00:00,-43.75,172.75,0,0001,102408.69
2020-04-03 01:00:00,-43.75,172.75,0,0001,102323.69
2020-04-03 02:00:00,-43.75,172.75,0,0001,102314.94
2020-04-03 03:00:00,-43.75,172.75,0,0001,102295.56
2020-04-03 04:00:00,-43.75,172.75,0,0001,102309.56
2020-04-03 05:00:00,-43.75,172.75,0,0001,102366.125
2020-04-03 06:00:00,-43.75,172.75,0,0001,102388.06
2020-04-03 07:00:00,-43.75,172.75,0,0001,102442.06
2020-04-03 08:00:00,-43.75,172.75,0,0001,102491.625
2020-04-03 09:00:00,-43.75,172.75,0,0001,102509.875
2020-04-03 10:00:00,-43.75,172.75,0,0001,102542.0
2020-04-03 11:00:00,-43.75,172.75,0,0001,102544.5
2020-04-03 12:00:00,-43.75,172.75,0,0001,102575.56
2020-04-03 13:00:00,-43.75,172.75,0,0001,102549.75
2020-04-03 14:00:00,-43.75,172.75,0,0001,102561.56
2020-04-03 15:00:00,-43.75,172.75,0,0001,102514.56
2020-04-03 16:00:00,-43.75,172.75,0,0001,102491.375
2020-04-03 17:00:00,-43.75,172.75,0,0001,102520.56
2020-04-03 18:00:00,-43.75,172.75,0,0001,102536.06
2020-04-03 19:00:00,-43.75,172.75,0,0001,102573.19
2020-04-03 20:00:00,-43.75,172.75,0,0001,102575.69
2020-04-03 21:00:00,-43.75,172.75,0,0001,102626.81
2020-04-03 22:00:00,-43.75,172.75,0,0001,102614.56
2020-04-03 23:00:00,-43.75,172.75,0,0001,102596.94
2020-04-04 00:00:00,-43.75,172.75,0,0001,102569.125
2020-04-04 01:00:00,-43.75,172.75,0,0001,102539.81
2020-04-04 02:00:00,-43.75,172.75,0,0001,102530.375
2020-04-04 03:00:00,-43.75,172.75,0,0001,102538.5
2020-04-04 04:00:00,-43.75,172.75,0,0001,102525.375
2020-04-04 05:00:00,-43.75,172.75,0,0001,102528.625
2020-04-04 06:00:00,-43.75,172.75,0,0001,102521.125
2020-04-04 07:00:00,-43.75,172.75,0,0001,102548.81
2020-04-04 08:00:00,-43.75,172.75,0,0001,102609.625
2020-04-04 09:00:00,-43.75,172.75,0,0001,102585.5
2020-04-04 10:00:00,-43.75,172.75,0,0001,102628.94
2020-04-04 11:00:00,-43.75,172.75,0,0001,102643.75
2020-04-04 12:00:00,-43.75,172.75,0,0001,102587.81
2020-04-04 13:00:00,-43.75,172.75,0,0001,102544.19
2020-04-04 14:00:00,-43.75,172.75,0,0001,102569.75
2020-04-04 15:00:00,-43.75,172.75,0,0001,102511.69
2020-04-04 16:00:00,-43.75,172.75,0,0001,102473.125
2020-04-04 17:00:00,-43.75,172.75,0,0001,102449.56
2020-04-04 18:00:00,-43.75,172.75,0,0001,102430.06
2020-04-04 19:00:00,-43.75,172.75,0,0001,102421.5
2020-04-04 20:00:00,-43.75,172.75,0,0001,102468.56
2020-04-04 21:00:00,-43.75,172.75,0,0001,102482.19
2020-04-04 22:00:00,-43.75,172.75,0,0001,102533.5
2020-04-04 23:00:00,-43.75,172.75,0,0001,102480.19
2020-04-05 00:00:00,-43.75,172.75,0,0001,102460.125
2020-04-05 01:00:00,-43.75,172.75,0,0001,102383.25
2020-04-05 02:00:00,-43.75,172.75,0,0001,102352.5
2020-04-05 03:00:00,-43.75,172.75,0,0001,102291.44
2020-04-05 04:00:00,-43.75,172.75,0,0001,102284.56
2020-04-05 05:00:00,-43.75,172.75,0,0001,102285.56
2020-04-05 06:00:00,-43.75,172.75,0,0001,102283.56
2020-04-05 07:00:00,-43.75,172.75,0,0001,102312.69
2020-04-05 08:00:00,-43.75,172.75,0,0001,102320.125
2020-04-05 09:00:00,-43.75,172.75,0,0001,102311.94
2020-04-05 10:00:00,-43.75,172.75,0,0001,102291.19
2020-04-05 11:00:00,-43.75,172.75,0,0001,102285.5
2020-04-05 12:00:00,-43.75,172.75,0,0001,102295.31
2020-04-05 13:00:00,-43.75,172.75,0,0001,102254.56
2020-04-05 14:00:00,-43.75,172.75,0,0001,102231.69
2020-04-05 15:00:00,-43.75,172.75,0,0001,102168.19
2020-04-05 16:00:00,-43.75,172.75,0,0001,102114.875
2020-04-05 17:00:00,-43.75,172.75,0,0001,102098.44
2020-04-05 18:00:00,-43.75,172.75,0,0001,102060.94
2020-04-05 19:00:00,-43.75,172.75,0,0001,102060.625
2020-04-05 20:00:00,-43.75,172.75,0,0001,102057.19
2020-04-05 21:00:00,-43.75,172.75,0,0001,102075.875
2020-04-05 22:00:00,-43.75,172.75,0,0001,102045.81
2020-04-05 23:00:00,-43.75,172.75,0,0001,102029.25
2020-04-06 00:00:00,-43.75,172.75,0,0001,101892.06
2020-04-06 01:00:00,-43.75,172.75,0,0001,101801.19
2020-04-06 02:00:00,-43.75,172.75,0,0001,101703.06
2020-04-06 03:00:00,-43.75,172.75,0,0001,101649.875
2020-04-06 04:00:00,-43.75,172.75,0,0001,101599.31
2020-04-06 05:00:00,-43.75,172.75,0,0001,101571.75
2020-04-06 06:00:00,-43.75,172.75,0,0001,101524.69
2020-04-06 07:00:00,-43.75,172.75,0,0001,101504.31
2020-04-06 08:00:00,-43.75,172.75,0,0001,101505.19
2020-04-06 09:00:00,-43.75,172.75,0,0001,101446.44
2020-04-06 10:00:00,-43.75,172.75,0,0001,101466.875
2020-04-06 11:00:00,-43.75,172.75,0,0001,101443.25
2020-04-06 12:00:00,-43.75,172.75,0,0001,101361.5
2020-04-06 13:00:00,-43.75,172.75,0,0001,101297.44
2020-04-06 14:00:00,-43.75,172.75,0,0001,101250.19
2020-04-06 15:00:00,-43.75,172.75,0,0001,101126.125
2020-04-06 16:00:00,-43.75,172.75,0,0001,101032.5
2020-04-06 17:00:00,-43.75,172.75,0,0001,100954.19
2020-04-06 18:00:00,-43.75,172.75,0,0001,100908.31
2020-04-06 19:00:00,-43.75,172.75,0,0001,100859.875
2020-04-06 20:00:00,-43.75,172.75,0,0001,100847.56
2020-04-06 21:00:00,-43.75,172.75,0,0001,100816.19
2020-04-06 22:00:00,-43.75,172.75,0,0001,100771.69
2020-04-06 23:00:00,-43.75,172.75,0,0001,100701.81
2020-04-07 00:00:00,-43.75,172.75,0,0001,100635.31
2020-04-07 01:00:00,-43.75,172.75,0,0001,100561.125
2020-04-07 02:00:00,-43.75,172.75,0,0001,100502.125
2020-04-07 03:00:00,-43.75,172.75,0,0001,100450.81
2020-04-07 04:00:00,-43.75,172.75,0,0001,100413.56
2020-04-07 05:00:00,-43.75,172.75,0,0001,100400.31
2020-04-07 06:00:00,-43.75,172.75,0,0001,100449.375
2020-04-07 07:00:00,-43.75,172.75,0,0001,100593.5
2020-04-07 08:00:00,-43.75,172.75,0,0001,100752.375
2020-04-07 09:00:00,-43.75,172.75,0,0001,100870.56
2020-04-07 10:00:00,-43.75,172.75,0,0001,101029.06
2020-04-07 11:00:00,-43.75,172.75,0,0001,101127.5
2020-04-07 12:00:00,-43.75,172.75,0,0001,101136.625
2020-04-07 13:00:00,-43.75,172.75,0,0001,101171.56
2020-04-07 14:00:00,-43.75,172.75,0,0001,101188.81
2020-04-07 15:00:00,-43.75,172.75,0,0001,101202.44
2020-04-07 16:00:00,-43.75,172.75,0,0001,101178.0
2020-04-07 17:00:00,-43.75,172.75,0,0001,101194.625
2020-04-07 18:00:00,-43.75,172.75,0,0001,101186.25
2020-04-07 19:00:00,-43.75,172.75,0,0001,101189.31
2020-04-07 20:00:00,-43.75,172.75,0,0001,101157.06
2020-04-07 21:00:00,-43.75,172.75,0,0001,101196.625
2020-04-07 22:00:00,-43.75,172.75,0,0001,101150.19
2020-04-07 23:00:00,-43.75,172.75,0,0001,101115.625
2020-04-08 00:00:00,-43.75,172.75,0,0001,101033.5
2020-04-08 01:00:00,-43.75,172.75,0,0001,100997.31
2020-04-08 02:00:00,-43.75,172.75,0,0001,100888.875
2020-04-08 03:00:00,-43.75,172.75,0,0001,100872.0
2020-04-08 04:00:00,-43.75,172.75,0,0001,100820.0
2020-04-08 05:00:00,-43.75,172.75,0,0001,100844.125
2020-04-08 06:00:00,-43.75,172.75,0,0001,100802.94
2020-04-08 07:00:00,-43.75,172.75,0,0001,100818.125
2020-04-08 08:00:00,-43.75,172.75,0,0001,100816.94
2020-04-08 09:00:00,-43.75,172.75,0,0001,100822.25
2020-04-08 10:00:00,-43.75,172.75,0,0001,100819.375
2020-04-08 11:00:00,-43.75,172.75,0,0001,100813.625
2020-04-08 12:00:00,-43.75,172.75,0,0001,100839.69
2020-04-08 13:00:00,-43.75,172.75,0,0001,100844.56
2020-04-08 14:00:00,-43.75,172.75,0,0001,100960.0
2020-04-08 15:00:00,-43.75,172.75,0,0001,100976.75
2020-04-08 16:00:00,-43.75,172.75,0,0001,101002.19
2020-04-08 17:00:00,-43.75,172.75,0,0001,101016.375
2020-04-08 18:00:00,-43.75,172.75,0,0001,101105.19
2020-04-08 19:00:00,-43.75,172.75,0,0001,101117.56
2020-04-08 20:00:00,-43.75,172.75,0,0001,101173.5
2020-04-08 21:00:00,-43.75,172.75,0,0001,101218.375
2020-04-08 22:00:00,-43.75,172.75,0,0001,101219.81
2020-04-08 23:00:00,-43.75,172.75,0,0001,101251.375
2020-04-09 00:00:00,-43.75,172.75,0,0001,101177.81
2020-04-09 01:00:00,-43.75,172.75,0,0001,101124.0
2020-04-09 02:00:00,-43.75,172.75,0,0001,101096.25
2020-04-09 03:00:00,-43.75,172.75,0,0001,101063.625
2020-04-09 04:00:00,-43.75,172.75,0,0001,101067.5
2020-04-09 05:00:00,-43.75,172.75,0,0001,101106.5
2020-04-09 06:00:00,-43.75,172.75,0,0001,101099.25
2020-04-09 07:00:00,-43.75,172.75,0,0001,101172.94
2020-04-09 08:00:00,-43.75,172.75,0,0001,101244.625
2020-04-09 09:00:00,-43.75,172.75,0,0001,101350.875
2020-04-09 10:00:00,-43.75,172.75,0,0001,101404.44
2020-04-09 11:00:00,-43.75,172.75,0,0001,101428.56
2020-04-09 12:00:00,-43.75,172.75,0,0001,101472.125
2020-04-09 13:00:00,-43.75,172.75,0,0001,101489.31
2020-04-09 14:00:00,-43.75,172.75,0,0001,101520.875
2020-04-09 15:00:00,-43.75,172.75,0,0001,101511.56
2020-04-09 16:00:00,-43.75,172.75,0,0001,101488.625
2020-04-09 17:00:00,-43.75,172.75,0,0001,101488.81
2020-04-09 18:00:00,-43.75,172.75,0,0001,101536.44
2020-04-09 19:00:00,-43.75,172.75,0,0001,101569.375
2020-04-09 20:00:00,-43.75,172.75,0,0001,101596.06
2020-04-09 21:00:00,-43.75,172.75,0,0001,101654.75
2020-04-09 22:00:00,-43.75,172.75,0,0001,101619.56
2020-04-09 23:00:00,-43.75,172.75,0,0001,101655.19
2020-04-10 00:00:00,-43.75,172.75,0,0001,101557.375
2020-04-10 01:00:00,-43.75,172.75,0,0001,101493.44
2020-04-10 02:00:00,-43.75,172.75,0,0001,101400.56
2020-04-10 03:00:00,-43.75,172.75,0,0001,101361.25
2020-04-10 04:00:00,-43.75,172.75,0,0001,101337.25
2020-04-10 05:00:00,-43.75,172.75,0,0001,101356.31
2020-04-10 06:00:00,-43.75,172.75,0,0001,101330.94
2020-04-10 07:00:00,-43.75,172.75,0,0001,101380.375
2020-04-10 08:00:00,-43.75,172.75,0,0001,101354.5
2020-04-10 09:00:00,-43.75,172.75,0,0001,101364.44
2020-04-10 10:00:00,-43.75,172.75,0,0001,101354.875
2020-04-10 11:00:00,-43.75,172.75,0,0001,101371.25
2020-04-10 12:00:00,-43.75,172.75,0,0001,101310.69
2020-04-10 13:00:00,-43.75,172.75,0,0001,101287.94
2020-04-10 14:00:00,-43.75,172.75,0,0001,101244.19
2020-04-10 15:00:00,-43.75,172.75,0,0001,101203.44
2020-04-10 16:00:00,-43.75,172.75,0,0001,101139.94
2020-04-10 17:00:00,-43.75,172.75,0,0001,101125.125
2020-04-10 18:00:00,-43.75,172.75,0,0001,101106.81
2020-04-10 19:00:00,-43.75,172.75,0,0001,101091.56
2020-04-10 20:00:00,-43.75,172.75,0,0001,101092.19
2020-04-10 21:00:00,-43.75,172.75,0,0001,101074.44
2020-04-10 22:00:00,-43.75,172.75,0,0001,101014.25
2020-04-10 23:00:00,-43.75,172.75,0,0001,100988.375
2020-04-11 00:00:00,-43.75,172.75,0,0001,100931.31
2020-04-11 01:00:00,-43.75,172.75,0,0001,100857.81
2020-04-11 02:00:00,-43.75,172.75,0,0001,100793.94
2020-04-11 03:00:00,-43.75,172.75,0,0001,100769.125
2020-04-11 04:00:00,-43.75,172.75,0,0001,100714.0
2020-04-11 05:00:00,-43.75,172.75,0,0001,100659.06
2020-04-11 06:00:00,-43.75,172.75,0,0001,100625.69
2020-04-11 07:00:00,-43.75,172.75,0,0001,100609.81
2020-04-11 08:00:00,-43.75,172.75,0,0001,100600.0
2020-04-11 09:00:00,-43.75,172.75,0,0001,100584.81
2020-04-11 10:00:00,-43.75,172.75,0,0001,100521.25
2020-04-11 11:00:00,-43.75,172.75,0,0001,100506.125
2020-04-11 12:00:00,-43.75,172.75,0,0001,100415.375
2020-04-11 13:00:00,-43.75,172.75,0,0001,100361.44
2020-04-11 14:00:00,-43.75,172.75,0,0001,100285.69
2020-04-11 15:00:00,-43.75,172.75,0,0001,100249.56
2020-04-11 16:00:00,-43.75,172.75,0,0001,100191.5
2020-04-11 17:00:00,-43.75,172.75,0,0001,100112.75
2020-04-11 18:00:00,-43.75,172.75,0,0001,100128.31
2020-04-11 19:00:00,-43.75,172.75,0,0001,100076.375
2020-04-11 20:00:00,-43.75,172.75,0,0001,100070.375
2020-04-11 21:00:00,-43.75,172.75,0,0001,100041.31
2020-04-11 22:00:00,-43.75,172.75,0,0001,99966.31
2020-04-11 23:00:00,-43.75,172.75,0,0001,99873.94
2020-04-12 00:00:00,-43.75,172.75,0,0001,99711.06
2020-04-12 01:00:00,-43.75,172.75,0,0001,99572.56
2020-04-12 02:00:00,-43.75,172.75,0,0001,99455.44
2020-04-12 03:00:00,-43.75,172.75,0,0001,99335.69
2020-04-12 04:00:00,-43.75,172.75,0,0001,99202.375
2020-04-12 05:00:00,-43.75,172.75,0,0001,99101.875
2020-04-12 06:00:00,-43.75,172.75,0,0001,98982.5
2020-04-12 07:00:00,-43.75,172.75,0,0001,98792.0
2020-04-12 08:00:00,-43.75,172.75,0,0001,98695.31
2020-04-12 09:00:00,-43.75,172.75,0,0001,98591.0
2020-04-12 10:00:00,-43.75,172.75,0,0001,98335.56
2020-04-12 11:00:00,-43.75,172.75,0,0001,98361.5
2020-04-12 12:00:00,-43.75,172.75,0,0001,98292.0
2020-04-12 13:00:00,-43.75,172.75,0,0001,98187.75
2020-04-12 14:00:00,-43.75,172.75,0,0001,98027.125
2020-04-12 15:00:00,-43.75,172.75,0,0001,97845.0
2020-04-12 16:00:00,-43.75,172.75,0,0001,97707.56
2020-04-12 17:00:00,-43.75,172.75,0,0001,97711.625
2020-04-12 18:00:00,-43.75,172.75,0,0001,97888.75
2020-04-12 19:00:00,-43.75,172.75,0,0001,98123.125
2020-04-12 20:00:00,-43.75,172.75,0,0001,98453.31
2020-04-12 21:00:00,-43.75,172.75,0,0001,98646.125
2020-04-12 22:00:00,-43.75,172.75,0,0001,98807.56
2020-04-12 23:00:00,-43.75,172.75,0,0001,98839.06
2020-04-13 00:00:00,-43.75,172.75,0,0001,98828.875
2020-04-13 01:00:00,-43.75,172.75,0,0001,98813.625
2020-04-13 02:00:00,-43.75,172.75,0,0001,98850.0
2020-04-13 03:00:00,-43.75,172.75,0,0001,98886.56
2020-04-13 04:00:00,-43.75,172.75,0,0001,98948.94
2020-04-13 05:00:00,-43.75,172.75,0,0001,98981.25
2020-04-13 06:00:00,-43.75,172.75,0,0001,98989.625
2020-04-13 07:00:00,-43.75,172.75,0,0001,99027.94
2020-04-13 08:00:00,-43.75,172.75,0,0001,99101.0
2020-04-13 09:00:00,-43.75,172.75,0,0001,99189.125
2020-04-13 10:00:00,-43.75,172.75,0,0001,99364.125
2020-04-13 11:00:00,-43.75,172.75,0,0001,99486.19
2020-04-13 12:00:00,-43.75,172.75,0,0001,99577.94
2020-04-13 13:00:00,-43.75,172.75,0,0001,99654.19
2020-04-13 14:00:00,-43.75,172.75,0,0001,99730.06
2020-04-13 15:00:00,-43.75,172.75,0,0001,99758.94
2020-04-13 16:00:00,-43.75,172.75,0,0001,99834.81
2020-04-13 17:00:00,-43.75,172.75,0,0001,99928.5
2020-04-13 18:00:00,-43.75,172.75,0,0001,100087.56
2020-04-13 19:00:00,-43.75,172.75,0,0001,100180.0
2020-04-13 20:00:00,-43.75,172.75,0,0001,100285.56
2020-04-13 21:00:00,-43.75,172.75,0,0001,100420.31
2020-04-13 22:00:00,-43.75,172.75,0,0001,100484.31
2020-04-13 23:00:00,-43.75,172.75,0,0001,100565.31
2020-04-14 00:00:00,-43.75,172.75,0,0001,100593.75
2020-04-14 01:00:00,-43.75,172.75,0,0001,100562.69
2020-04-14 02:00:00,-43.75,172.75,0,0001,100573.56
2020-04-14 03:00:00,-43.75,172.75,0,0001,100611.94
2020-04-14 04:00:00,-43.75,172.75,0,0001,100681.125
2020-04-14 05:00:00,-43.75,172.75,0,0001,100678.81
2020-04-14 06:00:00,-43.75,172.75,0,0001,100730.125
2020-04-14 07:00:00,-43.75,172.75,0,0001,100769.69
2020-04-14 08:00:00,-43.75,172.75,0,0001,100783.625
2020-04-14 09:00:00,-43.75,172.75,0,0001,100808.375
2020-04-14 10:00:00,-43.75,172.75,0,0001,100896.25
2020-04-14 11:00:00,-43.75,172.75,0,0001,100873.0
2020-04-14 12:00:00,-43.75,172.75,0,0001,100885.875
2020-04-14 13:00:00,-43.75,172.75,0,0001,100856.69
2020-04-14 14:00:00,-43.75,172.75,0,0001,100916.56
2020-04-14 15:00:00,-43.75,172.75,0,0001,100918.69
2020-04-14 16:00:00,-43.75,172.75,0,0001,100914.06
2020-04-14 17:00:00,-43.75,172.75,0,0001,100969.06
2020-04-14 18:00:00,-43.75,172.75,0,0001,101011.19
2020-04-14 19:00:00,-43.75,172.75,0,0001,101062.625
2020-04-14 20:00:00,-43.75,172.75,0,0001,101066.5
2020-04-14 21:00:00,-43.75,172.75,0,0001,101111.375
2020-04-14 22:00:00,-43.75,172.75,0,0001,101128.81
2020-04-14 23:00:00,-43.75,172.75,0,0001,101091.19
2020-04-15 00:00:00,-43.75,172.75,0,0001,101037.75
2020-04-15 01:00:00,-43.75,172.75,0,0001,100942.25
2020-04-15 02:00:00,-43.75,172.75,0,0001,100900.125
2020-04-15 03:00:00,-43.75,172.75,0,0001,100846.56
2020-04-15 04:00:00,-43.75,172.75,0,0001,100803.94
2020-04-15 05:00:00,-43.75,172.75,0,0001,100774.69
2020-04-15 06:00:00,-43.75,172.75,0,0001,100752.19
2020-04-15 07:00:00,-43.75,172.75,0,0001,100734.5
2020-04-15 08:00:00,-43.75,172.75,0,0001,100730.06
2020-04-15 09:00:00,-43.75,172.75,0,0001,100709.75
2020-04-15 10:00:00,-43.75,172.75,0,0001,100696.125
2020-04-15 11:00:00,-43.75,172.75,0,0001,100624.31
2020-04-15 12:00:00,-43.75,172.75,0,0001,100569.25
2020-04-15 13:00:00,-43.75,172.75,0,0001,100476.5
2020-04-15 14:00:00,-43.75,172.75,0,0001,100442.125
2020-04-15 15:00:00,-43.75,172.75,0,0001,100336.0
2020-04-15 16:00:00,-43.75,172.75,0,0001,100243.375
2020-04-15 17:00:00,-43.75,172.75,0,0001,100223.19
2020-04-15 18:00:00,-43.75,172.75,0,0001,100217.44
2020-04-15 19:00:00,-43.75,172.75,0,0001,100221.44
2020-04-15 20:00:00,-43.75,172.75,0,0001,100218.94
2020-04-15 21:00:00,-43.75,172.75,0,0001,100267.625
2020-04-15 22:00:00,-43.75,172.75,0,0001,100228.5
2020-04-15 23:00:00,-43.75,172.75,0,0001,100245.75
2020-04-16 00:00:00,-43.75,172.75,0,0001,100172.25
2020-04-16 01:00:00,-43.75,172.75,0,0001,100106.75
2020-04-16 02:00:00,-43.75,172.75,0,0001,100041.875
2020-04-16 03:00:00,-43.75,172.75,0,0001,99988.94
2020-04-16 04:00:00,-43.75,172.75,0,0001,99951.81
2020-04-16 05:00:00,-43.75,172.75,0,0001,99971.94
2020-04-16 06:00:00,-43.75,172.75,0,0001,99998.19
2020-04-16 07:00:00,-43.75,172.75,0,0001,99991.625
2020-04-16 08:00:00,-43.75,172.75,0,0001,99955.94
2020-04-16 09:00:00,-43.75,172.75,0,0001,99941.0
2020-04-16 10:00:00,-43.75,172.75,0,0001,100002.25
2020-04-16 11:00:00,-43.75,172.75,0,0001,99983.81
2020-04-16 12:00:00,-43.75,172.75,0,0001,99959.375
2020-04-16 13:00:00,-43.75,172.75,0,0001,99921.56
2020-04-16 14:00:00,-43.75,172.75,0,0001,99946.875
2020-04-16 15:00:00,-43.75,172.75,0,0001,99906.56
2020-04-16 16:00:00,-43.75,172.75,0,0001,99872.75
2020-04-16 17:00:00,-43.75,172.75,0,0001,99846.69
2020-04-16 18:00:00,-43.75,172.75,0,0001,99863.44
2020-04-16 19:00:00,-43.75,172.75,0,0001,99816.06
2020-04-16 20:00:00,-43.75,172.75,0,0001,99851.75
2020-04-16 21:00:00,-43.75,172.75,0,0001,99876.31
2020-04-16 22:00:00,-43.75,172.75,0,0001,99870.81
2020-04-16 23:00:00,-43.75,172.75,0,0001,99864.75
2020-04-17 00:00:00,-43.75,172.75,0,0001,99787.5
2020-04-17 01:00:00,-43.75,172.75,0,0001,99708.81
2020-04-17 02:00:00,-43.75,172.75,0,0001,99610.69
2020-04-17 03:00:00,-43.75,172.75,0,0001,99614.875
2020-04-17 04:00:00,-43.75,172.75,0,0001,99607.875
2020-04-17 05:00:00,-43.75,172.75,0,0001,99643.94
2020-04-17 06:00:00,-43.75,172.75,0,0001,99629.94
2020-04-17 07:00:00,-43.75,172.75,0,0001,99689.375
2020-04-17 08:00:00,-43.75,172.75,0,0001,99722.81
2020-04-17 09:00:00,-43.75,172.75,0,0001,99724.125
2020-04-17 10:00:00,-43.75,172.75,0,0001,99719.5
2020-04-17 11:00:00,-43.75,172.75,0,0001,99715.375
2020-04-17 12:00:00,-43.75,172.75,0,0001,99713.69
2020-04-17 13:00:00,-43.75,172.75,0,0001,99702.125
2020-04-17 14:00:00,-43.75,172.75,0,0001,99660.125
2020-04-17 15:00:00,-43.75,172.75,0,0001,99590.25
2020-04-17 16:00:00,-43.75,172.75,0,0001,99474.5
2020-04-17 17:00:00,-43.75,172.75,0,0001,99429.19
2020-04-17 18:00:00,-43.75,172.75,0,0001,99367.44
2020-04-17 19:00:00,-43.75,172.75,0,0001,99319.75
2020-04-17 20:00:00,-43.75,172.75,0,0001,99331.625
2020-04-17 21:00:00,-43.75,172.75,0,0001,99296.125
2020-04-17 22:00:00,-43.75,172.75,0,0001,99263.25
2020-04-17 23:00:00,-43.75,172.75,0,0001,99256.625
2020-04-18 00:00:00,-43.75,172.75,0,0001,99210.56
2020-04-18 01:00:00,-43.75,172.75,0,0001,99155.94
2020-04-18 02:00:00,-43.75,172.75,0,0001,99137.75
2020-04-18 03:00:00,-43.75,172.75,0,0001,99203.31
2020-04-18 04:00:00,-43.75,172.75,0,0001,99308.5
2020-04-18 05:00:00,-43.75,172.75,0,0001,99394.94
2020-04-18 06:00:00,-43.75,172.75,0,0001,99463.375
2020-04-18 07:00:00,-43.75,172.75,0,0001,99542.75
2020-04-18 08:00:00,-43.75,172.75,0,0001,99581.81
2020-04-18 09:00:00,-43.75,172.75,0,0001,99569.25
2020-04-18 10:00:00,-43.75,172.75,0,0001,99597.56
2020-04-18 11:00:00,-43.75,172.75,0,0001,99574.56
2020-04-18 12:00:00,-43.75,172.75,0,0001,99504.94
2020-04-18 13:00:00,-43.75,172.75,0,0001,99496.0
2020-04-18 14:00:00,-43.75,172.75,0,0001,99520.5
2020-04-18 15:00:00,-43.75,172.75,0,0001,99537.0
2020-04-18 16:00:00,-43.75,172.75,0,0001,99516.69
2020-04-18 17:00:00,-43.75,172.75,0,0001,99557.56
2020-04-18 18:00:00,-43.75,172.75,0,0001,99566.5
2020-04-18 19:00:00,-43.75,172.75,0,0001,99637.625
2020-04-18 20:00:00,-43.75,172.75,0,0001,99728.06
2020-04-18 21:00:00,-43.75,172.75,0,0001,99807.19
2020-04-18 22:00:00,-43.75,172.75,0,0001,99928.31
2020-04-18 23:00:00,-43.75,172.75,0,0001,99961.19
2020-04-19 00:00:00,-43.75,172.75,0,0001,99991.69
2020-04-19 01:00:00,-43.75,172.75,0,0001,99968.25
2020-04-19 02:00:00,-43.75,172.75,0,0001,99983.5
2020-04-19 03:00:00,-43.75,172.75,0,0001,100050.31
2020-04-19 04:00:00,-43.75,172.75,0,0001,100133.375
2020-04-19 05:00:00,-43.75,172.75,0,0001,100202.75
2020-04-19 06:00:00,-43.75,172.75,0,0001,100298.56
2020-04-19 07:00:00,-43.75,172.75,0,0001,100398.375
2020-04-19 08:00:00,-43.75,172.75,0,0001,100519.81
2020-04-19 09:00:00,-43.75,172.75,0,0001,100601.44
2020-04-19 10:00:00,-43.75,172.75,0,0001,100656.0
2020-04-19 11:00:00,-43.75,172.75,0,0001,100689.5
2020-04-19 12:00:00,-43.75,172.75,0,0001,100739.875
2020-04-19 13:00:00,-43.75,172.75,0,0001,100780.69
2020-04-19 14:00:00,-43.75,172.75,0,0001,100850.56
2020-04-19 15:00:00,-43.75,172.75,0,0001,100846.25
2020-04-19 16:00:00,-43.75,172.75,0,0001,100866.31
2020-04-19 17:00:00,-43.75,172.75,0,0001,100920.31
2020-04-19 18:00:00,-43.75,172.75,0,0001,100948.69
2020-04-19 19:00:00,-43.75,172.75,0,0001,100975.375
2020-04-19 20:00:00,-43.75,172.75,0,0001,101060.31
2020-04-19 21:00:00,-43.75,172.75,0,0001,101162.125
2020-04-19 22:00:00,-43.75,172.75,0,0001,101127.44
2020-04-19 23:00:00,-43.75,172.75,0,0001,101114.44
2020-04-20 00:00:00,-43.75,172.75,0,0001,101042.69
2020-04-20 01:00:00,-43.75,172.75,0,0001,101011.56
2020-04-20 02:00:00,-43.75,172.75,0,0001,100980.31
2020-04-20 03:00:00,-43.75,172.75,0,0001,100996.19
2020-04-20 04:00:00,-43.75,172.75,0,0001,101011.69
2020-04-20 05:00:00,-43.75,172.75,0,0001,101084.31
2020-04-20 06:00:00,-43.75,172.75,0,0001,101139.19
2020-04-20 07:00:00,-43.75,172.75,0,0001,101215.44
2020-04-20 08:00:00,-43.75,172.75,0,0001,101283.69
2020-04-20 09:00:00,-43.75,172.75,0,0001,101338.19
2020-04-20 10:00:00,-43.75,172.75,0,0001,101377.25
2020-04-20 11:00:00,-43.75,172.75,0,0001,101423.875
2020-04-20 12:00:00,-43.75,172.75,0,0001,101441.31
2020-04-20 13:00:00,-43.75,172.75,0,0001,101486.81
2020-04-20 14:00:00,-43.75,172.75,0,0001,101481.56
2020-04-20 15:00:00,-43.75,172.75,0,0001,101520.625
2020-04-20 16:00:00,-43.75,172.75,0,0001,101506.625
2020-04-20 17:00:00,-43.75,172.75,0,0001,101546.5
2020-04-20 18:00:00,-43.75,172.75,0,0001,101573.375
2020-04-20 19:00:00,-43.75,172.75,0,0001,101616.5
2020-04-20 20:00:00,-43.75,172.75,0,0001,101660.25
2020-04-20 21:00:00,-43.75,172.75,0,0001,101717.06
2020-04-20 22:00:00,-43.75,172.75,0,0001,101687.625
2020-04-20 23:00:00,-43.75,172.75,0,0001,101674.81
2020-04-21 00:00:00,-43.75,172.75,0,0001,101652.31
2020-04-21 01:00:00,-43.75,172.75,0,0001,101593.06
2020-04-21 02:00:00,-43.75,172.75,0,0001,101546.25
2020-04-21 03:00:00,-43.75,172.75,0,0001,101530.19
2020-04-21 04:00:00,-43.75,172.75,0,0001,101512.25
2020-04-21 05:00:00,-43.75,172.75,0,0001,101520.06
2020-04-21 06:00:00,-43.75,172.75,0,0001,101509.44
2020-04-21 07:00:00,-43.75,172.75,0,0001,101505.44
2020-04-21 08:00:00,-43.75,172.75,0,0001,101528.19
2020-04-21 09:00:00,-43.75,172.75,0,0001,101531.81
2020-04-21 10:00:00,-43.75,172.75,0,0001,101552.25
2020-04-21 11:00:00,-43.75,172.75,0,0001,101536.06
2020-04-21 12:00:00,-43.75,172.75,0,0001,101508.06
2020-04-21 13:00:00,-43.75,172.75,0,0001,101453.81
2020-04-21 14:00:00,-43.75,172.75,0,0001,101419.94
2020-04-21 15:00:00,-43.75,172.75,0,0001,101398.0
2020-04-21 16:00:00,-43.75,172.75,0,0001,101371.0
2020-04-21 17:00:00,-43.75,172.75,0,0001,101366.0
2020-04-21 18:00:00,-43.75,172.75,0,0001,101416.375
2020-04-21 19:00:00,-43.75,172.75,0,0001,101452.125
2020-04-21 20:00:00,-43.75,172.75,0,0001,101514.06
2020-04-21 21:00:00,-43.75,172.75,0,0001,101609.375
2020-04-21 22:00:00,-43.75,172.75,0,0001,101574.19
2020-04-21 23:00:00,-43.75,172.75,0,0001,101584.25
2020-04-22 00:00:00,-43.75,172.75,0,0001,101546.375
2020-04-22 01:00:00,-43.75,172.75,0,0001,101489.5
2020-04-22 02:00:00,-43.75,172.75,0,0001,101420.81
2020-04-22 03:00:00,-43.75,172.75,0,0001,101443.94
2020-04-22 04:00:00,-43.75,172.75,0,0001,101446.0
2020-04-22 05:00:00,-43.75,172.75,0,0001,101455.0
2020-04-22 06:00:00,-43.75,172.75,0,0001,101442.375
2020-04-22 07:00:00,-43.75,172.75,0,0001,101466.0
2020-04-22 08:00:00,-43.75,172.75,0,0001,101491.5
2020-04-22 09:00:00,-43.75,172.75,0,0001,101492.44
2020-04-22 10:00:00,-43.75,172.75,0,0001,101478.125
2020-04-22 11:00:00,-43.75,172.75,0,0001,101487.44
2020-04-22 12:00:00,-43.75,172.75,0,0001,101460.625
2020-04-22 13:00:00,-43.75,172.75,0,0001,101402.75
2020-04-22 14:00:00,-43.75,172.75,0,0001,101399.0
2020-04-22 15:00:00,-43.75,172.75,0,0001,101321.375
2020-04-22 16:00:00,-43.75,172.75,0,0001,101260.56
2020-04-22 17:00:00,-43.75,172.75,0,0001,101226.69
2020-04-22 18:00:00,-43.75,172.75,0,0001,101193.56
2020-04-22 19:00:00,-43.75,172.75,0,0001,101150.625
2020-04-22 20:00:00,-43.75,172.75,0,0001,101150.0
2020-04-22 21:00:00,-43.75,172.75,0,0001,101154.75
2020-04-22 22:00:00,-43.75,172.75,0,0001,101095.25
2020-04-22 23:00:00,-43.75,172.75,0,0001,101093.25
2020-04-23 00:00:00,-43.75,172.75,0,0001,101019.44
2020-04-23 01:00:00,-43.75,172.75,0,0001,100968.375
2020-04-23 02:00:00,-43.75,172.75,0,0001,100922.31
2020-04-23 03:00:00,-43.75,172.75,0,0001,100910.19
2020-04-23 04:00:00,-43.75,172.75,0,0001,100929.69
2020-04-23 05:00:00,-43.75,172.75,0,0001,100898.875
2020-04-23 06:00:00,-43.75,172.75,0,0001,100897.25
2020-04-23 07:00:00,-43.75,172.75,0,0001,100911.19
2020-04-23 08:00:00,-43.75,172.75,0,0001,100917.44
2020-04-23 09:00:00,-43.75,172.75,0,0001,100949.06
2020-04-23 10:00:00,-43.75,172.75,0,0001,100953.625
2020-04-23 11:00:00,-43.75,172.75,0,0001,100987.5
2020-04-23 12:00:00,-43.75,172.75,0,0001,100940.69
2020-04-23 13:00:00,-43.75,172.75,0,0001,100945.94
2020-04-23 14:00:00,-43.75,172.75,0,0001,100933.56
2020-04-23 15:00:00,-43.75,172.75,0,0001,100922.94
2020-04-23 16:00:00,-43.75,172.75,0,0001,100937.94
2020-04-23 17:00:00,-43.75,172.75,0,0001,100943.94
2020-04-23 18:00:00,-43.75,172.75,0,0001,101001.81
2020-04-23 19:00:00,-43.75,172.75,0,0001,101026.94
2020-04-23 20:00:00,-43.75,172.75,0,0001,101089.19
2020-04-23 21:00:00,-43.75,172.75,0,0001,101123.25
2020-04-23 22:00:00,-43.75,172.75,0,0001,101161.0
2020-04-23 23:00:00,-43.75,172.75,0,0001,101147.125
2020-04-24 00:00:00,-43.75,172.75,0,0001,101087.31
2020-04-24 01:00:00,-43.75,172.75,0,0001,101047.69
2020-04-24 02:00:00,-43.75,172.75,0,0001,101058.31
2020-04-24 03:00:00,-43.75,172.75,0,0001,101068.0
2020-04-24 04:00:00,-43.75,172.75,0,0001,101081.69
2020-04-24 05:00:00,-43.75,172.75,0,0001,101062.375
2020-04-24 06:00:00,-43.75,172.75,0,0001,101099.75
2020-04-24 07:00:00,-43.75,172.75,0,0001,101125.06
2020-04-24 08:00:00,-43.75,172.75,0,0001,101140.25
2020-04-24 09:00:00,-43.75,172.75,0,0001,101141.19
2020-04-24 10:00:00,-43.75,172.75,0,0001,101149.31
2020-04-24 11:00:00,-43.75,172.75,0,0001,101100.06
2020-04-24 12:00:00,-43.75,172.75,0,0001,101039.81
2020-04-24 13:00:00,-43.75,172.75,0,0001,100985.75
2020-04-24 14:00:00,-43.75,172.75,0,0001,100926.125
2020-04-24 15:00:00,-43.75,172.75,0,0001,100868.5
2020-04-24 16:00:00,-43.75,172.75,0,0001,100820.5
2020-04-24 17:00:00,-43.75,172.75,0,0001,100771.81
2020-04-24 18:00:00,-43.75,172.75,0,0001,100767.0
2020-04-24 19:00:00,-43.75,172.75,0,0001,100721.875
2020-04-24 20:00:00,-43.75,172.75,0,0001,100740.875
2020-04-24 21:00:00,-43.75,172.75,0,0001,100733.06
2020-04-24 22:00:00,-43.75,172.75,0,0001,100750.125
2020-04-24 23:00:00,-43.75,172.75,0,0001,100727.06
2020-04-25 00:00:00,-43.75,172.75,0,0001,100719.69
2020-04-25 01:00:00,-43.75,172.75,0,0001,100692.31
2020-04-25 02:00:00,-43.75,172.75,0,0001,100699.125
2020-04-25 03:00:00,-43.75,172.75,0,0001,100781.31
2020-04-25 04:00:00,-43.75,172.75,0,0001,100886.375
2020-04-25 05:00:00,-43.75,172.75,0,0001,100967.69
2020-04-25 06:00:00,-43.75,172.75,0,0001,101088.19
2020-04-25 07:00:00,-43.75,172.75,0,0001,101258.81
2020-04-25 08:00:00,-43.75,172.75,0,0001,101425.69
2020-04-25 09:00:00,-43.75,172.75,0,0001,101536.44
2020-04-25 10:00:00,-43.75,172.75,0,0001,101700.44
2020-04-25 11:00:00,-43.75,172.75,0,0001,101795.375
2020-04-25 12:00:00,-43.75,172.75,0,0001,101830.06
2020-04-25 13:00:00,-43.75,172.75,0,0001,101828.625
2020-04-25 14:00:00,-43.75,172.75,0,0001,101841.0
2020-04-25 15:00:00,-43.75,172.75,0,0001,101875.125
2020-04-25 16:00:00,-43.75,172.75,0,0001,101843.56
2020-04-25 17:00:00,-43.75,172.75,0,0001,101836.625
2020-04-25 18:00:00,-43.75,172.75,0,0001,101850.94
2020-04-25 19:00:00,-43.75,172.75,0,0001,101860.0
2020-04-25 20:00:00,-43.75,172.75,0,0001,101857.69
2020-04-25 21:00:00,-43.75,172.75,0,0001,101884.5
2020-04-25 22:00:00,-43.75,172.75,0,0001,101823.125
2020-04-25 23:00:00,-43.75,172.75,0,0001,101808.25
2020-04-26 00:00:00,-43.75,172.75,0,0001,101758.69
2020-04-26 01:00:00,-43.75,172.75,0,0001,101658.625
2020-04-26 02:00:00,-43.75,172.75,0,0001,101593.0
2020-04-26 03:00:00,-43.75,172.75,0,0001,101529.0
2020-04-26 04:00:00,-43.75,172.75,0,0001,101489.5
2020-04-26 05:00:00,-43.75,172.75,0,0001,101430.625
2020-04-26 06:00:00,-43.75,172.75,0,0001,101390.25
2020-04-26 07:00:00,-43.75,172.75,0,0001,101341.31
2020-04-26 08:00:00,-43.75,172.75,0,0001,101303.5
2020-04-26 09:00:00,-43.75,172.75,0,0001,101251.56
2020-04-26 10:00:00,-43.75,172.75,0,0001,101204.375
2020-04-26 11:00:00,-43.75,172.75,0,0001,101145.25
2020-04-26 12:00:00,-43.75,172.75,0,0001,101056.31
2020-04-26 13:00:00,-43.75,172.75,0,0001,100973.06
2020-04-26 14:00:00,-43.75,172.75,0,0001,100910.19
2020-04-26 15:00:00,-43.75,172.75,0,0001,100818.5
2020-04-26 16:00:00,-43.75,172.75,0,0001,100754.56
2020-04-26 17:00:00,-43.75,172.75,0,0001,100704.19
2020-04-26 18:00:00,-43.75,172.75,0,0001,100685.19
2020-04-26 19:00:00,-43.75,172.75,0,0001,100682.0
2020-04-26 20:00:00,-43.75,172.75,0,0001,100643.31
2020-04-26 21:00:00,-43.75,172.75,0,0001,100644.625
2020-04-26 22:00:00,-43.75,172.75,0,0001,100638.31
2020-04-26 23:00:00,-43.75,172.75,0,0001,100581.19
2020-04-27 00:00:00,-43.75,172.75,0,0001,100470.31
2020-04-27 01:00:00,-43.75,172.75,0,0001,100363.75
2020-04-27 02:00:00,-43.75,172.75,0,0001,100374.44
2020-04-27 03:00:00,-43.75,172.75,0,0001,100417.25
2020-04-27 04:00:00,-43.75,172.75,0,0001,100488.81
2020-04-27 05:00:00,-43.75,172.75,0,0001,100551.44
2020-04-27 06:00:00,-43.75,172.75,0,0001,100704.56
2020-04-27 07:00:00,-43.75,172.75,0,0001,100847.56
2020-04-27 08:00:00,-43.75,172.75,0,0001,100987.56
2020-04-27 09:00:00,-43.75,172.75,0,0001,101123.0
2020-04-27 10:00:00,-43.75,172.75,0,0001,101238.75
2020-04-27 11:00:00,-43.75,172.75,0,0001,101334.19
2020-04-27 12:00:00,-43.75,172.75,0,0001,101351.625
2020-04-27 13:00:00,-43.75,172.75,0,0001,101431.875
2020-04-27 14:00:00,-43.75,172.75,0,0001,101512.06
2020-04-27 15:00:00,-43.75,172.75,0,0001,101565.94
2020-04-27 16:00:00,-43.75,172.75,0,0001,101640.75
2020-04-27 17:00:00,-43.75,172.75,0,0001,101667.5
2020-04-27 18:00:00,-43.75,172.75,0,0001,101812.125
2020-04-27 19:00:00,-43.75,172.75,0,0001,101923.25
2020-04-27 20:00:00,-43.75,172.75,0,0001,102070.875
2020-04-27 21:00:00,-43.75,172.75,0,0001,102212.0
2020-04-27 22:00:00,-43.75,172.75,0,0001,102342.0
2020-04-27 23:00:00,-43.75,172.75,0,0001,102399.5
2020-04-28 00:00:00,-43.75,172.75,0,0001,102422.56
2020-04-28 01:00:00,-43.75,172.75,0,0001,102398.31
2020-04-28 02:00:00,-43.75,172.75,0,0001,102424.0
2020-04-28 03:00:00,-43.75,172.75,0,0001,102509.5
2020-04-28 04:00:00,-43.75,172.75,0,0001,102540.81
2020-04-28 05:00:00,-43.75,172.75,0,0001,102602.06
2020-04-28 06:00:00,-43.75,172.75,0,0001,102620.19
2020-04-28 07:00:00,-43.75,172.75,0,0001,102687.0
2020-04-28 08:00:00,-43.75,172.75,0,0001,102717.06
2020-04-28 09:00:00,-43.75,172.75,0,0001,102747.25
2020-04-28 10:00:00,-43.75,172.75,0,0001,102828.875
2020-04-28 11:00:00,-43.75,172.75,0,0001,102844.625
2020-04-28 12:00:00,-43.75,172.75,0,0001,102848.94
2020-04-28 13:00:00,-43.75,172.75,0,0001,102834.69
2020-04-28 14:00:00,-43.75,172.75,0,0001,102895.31
2020-04-28 15:00:00,-43.75,172.75,0,0001,102850.0
2020-04-28 16:00:00,-43.75,172.75,0,0001,102868.06
2020-04-28 17:00:00,-43.75,172.75,0,0001,102828.19
2020-04-28 18:00:00,-43.75,172.75,0,0001,102884.94
2020-04-28 19:00:00,-43.75,172.75,0,0001,102897.0
2020-04-28 20:00:00,-43.75,172.75,0,0001,102954.125
2020-04-28 21:00:00,-43.75,172.75,0,0001,102992.5
2020-04-28 22:00:00,-43.75,172.75,0,0001,103022.625
2020-04-28 23:00:00,-43.75,172.75,0,0001,103015.375
2020-04-29 00:00:00,-43.75,172.75,0,0001,102932.06
2020-04-29 01:00:00,-43.75,172.75,0,0001,102854.75
2020-04-29 02:00:00,-43.75,172.75,0,0001,102814.875
2020-04-29 03:00:00,-43.75,172.75,0,0001,102816.75
2020-04-29 04:00:00,-43.75,172.75,0,0001,102799.44
2020-04-29 05:00:00,-43.75,172.75,0,0001,102802.25
2020-04-29 06:00:00,-43.75,172.75,0,0001,102818.19
2020-04-29 07:00:00,-43.75,172.75,0,0001,102848.06
2020-04-29 08:00:00,-43.75,172.75,0,0001,102837.06
2020-04-29 09:00:00,-43.75,172.75,0,0001,102847.25
2020-04-29 10:00:00,-43.75,172.75,0,0001,102917.375
2020-04-29 11:00:00,-43.75,172.75,0,0001,102854.125
2020-04-29 12:00:00,-43.75,172.75,0,0001,102777.19
2020-04-29 13:00:00,-43.75,172.75,0,0001,102745.75
2020-04-29 14:00:00,-43.75,172.75,0,0001,102696.5
2020-04-29 15:00:00,-43.75,172.75,0,0001,102589.625
2020-04-29 16:00:00,-43.75,172.75,0,0001,102525.94
2020-04-29 17:00:00,-43.75,172.75,0,0001,102495.625
2020-04-29 18:00:00,-43.75,172.75,0,0001,102500.25
2020-04-29 19:00:00,-43.75,172.75,0,0001,102448.25
2020-04-29 20:00:00,-43.75,172.75,0,0001,102455.0
2020-04-29 21:00:00,-43.75,172.75,0,0001,102463.5
2020-04-29 22:00:00,-43.75,172.75,0,0001,102464.5
2020-04-29 23:00:00,-43.75,172.75,0,0001,102438.75
2020-04-30 00:00:00,-43.75,172.75,0,0001,102272.81
2020-04-30 01:00:00,-43.75,172.75,0,0001,102197.75
2020-04-30 02:00:00,-43.75,172.75,0,0001,102116.0
2020-04-30 03:00:00,-43.75,172.75,0,0001,102116.94
2020-04-30 04:00:00,-43.75,172.75,0,0001,102091.125
2020-04-30 05:00:00,-43.75,172.75,0,0001,102092.06
2020-04-30 06:00:00,-43.75,172.75,0,0001,102093.56
2020-04-30 07:00:00,-43.75,172.75,0,0001,102147.06
2020-04-30 08:00:00,-43.75,172.75,0,0001,102159.5
2020-04-30 09:00:00,-43.75,172.75,0,0001,102185.0
2020-04-30 10:00:00,-43.75,172.75,0,0001,102255.31
2020-04-30 11:00:00,-43.75,172.75,0,0001,102216.625
2020-04-30 12:00:00,-43.75,172.75,0,0001,102135.06
2020-04-30 13:00:00,-43.75,172.75,0,0001,102119.75
2020-04-30 14:00:00,-43.75,172.75,0,0001,102087.625
2020-04-30 15:00:00,-43.75,172.75,0,0001,102080.875
2020-04-30 16:00:00,-43.75,172.75,0,0001,102018.56
2020-04-30 17:00:00,-43.75,172.75,0,0001,102027.81
2020-04-30 18:00:00,-43.75,172.75,0,0001,102054.25
2020-04-30 19:00:00,-43.75,172.75,0,0001,102082.94
2020-04-30 20:00:00,-43.75,172.75,0,0001,102119.94
2020-04-30 21:00:00,-43.75,172.75,0,0001,102166.81
2020-04-30 22:00:00,-43.75,172.75,0,0001,102120.5
2020-04-30 23:00:00,-43.75,172.75,0,0001,102128.875
2020-05-01 00:00:00,-43.75,172.75,0,0001,102000.56
2020-05-01 01:00:00,-43.75,172.75,0,0001,101920.625
2020-05-01 02:00:00,-43.75,172.75,0,0001,101867.06
2020-05-01 03:00:00,-43.75,172.75,0,0001,101846.56
2020-05-01 04:00:00,-43.75,172.75,0,0001,101753.69
2020-05-01 05:00:00,-43.75,172.75,0,0001,101724.69
2020-05-01 06:00:00,-43.75,172.75,0,0001,101687.06
2020-05-01 07:00:00,-43.75,172.75,0,0001,101688.875
2020-05-01 08:00:00,-43.75,172.75,0,0001,101631.0
2020-05-01 09:00:00,-43.75,172.75,0,0001,101605.5
2020-05-01 10:00:00,-43.75,172.75,0,0001,101593.625
2020-05-01 11:00:00,-43.75,172.75,0,0001,101531.81
2020-05-01 12:00:00,-43.75,172.75,0,0001,101425.5
2020-05-01 13:00:00,-43.75,172.75,0,0001,101340.5
2020-05-01 14:00:00,-43.75,172.75,0,0001,101284.56
2020-05-01 15:00:00,-43.75,172.75,0,0001,101193.69
2020-05-01 16:00:00,-43.75,172.75,0,0001,101106.125
2020-05-01 17:00:00,-43.75,172.75,0,0001,101049.69
2020-05-01 18:00:00,-43.75,172.75,0,0001,101025.375
2020-05-01 19:00:00,-43.75,172.75,0,0001,100950.0
2020-05-01 20:00:00,-43.75,172.75,0,0001,100876.44
2020-05-01 21:00:00,-43.75,172.75,0,0001,100921.31
2020-05-01 22:00:00,-43.75,172.75,0,0001,100888.44
2020-05-01 23:00:00,-43.75,172.75,0,0001,100771.0
2020-05-02 00:00:00,-43.75,172.75,0,0001,100579.0
2020-05-02 01:00:00,-43.75,172.75,0,0001,100475.25
2020-05-02 02:00:00,-43.75,172.75,0,0001,100376.81
2020-05-02 03:00:00,-43.75,172.75,0,0001,100328.19
2020-05-02 04:00:00,-43.75,172.75,0,0001,100260.81
2020-05-02 05:00:00,-43.75,172.75,0,0001,100202.25
2020-05-02 06:00:00,-43.75,172.75,0,0001,100080.625
2020-05-02 07:00:00,-43.75,172.75,0,0001,100020.75
2020-05-02 08:00:00,-43.75,172.75,0,0001,99961.81
2020-05-02 09:00:00,-43.75,172.75,0,0001,99946.5
2020-05-02 10:00:00,-43.75,172.75,0,0001,99919.44
2020-05-02 11:00:00,-43.75,172.75,0,0001,99992.44
2020-05-02 12:00:00,-43.75,172.75,0,0001,99973.5
2020-05-02 13:00:00,-43.75,172.75,0,0001,100001.19
2020-05-02 14:00:00,-43.75,172.75,0,0001,100002.375
2020-05-02 15:00:00,-43.75,172.75,0,0001,99969.625
2020-05-02 16:00:00,-43.75,172.75,0,0001,99906.375
2020-05-02 17:00:00,-43.75,172.75,0,0001,99820.06
2020-05-02 18:00:00,-43.75,172.75,0,0001,99818.94
2020-05-02 19:00:00,-43.75,172.75,0,0001,99769.81
2020-05-02 20:00:00,-43.75,172.75,0,0001,99763.375
2020-05-02 21:00:00,-43.75,172.75,0,0001,99764.0
2020-05-02 22:00:00,-43.75,172.75,0,0001,99686.06
2020-05-02 23:00:00,-43.75,172.75,0,0001,99667.81
2020-05-03 00:00:00,-43.75,172.75,0,0001,99537.81
2020-05-03 01:00:00,-43.75,172.75,0,0001,99430.19
2020-05-03 02:00:00,-43.75,172.75,0,0001,99377.31
2020-05-03 03:00:00,-43.75,172.75,0,0001,99392.81
2020-05-03 04:00:00,-43.75,172.75,0,0001,99368.25
2020-05-03 05:00:00,-43.75,172.75,0,0001,99388.375
2020-05-03 06:00:00,-43.75,172.75,0,0001,99406.625
2020-05-03 07:00:00,-43.75,172.75,0,0001,99441.75
2020-05-03 08:00:00,-43.75,172.75,0,0001,99469.56
2020-05-03 09:00:00,-43.75,172.75,0,0001,99438.94
2020-05-03 10:00:00,-43.75,172.75,0,0001,99355.31
2020-05-03 11:00:00,-43.75,172.75,0,0001,99423.375
2020-05-03 12:00:00,-43.75,172.75,0,0001,99389.06
2020-05-03 13:00:00,-43.75,172.75,0,0001,99353.81
2020-05-03 14:00:00,-43.75,172.75,0,0001,99391.81
2020-05-03 15:00:00,-43.75,172.75,0,0001,99325.81
2020-05-03 16:00:00,-43.75,172.75,0,0001,99314.69
2020-05-03 17:00:00,-43.75,172.75,0,0001,99309.44
2020-05-03 18:00:00,-43.75,172.75,0,0001,99341.25
2020-05-03 19:00:00,-43.75,172.75,0,0001,99339.56
2020-05-03 20:00:00,-43.75,172.75,0,0001,99394.5
2020-05-03 21:00:00,-43.75,172.75,0,0001,99430.19
2020-05-03 22:00:00,-43.75,172.75,0,0001,99419.375
2020-05-03 23:00:00,-43.75,172.75,0,0001,99332.25
2020-05-04 00:00:00,-43.75,172.75,0,0001,99334.94
2020-05-04 01:00:00,-43.75,172.75,0,0001,99250.44
2020-05-04 02:00:00,-43.75,172.75,0,0001,99179.81
2020-05-04 03:00:00,-43.75,172.75,0,0001,99145.5
2020-05-04 04:00:00,-43.75,172.75,0,0001,99157.75
2020-05-04 05:00:00,-43.75,172.75,0,0001,99190.44
2020-05-04 06:00:00,-43.75,172.75,0,0001,99173.94
2020-05-04 07:00:00,-43.75,172.75,0,0001,99270.19
2020-05-04 08:00:00,-43.75,172.75,0,0001,99366.06
2020-05-04 09:00:00,-43.75,172.75,0,0001,99452.94
2020-05-04 10:00:00,-43.75,172.75,0,0001,99562.5
2020-05-04 11:00:00,-43.75,172.75,0,0001,99582.81
2020-05-04 12:00:00,-43.75,172.75,0,0001,99612.31
2020-05-04 13:00:00,-43.75,172.75,0,0001,99682.0
2020-05-04 14:00:00,-43.75,172.75,0,0001,99716.125
2020-05-04 15:00:00,-43.75,172.75,0,0001,99746.75
2020-05-04 16:00:00,-43.75,172.75,0,0001,99746.625
2020-05-04 17:00:00,-43.75,172.75,0,0001,99792.875
2020-05-04 18:00:00,-43.75,172.75,0,0001,99855.19
2020-05-04 19:00:00,-43.75,172.75,0,0001,99901.81
2020-05-04 20:00:00,-43.75,172.75,0,0001,100009.81
2020-05-04 21:00:00,-43.75,172.75,0,0001,100135.44
2020-05-04 22:00:00,-43.75,172.75,0,0001,100218.125
2020-05-04 23:00:00,-43.75,172.75,0,0001,100242.94
2020-05-05 00:00:00,-43.75,172.75,0,0001,100325.125
2020-05-05 01:00:00,-43.75,172.75,0,0001,100345.94
2020-05-05 02:00:00,-43.75,172.75,0,0001,100365.81
2020-05-05 03:00:00,-43.75,172.75,0,0001,100413.5
2020-05-05 04:00:00,-43.75,172.75,0,0001,100488.69
2020-05-05 05:00:00,-43.75,172.75,0,0001,100673.31
2020-05-05 06:00:00,-43.75,172.75,0,0001,100774.81
2020-05-05 07:00:00,-43.75,172.75,0,0001,100912.5
2020-05-05 08:00:00,-43.75,172.75,0,0001,100976.94
2020-05-05 09:00:00,-43.75,172.75,0,0001,101114.125
2020-05-05 10:00:00,-43.75,172.75,0,0001,101231.69
2020-05-05 11:00:00,-43.75,172.75,0,0001,101255.94
2020-05-05 12:00:00,-43.75,172.75,0,0001,101285.875
2020-05-05 13:00:00,-43.75,172.75,0,0001,101330.25
2020-05-05 14:00:00,-43.75,172.75,0,0001,101407.875
2020-05-05 15:00:00,-43.75,172.75,0,0001,101366.875
2020-05-05 16:00:00,-43.75,172.75,0,0001,101373.56
2020-05-05 17:00:00,-43.75,172.75,0,0001,101374.875
2020-05-05 18:00:00,-43.75,172.75,0,0001,101381.125
2020-05-05 19:00:00,-43.75,172.75,0,0001,101399.69
2020-05-05 20:00:00,-43.75,172.75,0,0001,101442.31
2020-05-05 21:00:00,-43.75,172.75,0,0001,101497.25
2020-05-05 22:00:00,-43.75,172.75,0,0001,101494.69
2020-05-05 23:00:00,-43.75,172.75,0,0001,101486.69
2020-05-06 00:00:00,-43.75,172.75,0,0001,101393.0
2020-05-06 01:00:00,-43.75,172.75,0,0001,101356.875
2020-05-06 02:00:00,-43.75,172.75,0,0001,101306.19
2020-05-06 03:00:00,-43.75,172.75,0,0001,101289.69
2020-05-06 04:00:00,-43.75,172.75,0,0001,101245.56
2020-05-06 05:00:00,-43.75,172.75,0,0001,101234.625
2020-05-06 06:00:00,-43.75,172.75,0,0001,101212.625
2020-05-06 07:00:00,-43.75,172.75,0,0001,101209.625
2020-05-06 08:00:00,-43.75,172.75,0,0001,101194.81
2020-05-06 09:00:00,-43.75,172.75,0,0001,101215.94
2020-05-06 10:00:00,-43.75,172.75,0,0001,101234.25
2020-05-06 11:00:00,-43.75,172.75,0,0001,101217.56
2020-05-06 12:00:00,-43.75,172.75,0,0001,101238.25
2020-05-06 13:00:00,-43.75,172.75,0,0001,101248.125
2020-05-06 14:00:00,-43.75,172.75,0,0001,101214.25
2020-05-06 15:00:00,-43.75,172.75,0,0001,101214.875
2020-05-06 16:00:00,-43.75,172.75,0,0001,101144.875
2020-05-06 17:00:00,-43.75,172.75,0,0001,101120.19
2020-05-06 18:00:00,-43.75,172.75,0,0001,101140.25
2020-05-06 19:00:00,-43.75,172.75,0,0001,101128.125
2020-05-06 20:00:00,-43.75,172.75,0,0001,101172.875
2020-05-06 21:00:00,-43.75,172.75,0,0001,101213.25
2020-05-06 22:00:00,-43.75,172.75,0,0001,101256.5
2020-05-06 23:00:00,-43.75,172.75,0,0001,101190.5
2020-05-07 00:00:00,-43.75,172.75,0,0001,101141.0
2020-05-07 01:00:00,-43.75,172.75,0,0001,101061.81
2020-05-07 02:00:00,-43.75,172.75,0,0001,101036.69
2020-05-07 03:00:00,-43.75,172.75,0,0001,101036.69
2020-05-07 04:00:00,-43.75,172.75,0,0001,101000.625
2020-05-07 05:00:00,-43.75,172.75,0,0001,101006.375
2020-05-07 06:00:00,-43.75,172.75,0,0001,101008.375
2020-05-07 07:00:00,-43.75,172.75,0,0001,101057.81
2020-05-07 08:00:00,-43.75,172.75,0,0001,101098.69
2020-05-07 09:00:00,-43.75,172.75,0,0001,101138.875
2020-05-07 10:00:00,-43.75,172.75,0,0001,101207.56
2020-05-07 11:00:00,-43.75,172.75,0,0001,101240.125
2020-05-07 12:00:00,-43.75,172.75,0,0001,101192.875
2020-05-07 13:00:00,-43.75,172.75,0,0001,101184.5
2020-05-07 14:00:00,-43.75,172.75,0,0001,101226.19
2020-05-07 15:00:00,-43.75,172.75,0,0001,101270.25
2020-05-07 16:00:00,-43.75,172.75,0,0001,101267.06
2020-05-07 17:00:00,-43.75,172.75,0,0001,101267.0
2020-05-07 18:00:00,-43.75,172.75,0,0001,101318.56
2020-05-07 19:00:00,-43.75,172.75,0,0001,101377.0
2020-05-07 20:00:00,-43.75,172.75,0,0001,101480.875
2020-05-07 21:00:00,-43.75,172.75,0,0001,101593.625
2020-05-07 22:00:00,-43.75,172.75,0,0001,101696.81
2020-05-07 23:00:00,-43.75,172.75,0,0001,101705.875
2020-05-08 00:00:00,-43.75,172.75,0,0001,101773.125
2020-05-08 01:00:00,-43.75,172.75,0,0001,101834.31
2020-05-08 02:00:00,-43.75,172.75,0,0001,101872.94
2020-05-08 03:00:00,-43.75,172.75,0,0001,101961.31
2020-05-08 04:00:00,-43.75,172.75,0,0001,102014.56
2020-05-08 05:00:00,-43.75,172.75,0,0001,102047.69
2020-05-08 06:00:00,-43.75,172.75,0,0001,102118.31
2020-05-08 07:00:00,-43.75,172.75,0,0001,102179.625
2020-05-08 08:00:00,-43.75,172.75,0,0001,102203.94
2020-05-08 09:00:00,-43.75,172.75,0,0001,102206.44
2020-05-08 10:00:00,-43.75,172.75,0,0001,102264.56
2020-05-08 11:00:00,-43.75,172.75,0,0001,102332.25
2020-05-08 12:00:00,-43.75,172.75,0,0001,102303.375
2020-05-08 13:00:00,-43.75,172.75,0,0001,102334.94
2020-05-08 14:00:00,-43.75,172.75,0,0001,102374.44
2020-05-08 15:00:00,-43.75,172.75,0,0001,102362.19
2020-05-08 16:00:00,-43.75,172.75,0,0001,102346.875
2020-05-08 17:00:00,-43.75,172.75,0,0001,102333.44
2020-05-08 18:00:00,-43.75,172.75,0,0001,102358.69
2020-05-08 19:00:00,-43.75,172.75,0,0001,102373.44
2020-05-08 20:00:00,-43.75,172.75,0,0001,102425.69
2020-05-08 21:00:00,-43.75,172.75,0,0001,102458.56
2020-05-08 22:00:00,-43.75,172.75,0,0001,102459.94
2020-05-08 23:00:00,-43.75,172.75,0,0001,102497.94
2020-05-09 00:00:00,-43.75,172.75,0,0001,102371.125
2020-05-09 01:00:00,-43.75,172.75,0,0001,102340.56
2020-05-09 02:00:00,-43.75,172.75,0,0001,102246.125
2020-05-09 03:00:00,-43.75,172.75,0,0001,102304.625
2020-05-09 04:00:00,-43.75,172.75,0,0001,102291.375
2020-05-09 05:00:00,-43.75,172.75,0,0001,102327.75
2020-05-09 06:00:00,-43.75,172.75,0,0001,102339.25
2020-05-09 07:00:00,-43.75,172.75,0,0001,102339.0
2020-05-09 08:00:00,-43.75,172.75,0,0001,102376.5
2020-05-09 09:00:00,-43.75,172.75,0,0001,102396.69
2020-05-09 10:00:00,-43.75,172.75,0,0001,102403.875
2020-05-09 11:00:00,-43.75,172.75,0,0001,102449.81
2020-05-09 12:00:00,-43.75,172.75,0,0001,102388.25
2020-05-09 13:00:00,-43.75,172.75,0,0001,102375.625
2020-05-09 14:00:00,-43.75,172.75,0,0001,102359.44
2020-05-09 15:00:00,-43.75,172.75,0,0001,102314.625
2020-05-09 16:00:00,-43.75,172.75,0,0001,102290.0
2020-05-09 17:00:00,-43.75,172.75,0,0001,102259.81
2020-05-09 18:00:00,-43.75,172.75,0,0001,102278.69
2020-05-09 19:00:00,-43.75,172.75,0,0001,102266.125
2020-05-09 20:00:00,-43.75,172.75,0,0001,102271.375
2020-05-09 21:00:00,-43.75,172.75,0,0001,102279.375
2020-05-09 22:00:00,-43.75,172.75,0,0001,102312.0
2020-05-09 23:00:00,-43.75,172.75,0,0001,102285.56
2020-05-10 00:00:00,-43.75,172.75,0,0001,102220.81
2020-05-10 01:00:00,-43.75,172.75,0,0001,102086.125
2020-05-10 02:00:00,-43.75,172.75,0,0001,102033.19
2020-05-10 03:00:00,-43.75,172.75,0,0001,102003.375
2020-05-10 04:00:00,-43.75,172.75,0,0001,101996.19
2020-05-10 05:00:00,-43.75,172.75,0,0001,101963.19
2020-05-10 06:00:00,-43.75,172.75,0,0001,101945.625
2020-05-10 07:00:00,-43.75,172.75,0,0001,101927.19
2020-05-10 08:00:00,-43.75,172.75,0,0001,101912.375
2020-05-10 09:00:00,-43.75,172.75,0,0001,101885.875
2020-05-10 10:00:00,-43.75,172.75,0,0001,101849.31
2020-05-10 11:00:00,-43.75,172.75,0,0001,101880.69
2020-05-10 12:00:00,-43.75,172.75,0,0001,101812.125
2020-05-10 13:00:00,-43.75,172.75,0,0001,101793.75
2020-05-10 14:00:00,-43.75,172.75,0,0001,101759.125
2020-05-10 15:00:00,-43.75,172.75,0,0001,101676.75
2020-05-10 16:00:00,-43.75,172.75,0,0001,101649.19
2020-05-10 17:00:00,-43.75,172.75,0,0001,101620.125
2020-05-10 18:00:00,-43.75,172.75,0,0001,101655.44
2020-05-10 19:00:00,-43.75,172.75,0,0001,101672.19
2020-05-10 20:00:00,-43.75,172.75,0,0001,101707.19
2020-05-10 21:00:00,-43.75,172.75,0,0001,101735.81
2020-05-10 22:00:00,-43.75,172.75,0,0001,101706.25
2020-05-10 23:00:00,-43.75,172.75,0,0001,101691.125
2020-05-11 00:00:00,-43.75,172.75,0,0001,101642.875
2020-05-11 01:00:00,-43.75,172.75,0,0001,101561.56
2020-05-11 02:00:00,-43.75,172.75,0,0001,101508.625
2020-05-11 03:00:00,-43.75,172.75,0,0001,101501.69
2020-05-11 04:00:00,-43.75,172.75,0,0001,101518.81
2020-05-11 05:00:00,-43.75,172.75,0,0001,101529.31
2020-05-11 06:00:00,-43.75,172.75,0,0001,101574.06
2020-05-11 07:00:00,-43.75,172.75,0,0001,101592.0
2020-05-11 08:00:00,-43.75,172.75,0,0001,101595.625
2020-05-11 09:00:00,-43.75,172.75,0,0001,101627.19
2020-05-11 10:00:00,-43.75,172.75,0,0001,101594.125
2020-05-11 11:00:00,-43.75,172.75,0,0001,101642.94
2020-05-11 12:00:00,-43.75,172.75,0,0001,101637.625
2020-05-11 13:00:00,-43.75,172.75,0,0001,101608.69
2020-05-11 14:00:00,-43.75,172.75,0,0001,101654.56
2020-05-11 15:00:00,-43.75,172.75,0,0001,101666.44
2020-05-11 16:00:00,-43.75,172.75,0,0001,101639.375
2020-05-11 17:00:00,-43.75,172.75,0,0001,101686.31
2020-05-11 18:00:00,-43.75,172.75,0,0001,101775.625
2020-05-11 19:00:00,-43.75,172.75,0,0001,101883.75
2020-05-11 20:00:00,-43.75,172.75,0,0001,101952.94
2020-05-11 21:00:00,-43.75,172.75,0,0001,102047.75
2020-05-11 22:00:00,-43.75,172.75,0,0001,102097.81
2020-05-11 23:00:00,-43.75,172.75,0,0001,102139.0
2020-05-12 00:00:00,-43.75,172.75,0,0001,102148.44
2020-05-12 01:00:00,-43.75,172.75,0,0001,102135.31
2020-05-12 02:00:00,-43.75,172.75,0,0001,102162.44
2020-05-12 03:00:00,-43.75,172.75,0,0001,102224.06
2020-05-12 04:00:00,-43.75,172.75,0,0001,102287.19
2020-05-12 05:00:00,-43.75,172.75,0,0001,102337.5
2020-05-12 06:00:00,-43.75,172.75,0,0001,102383.19
2020-05-12 07:00:00,-43.75,172.75,0,0001,102470.5
2020-05-12 08:00:00,-43.75,172.75,0,0001,102509.31
2020-05-12 09:00:00,-43.75,172.75,0,0001,102564.625
2020-05-12 10:00:00,-43.75,172.75,0,0001,102613.5
2020-05-12 11:00:00,-43.75,172.75,0,0001,102619.375
2020-05-12 12:00:00,-43.75,172.75,0,0001,102627.94
2020-05-12 13:00:00,-43.75,172.75,0,0001,102668.44
2020-05-12 14:00:00,-43.75,172.75,0,0001,102655.625
2020-05-12 15:00:00,-43.75,172.75,0,0001,102647.69
2020-05-12 16:00:00,-43.75,172.75,0,0001,102629.375
2020-05-12 17:00:00,-43.75,172.75,0,0001,102644.44
2020-05-12 18:00:00,-43.75,172.75,0,0001,102654.69
2020-05-12 19:00:00,-43.75,172.75,0,0001,102674.125
2020-05-12 20:00:00,-43.75,172.75,0,0001,102680.75
2020-05-12 21:00:00,-43.75,172.75,0,0001,102695.0
2020-05-12 22:00:00,-43.75,172.75,0,0001,102708.5
2020-05-12 23:00:00,-43.75,172.75,0,0001,102686.06
2020-05-13 00:00:00,-43.75,172.75,0,0001,102612.81
2020-05-13 01:00:00,-43.75,172.75,0,0001,102525.06
2020-05-13 02:00:00,-43.75,172.75,0,0001,102500.875
2020-05-13 03:00:00,-43.75,172.75,0,0001,102459.19
2020-05-13 04:00:00,-43.75,172.75,0,0001,102440.25
2020-05-13 05:00:00,-43.75,172.75,0,0001,102427.06
2020-05-13 06:00:00,-43.75,172.75,0,0001,102425.19
2020-05-13 07:00:00,-43.75,172.75,0,0001,102386.5
2020-05-13 08:00:00,-43.75,172.75,0,0001,102417.25
2020-05-13 09:00:00,-43.75,172.75,0,0001,102348.375
2020-05-13 10:00:00,-43.75,172.75,0,0001,102331.125
2020-05-13 11:00:00,-43.75,172.75,0,0001,102305.5
2020-05-13 12:00:00,-43.75,172.75,0,0001,102288.25
2020-05-13 13:00:00,-43.75,172.75,0,0001,102247.125
2020-05-13 14:00:00,-43.75,172.75,0,0001,102225.81
2020-05-13 15:00:00,-43.75,172.75,0,0001,102162.5
2020-05-13 16:00:00,-43.75,172.75,0,0001,102095.31
2020-05-13 17:00:00,-43.75,172.75,0,0001,102051.94
2020-05-13 18:00:00,-43.75,172.75,0,0001,102068.06
2020-05-13 19:00:00,-43.75,172.75,0,0001,102080.75
2020-05-13 20:00:00,-43.75,172.75,0,0001,102096.31
2020-05-13 21:00:00,-43.75,172.75,0,0001,102097.0
2020-05-13 22:00:00,-43.75,172.75,0,0001,102027.0
2020-05-13 23:00:00,-43.75,172.75,0,0001,102003.44
2020-05-14 00:00:00,-43.75,172.75,0,0001,101895.81
2020-05-14 01:00:00,-43.75,172.75,0,0001,101803.375
2020-05-14 02:00:00,-43.75,172.75,0,0001,101736.94
2020-05-14 03:00:00,-43.75,172.75,0,0001,101704.94
2020-05-14 04:00:00,-43.75,172.75,0,0001,101702.625
2020-05-14 05:00:00,-43.75,172.75,0,0001,101697.375
2020-05-14 06:00:00,-43.75,172.75,0,0001,101691.5
2020-05-14 07:00:00,-43.75,172.75,0,0001,101755.44
2020-05-14 08:00:00,-43.75,172.75,0,0001,101790.44
2020-05-14 09:00:00,-43.75,172.75,0,0001,101853.19
2020-05-14 10:00:00,-43.75,172.75,0,0001,101901.81
2020-05-14 11:00:00,-43.75,172.75,0,0001,101940.0
2020-05-14 12:00:00,-43.75,172.75,0,0001,101969.06
2020-05-14 13:00:00,-43.75,172.75,0,0001,102000.375
2020-05-14 14:00:00,-43.75,172.75,0,0001,102070.625
2020-05-14 15:00:00,-43.75,172.75,0,0001,102130.625
2020-05-14 16:00:00,-43.75,172.75,0,0001,102159.44
2020-05-14 17:00:00,-43.75,172.75,0,0001,102204.5
2020-05-14 18:00:00,-43.75,172.75,0,0001,102273.25
2020-05-14 19:00:00,-43.75,172.75,0,0001,102376.69
2020-05-14 20:00:00,-43.75,172.75,0,0001,102426.625
2020-05-14 21:00:00,-43.75,172.75,0,0001,102513.94
2020-05-14 22:00:00,-43.75,172.75,0,0001,102590.44
2020-05-14 23:00:00,-43.75,172.75,0,0001,102581.875
2020-05-15 00:00:00,-43.75,172.75,0,0001,102549.44
2020-05-15 01:00:00,-43.75,172.75,0,0001,102519.5
2020-05-15 02:00:00,-43.75,172.75,0,0001,102516.25
2020-05-15 03:00:00,-43.75,172.75,0,0001,102514.5
2020-05-15 04:00:00,-43.75,172.75,0,0001,102553.31
2020-05-15 05:00:00,-43.75,172.75,0,0001,102564.875
2020-05-15 06:00:00,-43.75,172.75,0,0001,102621.31
2020-05-15 07:00:00,-43.75,172.75,0,0001,102664.06
2020-05-15 08:00:00,-43.75,172.75,0,0001,102715.81
2020-05-15 09:00:00,-43.75,172.75,0,0001,102734.75
2020-05-15 10:00:00,-43.75,172.75,0,0001,102812.375
2020-05-15 11:00:00,-43.75,172.75,0,0001,102775.125
2020-05-15 12:00:00,-43.75,172.75,0,0001,102776.5
2020-05-15 13:00:00,-43.75,172.75,0,0001,102793.19
2020-05-15 14:00:00,-43.75,172.75,0,0001,102792.44
2020-05-15 15:00:00,-43.75,172.75,0,0001,102814.19
2020-05-15 16:00:00,-43.75,172.75,0,0001,102803.81
2020-05-15 17:00:00,-43.75,172.75,0,0001,102817.0
2020-05-15 18:00:00,-43.75,172.75,0,0001,102871.875
2020-05-15 19:00:00,-43.75,172.75,0,0001,102950.25
2020-05-15 20:00:00,-43.75,172.75,0,0001,103000.56
2020-05-15 21:00:00,-43.75,172.75,0,0001,103043.25
2020-05-15 22:00:00,-43.75,172.75,0,0001,103129.375
2020-05-15 23:00:00,-43.75,172.75,0,0001,103133.56
2020-05-16 00:00:00,-43.75,172.75,0,0001,103077.5
2020-05-16 01:00:00,-43.75,172.75,0,0001,103016.19
2020-05-16 02:00:00,-43.75,172.75,0,0001,102997.25
2020-05-16 03:00:00,-43.75,172.75,0,0001,102990.56
2020-05-16 04:00:00,-43.75,172.75,0,0001,103039.81
2020-05-16 05:00:00,-43.75,172.75,0,0001,103054.125
2020-05-16 06:00:00,-43.75,172.75,0,0001,103108.44
2020-05-16 07:00:00,-43.75,172.75,0,0001,103137.56
2020-05-16 08:00:00,-43.75,172.75,0,0001,103181.875
2020-05-16 09:00:00,-43.75,172.75,0,0001,103201.44
2020-05-16 10:00:00,-43.75,172.75,0,0001,103223.5
2020-05-16 11:00:00,-43.75,172.75,0,0001,103248.75
2020-05-16 12:00:00,-43.75,172.75,0,0001,103200.0
2020-05-16 13:00:00,-43.75,172.75,0,0001,103176.0
2020-05-16 14:00:00,-43.75,172.75,0,0001,103203.06
2020-05-16 15:00:00,-43.75,172.75,0,0001,103123.06
2020-05-16 16:00:00,-43.75,172.75,0,0001,103080.44
2020-05-16 17:00:00,-43.75,172.75,0,0001,103035.44
2020-05-16 18:00:00,-43.75,172.75,0,0001,103046.375
2020-05-16 19:00:00,-43.75,172.75,0,0001,103042.81
2020-05-16 20:00:00,-43.75,172.75,0,0001,103089.19
2020-05-16 21:00:00,-43.75,172.75,0,0001,103125.69
2020-05-16 22:00:00,-43.75,172.75,0,0001,103128.94
2020-05-16 23:00:00,-43.75,172.75,0,0001,103116.625
2020-05-17 00:00:00,-43.75,172.75,0,0001,103040.125
2020-05-17 01:00:00,-43.75,172.75,0,0001,102986.19
2020-05-17 02:00:00,-43.75,172.75,0,0001,102924.44
2020-05-17 03:00:00,-43.75,172.75,0,0001,102904.44
2020-05-17 04:00:00,-43.75,172.75,0,0001,102890.25
2020-05-17 05:00:00,-43.75,172.75,0,0001,102872.5
2020-05-17 06:00:00,-43.75,172.75,0,0001,102901.31
2020-05-17 07:00:00,-43.75,172.75,0,0001,102884.44
2020-05-17 08:00:00,-43.75,172.75,0,0001,102911.375
2020-05-17 09:00:00,-43.75,172.75,0,0001,102896.69
2020-05-17 10:00:00,-43.75,172.75,0,0001,102935.0
2020-05-17 11:00:00,-43.75,172.75,0,0001,102903.125
2020-05-17 12:00:00,-43.75,172.75,0,0001,102844.375
2020-05-17 13:00:00,-43.75,172.75,0,0001,102775.625
2020-05-17 14:00:00,-43.75,172.75,0,0001,102741.75
2020-05-17 15:00:00,-43.75,172.75,0,0001,102690.69
2020-05-17 16:00:00,-43.75,172.75,0,0001,102641.25
2020-05-17 17:00:00,-43.75,172.75,0,0001,102637.44
2020-05-17 18:00:00,-43.75,172.75,0,0001,102702.56
2020-05-17 19:00:00,-43.75,172.75,0,0001,102738.44
2020-05-17 20:00:00,-43.75,172.75,0,0001,102833.25
2020-05-17 21:00:00,-43.75,172.75,0,0001,102868.44
2020-05-17 22:00:00,-43.75,172.75,0,0001,102948.44
2020-05-17 23:00:00,-43.75,172.75,0,0001,102957.375
2020-05-18 00:00:00,-43.75,172.75,0,0001,102916.625
2020-05-18 01:00:00,-43.75,172.75,0,0001,102869.125
2020-05-18 02:00:00,-43.75,172.75,0,0001,102829.19
2020-05-18 03:00:00,-43.75,172.75,0,0001,102869.81
2020-05-18 04:00:00,-43.75,172.75,0,0001,102939.5
2020-05-18 05:00:00,-43.75,172.75,0,0001,102983.5
2020-05-18 06:00:00,-43.75,172.75,0,0001,103041.625
2020-05-18 07:00:00,-43.75,172.75,0,0001,103091.875
2020-05-18 08:00:00,-43.75,172.75,0,0001,103171.44
2020-05-18 09:00:00,-43.75,172.75,0,0001,103200.375
2020-05-18 10:00:00,-43.75,172.75,0,0001,103247.31
2020-05-18 11:00:00,-43.75,172.75,0,0001,103255.06
2020-05-18 12:00:00,-43.75,172.75,0,0001,103246.875
2020-05-18 13:00:00,-43.75,172.75,0,0001,103262.5
2020-05-18 14:00:00,-43.75,172.75,0,0001,103276.875
2020-05-18 15:00:00,-43.75,172.75,0,0001,103263.69
2020-05-18 16:00:00,-43.75,172.75,0,0001,103259.56
2020-05-18 17:00:00,-43.75,172.75,0,0001,103253.25
2020-05-18 18:00:00,-43.75,172.75,0,0001,103270.81
2020-05-18 19:00:00,-43.75,172.75,0,0001,103300.25
2020-05-18 20:00:00,-43.75,172.75,0,0001,103341.06
2020-05-18 21:00:00,-43.75,172.75,0,0001,103410.25
2020-05-18 22:00:00,-43.75,172.75,0,0001,103415.06
2020-05-18 23:00:00,-43.75,172.75,0,0001,103397.31
2020-05-19 00:00:00,-43.75,172.75,0,0001,103340.94
2020-05-19 01:00:00,-43.75,172.75,0,0001,103254.625
2020-05-19 02:00:00,-43.75,172.75,0,0001,103176.375
2020-05-19 03:00:00,-43.75,172.75,0,0001,103135.5
2020-05-19 04:00:00,-43.75,172.75,0,0001,103136.94
2020-05-19 05:00:00,-43.75,172.75,0,0001,103146.75
2020-05-19 06:00:00,-43.75,172.75,0,0001,103152.56
2020-05-19 07:00:00,-43.75,172.75,0,0001,103141.81
2020-05-19 08:00:00,-43.75,172.75,0,0001,103158.375
2020-05-19 09:00:00,-43.75,172.75,0,0001,103160.625
2020-05-19 10:00:00,-43.75,172.75,0,0001,103154.81
2020-05-19 11:00:00,-43.75,172.75,0,0001,103114.625
2020-05-19 12:00:00,-43.75,172.75,0,0001,103052.0
2020-05-19 13:00:00,-43.75,172.75,0,0001,103029.69
2020-05-19 14:00:00,-43.75,172.75,0,0001,102983.44
2020-05-19 15:00:00,-43.75,172.75,0,0001,102943.5
2020-05-19 16:00:00,-43.75,172.75,0,0001,102919.125
2020-05-19 17:00:00,-43.75,172.75,0,0001,102860.69
2020-05-19 18:00:00,-43.75,172.75,0,0001,102896.31
2020-05-19 19:00:00,-43.75,172.75,0,0001,102888.44
2020-05-19 20:00:00,-43.75,172.75,0,0001,102988.5
2020-05-19 21:00:00,-43.75,172.75,0,0001,103027.56
2020-05-19 22:00:00,-43.75,172.75,0,0001,103071.19
2020-05-19 23:00:00,-43.75,172.75,0,0001,103090.0
2020-05-20 00:00:00,-43.75,172.75,0,0001,103016.875
2020-05-20 01:00:00,-43.75,172.75,0,0001,102916.375
2020-05-20 02:00:00,-43.75,172.75,0,0001,102842.69
2020-05-20 03:00:00,-43.75,172.75,0,0001,102794.875
2020-05-20 04:00:00,-43.75,172.75,0,0001,102791.44
2020-05-20 05:00:00,-43.75,172.75,0,0001,102770.69
2020-05-20 06:00:00,-43.75,172.75,0,0001,102747.5
2020-05-20 07:00:00,-43.75,172.75,0,0001,102742.94
2020-05-20 08:00:00,-43.75,172.75,0,0001,102745.44
2020-05-20 09:00:00,-43.75,172.75,0,0001,102741.75
2020-05-20 10:00:00,-43.75,172.75,0,0001,102746.25
2020-05-20 11:00:00,-43.75,172.75,0,0001,102721.19
2020-05-20 12:00:00,-43.75,172.75,0,0001,102645.56
2020-05-20 13:00:00,-43.75,172.75,0,0001,102582.81
2020-05-20 14:00:00,-43.75,172.75,0,0001,102560.75
2020-05-20 15:00:00,-43.75,172.75,0,0001,102471.69
2020-05-20 16:00:00,-43.75,172.75,0,0001,102381.69
2020-05-20 17:00:00,-43.75,172.75,0,0001,102305.875
2020-05-20 18:00:00,-43.75,172.75,0,0001,102258.5
2020-05-20 19:00:00,-43.75,172.75,0,0001,102188.06
2020-05-20 20:00:00,-43.75,172.75,0,0001,102208.44
2020-05-20 21:00:00,-43.75,172.75,0,0001,102164.81
2020-05-20 22:00:00,-43.75,172.75,0,0001,102109.25
2020-05-20 23:00:00,-43.75,172.75,0,0001,102066.125
2020-05-21 00:00:00,-43.75,172.75,0,0001,101954.375
2020-05-21 01:00:00,-43.75,172.75,0,0001,101858.0
2020-05-21 02:00:00,-43.75,172.75,0,0001,101774.375
2020-05-21 03:00:00,-43.75,172.75,0,0001,101750.44
2020-05-21 04:00:00,-43.75,172.75,0,0001,101756.375
2020-05-21 05:00:00,-43.75,172.75,0,0001,101782.75
2020-05-21 06:00:00,-43.75,172.75,0,0001,101794.19
2020-05-21 07:00:00,-43.75,172.75,0,0001,101827.25
2020-05-21 08:00:00,-43.75,172.75,0,0001,101832.5
2020-05-21 09:00:00,-43.75,172.75,0,0001,101859.56
2020-05-21 10:00:00,-43.75,172.75,0,0001,101793.75
2020-05-21 11:00:00,-43.75,172.75,0,0001,101793.125
2020-05-21 12:00:00,-43.75,172.75,0,0001,101760.06
2020-05-21 13:00:00,-43.75,172.75,0,0001,101760.75
2020-05-21 14:00:00,-43.75,172.75,0,0001,101707.06
2020-05-21 15:00:00,-43.75,172.75,0,0001,101693.94
2020-05-21 16:00:00,-43.75,172.75,0,0001,101669.5
2020-05-21 17:00:00,-43.75,172.75,0,0001,101644.375
2020-05-21 18:00:00,-43.75,172.75,0,0001,101685.44
2020-05-21 19:00:00,-43.75,172.75,0,0001,101709.0
2020-05-21 20:00:00,-43.75,172.75,0,0001,101770.875
2020-05-21 21:00:00,-43.75,172.75,0,0001,101768.06
2020-05-21 22:00:00,-43.75,172.75,0,0001,101750.5
2020-05-21 23:00:00,-43.75,172.75,0,0001,101724.0
2020-05-22 00:00:00,-43.75,172.75,0,0001,101665.75
2020-05-22 01:00:00,-43.75,172.75,0,0001,101594.75
2020-05-22 02:00:00,-43.75,172.75,0,0001,101546.06
2020-05-22 03:00:00,-43.75,172.75,0,0001,101541.06
2020-05-22 04:00:00,-43.75,172.75,0,0001,101511.94
2020-05-22 05:00:00,-43.75,172.75,0,0001,101568.81
2020-05-22 06:00:00,-43.75,172.75,0,0001,101590.81
2020-05-22 07:00:00,-43.75,172.75,0,0001,101655.5
2020-05-22 08:00:00,-43.75,172.75,0,0001,101671.875
2020-05-22 09:00:00,-43.75,172.75,0,0001,101727.75
2020-05-22 10:00:00,-43.75,172.75,0,0001,101800.94
2020-05-22 11:00:00,-43.75,172.75,0,0001,101857.5
2020-05-22 12:00:00,-43.75,172.75,0,0001,101874.56
2020-05-22 13:00:00,-43.75,172.75,0,0001,101917.75
2020-05-22 14:00:00,-43.75,172.75,0,0001,101957.875
2020-05-22 15:00:00,-43.75,172.75,0,0001,102049.25
2020-05-22 16:00:00,-43.75,172.75,0,0001,102098.56
2020-05-22 17:00:00,-43.75,172.75,0,0001,102154.19
2020-05-22 18:00:00,-43.75,172.75,0,0001,102267.5
2020-05-22 19:00:00,-43.75,172.75,0,0001,102380.56
2020-05-22 20:00:00,-43.75,172.75,0,0001,102467.19
2020-05-22 21:00:00,-43.75,172.75,0,0001,102542.06
2020-05-22 22:00:00,-43.75,172.75,0,0001,102666.375
2020-05-22 23:00:00,-43.75,172.75,0,0001,102617.0
2020-05-23 00:00:00,-43.75,172.75,0,0001,102546.25
2020-05-23 01:00:00,-43.75,172.75,0,0001,102445.06
2020-05-23 02:00:00,-43.75,172.75,0,0001,102368.25
2020-05-23 03:00:00,-43.75,172.75,0,0001,102326.625
2020-05-23 04:00:00,-43.75,172.75,0,0001,102281.625
2020-05-23 05:00:00,-43.75,172.75,0,0001,102259.31
2020-05-23 06:00:00,-43.75,172.75,0,0001,102166.69
2020-05-23 07:00:00,-43.75,172.75,0,0001,102102.44
2020-05-23 08:00:00,-43.75,172.75,0,0001,102058.44
2020-05-23 09:00:00,-43.75,172.75,0,0001,102013.69
2020-05-23 10:00:00,-43.75,172.75,0,0001,101934.5
2020-05-23 11:00:00,-43.75,172.75,0,0001,101882.94
2020-05-23 12:00:00,-43.75,172.75,0,0001,101837.75
2020-05-23 13:00:00,-43.75,172.75,0,0001,101771.06
2020-05-23 14:00:00,-43.75,172.75,0,0001,101698.375
2020-05-23 15:00:00,-43.75,172.75,0,0001,101636.19
2020-05-23 16:00:00,-43.75,172.75,0,0001,101564.69
2020-05-23 17:00:00,-43.75,172.75,0,0001,101471.56
2020-05-23 18:00:00,-43.75,172.75,0,0001,101430.125
2020-05-23 19:00:00,-43.75,172.75,0,0001,101427.81
2020-05-23 20:00:00,-43.75,172.75,0,0001,101402.81
2020-05-23 21:00:00,-43.75,172.75,0,0001,101404.44
2020-05-23 22:00:00,-43.75,172.75,0,0001,101386.44
2020-05-23 23:00:00,-43.75,172.75,0,0001,101423.125
2020-05-24 00:00:00,-43.75,172.75,0,0001,101412.625
2020-05-24 01:00:00,-43.75,172.75,0,0001,101309.56
2020-05-24 02:00:00,-43.75,172.75,0,0001,101312.5
2020-05-24 03:00:00,-43.75,172.75,0,0001,101341.81
2020-05-24 04:00:00,-43.75,172.75,0,0001,101363.375
2020-05-24 05:00:00,-43.75,172.75,0,0001,101347.06
2020-05-24 06:00:00,-43.75,172.75,0,0001,101390.25
2020-05-24 07:00:00,-43.75,172.75,0,0001,101414.81
2020-05-24 08:00:00,-43.75,172.75,0,0001,101459.125
2020-05-24 09:00:00,-43.75,172.75,0,0001,101479.125
2020-05-24 10:00:00,-43.75,172.75,0,0001,101514.44
2020-05-24 11:00:00,-43.75,172.75,0,0001,101513.06
2020-05-24 12:00:00,-43.75,172.75,0,0001,101469.06
2020-05-24 13:00:00,-43.75,172.75,0,0001,101439.5
2020-05-24 14:00:00,-43.75,172.75,0,0001,101454.75
2020-05-24 15:00:00,-43.75,172.75,0,0001,101417.625
2020-05-24 16:00:00,-43.75,172.75,0,0001,101371.19
2020-05-24 17:00:00,-43.75,172.75,0,0001,101351.31
2020-05-24 18:00:00,-43.75,172.75,0,0001,101347.5
2020-05-24 19:00:00,-43.75,172.75,0,0001,101345.06
2020-05-24 20:00:00,-43.75,172.75,0,0001,101363.56
2020-05-24 21:00:00,-43.75,172.75,0,0001,101341.25
2020-05-24 22:00:00,-43.75,172.75,0,0001,101370.56
2020-05-24 23:00:00,-43.75,172.75,0,0001,101370.81
2020-05-25 00:00:00,-43.75,172.75,0,0001,101373.25
2020-05-25 01:00:00,-43.75,172.75,0,0001,101330.5
2020-05-25 02:00:00,-43.75,172.75,0,0001,101294.19
2020-05-25 03:00:00,-43.75,172.75,0,0001,101327.625
2020-05-25 04:00:00,-43.75,172.75,0,0001,101384.31
2020-05-25 05:00:00,-43.75,172.75,0,0001,101472.81
2020-05-25 06:00:00,-43.75,172.75,0,0001,101509.81
2020-05-25 07:00:00,-43.75,172.75,0,0001,101551.625
2020-05-25 08:00:00,-43.75,172.75,0,0001,101572.75
2020-05-25 09:00:00,-43.75,172.75,0,0001,101649.44
2020-05-25 10:00:00,-43.75,172.75,0,0001,101667.125
2020-05-25 11:00:00,-43.75,172.75,0,0001,101676.94
2020-05-25 12:00:00,-43.75,172.75,0,0001,101693.06
2020-05-25 13:00:00,-43.75,172.75,0,0001,101738.94
2020-05-25 14:00:00,-43.75,172.75,0,0001,101841.25
2020-05-25 15:00:00,-43.75,172.75,0,0001,101906.31
2020-05-25 16:00:00,-43.75,172.75,0,0001,101930.375
2020-05-25 17:00:00,-43.75,172.75,0,0001,101955.0
2020-05-25 18:00:00,-43.75,172.75,0,0001,102017.0
2020-05-25 19:00:00,-43.75,172.75,0,0001,102088.5
2020-05-25 20:00:00,-43.75,172.75,0,0001,102171.94
2020-05-25 21:00:00,-43.75,172.75,0,0001,102262.875
2020-05-25 22:00:00,-43.75,172.75,0,0001,102335.375
2020-05-25 23:00:00,-43.75,172.75,0,0001,102371.44
2020-05-26 00:00:00,-43.75,172.75,0,0001,102355.375
2020-05-26 01:00:00,-43.75,172.75,0,0001,102280.25
2020-05-26 02:00:00,-43.75,172.75,0,0001,102275.56
2020-05-26 03:00:00,-43.75,172.75,0,0001,102304.25
2020-05-26 04:00:00,-43.75,172.75,0,0001,102346.56
2020-05-26 05:00:00,-43.75,172.75,0,0001,102387.69
2020-05-26 06:00:00,-43.75,172.75,0,0001,102418.125
2020-05-26 07:00:00,-43.75,172.75,0,0001,102487.0
2020-05-26 08:00:00,-43.75,172.75,0,0001,102522.31
2020-05-26 09:00:00,-43.75,172.75,0,0001,102576.125
2020-05-26 10:00:00,-43.75,172.75,0,0001,102544.19
2020-05-26 11:00:00,-43.75,172.75,0,0001,102624.125
2020-05-26 12:00:00,-43.75,172.75,0,0001,102604.56
2020-05-26 13:00:00,-43.75,172.75,0,0001,102611.69
2020-05-26 14:00:00,-43.75,172.75,0,0001,102628.31
2020-05-26 15:00:00,-43.75,172.75,0,0001,102631.19
2020-05-26 16:00:00,-43.75,172.75,0,0001,102608.875
2020-05-26 17:00:00,-43.75,172.75,0,0001,102572.375
2020-05-26 18:00:00,-43.75,172.75,0,0001,102595.25
2020-05-26 19:00:00,-43.75,172.75,0,0001,102597.375
2020-05-26 20:00:00,-43.75,172.75,0,0001,102612.25
2020-05-26 21:00:00,-43.75,172.75,0,0001,102659.0
2020-05-26 22:00:00,-43.75,172.75,0,0001,102630.94
2020-05-26 23:00:00,-43.75,172.75,0,0001,102631.75
2020-05-27 00:00:00,-43.75,172.75,0,0001,102573.94
2020-05-27 01:00:00,-43.75,172.75,0,0001,102473.81
2020-05-27 02:00:00,-43.75,172.75,0,0001,102425.125
2020-05-27 03:00:00,-43.75,172.75,0,0001,102401.81
2020-05-27 04:00:00,-43.75,172.75,0,0001,102390.81
2020-05-27 05:00:00,-43.75,172.75,0,0001,102420.5
2020-05-27 06:00:00,-43.75,172.75,0,0001,102437.06
2020-05-27 07:00:00,-43.75,172.75,0,0001,102458.375
2020-05-27 08:00:00,-43.75,172.75,0,0001,102473.81
2020-05-27 09:00:00,-43.75,172.75,0,0001,102510.81
2020-05-27 10:00:00,-43.75,172.75,0,0001,102484.25
2020-05-27 11:00:00,-43.75,172.75,0,0001,102536.94
2020-05-27 12:00:00,-43.75,172.75,0,0001,102478.0
2020-05-27 13:00:00,-43.75,172.75,0,0001,102505.0
2020-05-27 14:00:00,-43.75,172.75,0,0001,102498.44
2020-05-27 15:00:00,-43.75,172.75,0,0001,102483.06
2020-05-27 16:00:00,-43.75,172.75,0,0001,102463.875
2020-05-27 17:00:00,-43.75,172.75,0,0001,102443.19
2020-05-27 18:00:00,-43.75,172.75,0,0001,102460.125
2020-05-27 19:00:00,-43.75,172.75,0,0001,102437.81
2020-05-27 20:00:00,-43.75,172.75,0,0001,102480.81
2020-05-27 21:00:00,-43.75,172.75,0,0001,102484.375
2020-05-27 22:00:00,-43.75,172.75,0,0001,102457.81
2020-05-27 23:00:00,-43.75,172.75,0,0001,102428.81
2020-05-28 00:00:00,-43.75,172.75,0,0001,102345.25
2020-05-28 01:00:00,-43.75,172.75,0,0001,102240.81
2020-05-28 02:00:00,-43.75,172.75,0,0001,102160.75
2020-05-28 03:00:00,-43.75,172.75,0,0001,102119.0
2020-05-28 04:00:00,-43.75,172.75,0,0001,102118.875
2020-05-28 05:00:00,-43.75,172.75,0,0001,102079.0
2020-05-28 06:00:00,-43.75,172.75,0,0001,102050.625
2020-05-28 07:00:00,-43.75,172.75,0,0001,102048.81
2020-05-28 08:00:00,-43.75,172.75,0,0001,102030.81
2020-05-28 09:00:00,-43.75,172.75,0,0001,102027.06
2020-05-28 10:00:00,-43.75,172.75,0,0001,102000.69
2020-05-28 11:00:00,-43.75,172.75,0,0001,102024.625
2020-05-28 12:00:00,-43.75,172.75,0,0001,101996.0
2020-05-28 13:00:00,-43.75,172.75,0,0001,101951.125
2020-05-28 14:00:00,-43.75,172.75,0,0001,101933.44
2020-05-28 15:00:00,-43.75,172.75,0,0001,101914.75
2020-05-28 16:00:00,-43.75,172.75,0,0001,101879.19
2020-05-28 17:00:00,-43.75,172.75,0,0001,101859.375
2020-05-28 18:00:00,-43.75,172.75,0,0001,101892.5
2020-05-28 19:00:00,-43.75,172.75,0,0001,101897.19
2020-05-28 20:00:00,-43.75,172.75,0,0001,101947.125
2020-05-28 21:00:00,-43.75,172.75,0,0001,101973.81
2020-05-28 22:00:00,-43.75,172.75,0,0001,101992.0
2020-05-28 23:00:00,-43.75,172.75,0,0001,102021.31
2020-05-29 00:00:00,-43.75,172.75,0,0001,101974.25
2020-05-29 01:00:00,-43.75,172.75,0,0001,101956.06
2020-05-29 02:00:00,-43.75,172.75,0,0001,101961.125
2020-05-29 03:00:00,-43.75,172.75,0,0001,101943.625
2020-05-29 04:00:00,-43.75,172.75,0,0001,101980.44
2020-05-29 05:00:00,-43.75,172.75,0,0001,102013.56
2020-05-29 06:00:00,-43.75,172.75,0,0001,102070.125
2020-05-29 07:00:00,-43.75,172.75,0,0001,102082.19
2020-05-29 08:00:00,-43.75,172.75,0,0001,102148.75
2020-05-29 09:00:00,-43.75,172.75,0,0001,102192.0
2020-05-29 10:00:00,-43.75,172.75,0,0001,102235.125
2020-05-29 11:00:00,-43.75,172.75,0,0001,102265.625
2020-05-29 12:00:00,-43.75,172.75,0,0001,102289.75
2020-05-29 13:00:00,-43.75,172.75,0,0001,102353.56
2020-05-29 14:00:00,-43.75,172.75,0,0001,102372.875
2020-05-29 15:00:00,-43.75,172.75,0,0001,102370.19
2020-05-29 16:00:00,-43.75,172.75,0,0001,102375.94
2020-05-29 17:00:00,-43.75,172.75,0,0001,102368.81
2020-05-29 18:00:00,-43.75,172.75,0,0001,102453.31
2020-05-29 19:00:00,-43.75,172.75,0,0001,102489.81
2020-05-29 20:00:00,-43.75,172.75,0,0001,102562.125
2020-05-29 21:00:00,-43.75,172.75,0,0001,102636.5
2020-05-29 22:00:00,-43.75,172.75,0,0001,102680.69
2020-05-29 23:00:00,-43.75,172.75,0,0001,102717.25
2020-05-30 00:00:00,-43.75,172.75,0,0001,102688.31
2020-05-30 01:00:00,-43.75,172.75,0,0001,102628.375
2020-05-30 02:00:00,-43.75,172.75,0,0001,102652.625
2020-05-30 03:00:00,-43.75,172.75,0,0001,102683.125
2020-05-30 04:00:00,-43.75,172.75,0,0001,102738.75
2020-05-30 05:00:00,-43.75,172.75,0,0001,102765.31
2020-05-30 06:00:00,-43.75,172.75,0,0001,102843.31
2020-05-30 07:00:00,-43.75,172.75,0,0001,102872.125
2020-05-30 08:00:00,-43.75,172.75,0,0001,102926.44
2020-05-30 09:00:00,-43.75,172.75,0,0001,102983.375
2020-05-30 10:00:00,-43.75,172.75,0,0001,102993.44
2020-05-30 11:00:00,-43.75,172.75,0,0001,103025.06
2020-05-30 12:00:00,-43.75,172.75,0,0001,103098.375
2020-05-30 13:00:00,-43.75,172.75,0,0001,103079.875
2020-05-30 14:00:00,-43.75,172.75,0,0001,103093.5
2020-05-30 15:00:00,-43.75,172.75,0,0001,103081.94
2020-05-30 16:00:00,-43.75,172.75,0,0001,103065.44
2020-05-30 17:00:00,-43.75,172.75,0,0001,103039.5
2020-05-30 18:00:00,-43.75,172.75,0,0001,103082.0
2020-05-30 19:00:00,-43.75,172.75,0,0001,103087.625
2020-05-30 20:00:00,-43.75,172.75,0,0001,103099.75
2020-05-30 21:00:00,-43.75,172.75,0,0001,103143.44
2020-05-30 22:00:00,-43.75,172.75,0,0001,103138.81
2020-05-30 23:00:00,-43.75,172.75,0,0001,103119.0
2020-05-31 00:00:00,-43.75,172.75,0,0001,103058.25
2020-05-31 01:00:00,-43.75,172.75,0,0001,102993.06
2020-05-31 02:00:00,-43.75,172.75,0,0001,102928.81
2020-05-31 03:00:00,-43.75,172.75,0,0001,102884.56
2020-05-31 04:00:00,-43.75,172.75,0,0001,102924.625
2020-05-31 05:00:00,-43.75,172.75,0,0001,102904.625
2020-05-31 06:00:00,-43.75,172.75,0,0001,102922.875
2020-05-31 07:00:00,-43.75,172.75,0,0001,102901.875
2020-05-31 08:00:00,-43.75,172.75,0,0001,102902.69
2020-05-31 09:00:00,-43.75,172.75,0,0001,102902.81
2020-05-31 10:00:00,-43.75,172.75,0,0001,102829.875
2020-05-31 11:00:00,-43.75,172.75,0,0001,102794.06
2020-05-31 12:00:00,-43.75,172.75,0,0001,102744.875
2020-05-31 13:00:00,-43.75,172.75,0,0001,102689.0
2020-05-31 14:00:00,-43.75,172.75,0,0001,102638.44
2020-05-31 15:00:00,-43.75,172.75,0,0001,102569.625
2020-05-31 16:00:00,-43.75,172.75,0,0001,102503.44
2020-05-31 17:00:00,-43.75,172.75,0,0001,102425.81
2020-05-31 18:00:00,-43.75,172.75,0,0001,102405.0
2020-05-31 19:00:00,-43.75,172.75,0,0001,102388.06
2020-05-31 20:00:00,-43.75,172.75,0,0001,102376.81
2020-05-31 21:00:00,-43.75,172.75,0,0001,102364.25
2020-05-31 22:00:00,-43.75,172.75,0,0001,102322.19
2020-05-31 23:00:00,-43.75,172.75,0,0001,102233.125
2020-06-01 00:00:00,-43.75,172.75,0,0001,102179.06
2020-06-01 01:00:00,-43.75,172.75,0,0001,102039.31
2020-06-01 02:00:00,-43.75,172.75,0,0001,102020.75
2020-06-01 03:00:00,-43.75,172.75,0,0001,101955.94
2020-06-01 04:00:00,-43.75,172.75,0,0001,101933.5
2020-06-01 05:00:00,-43.75,172.75,0,0001,101868.06
2020-06-01 06:00:00,-43.75,172.75,0,0001,101855.69
2020-06-01 07:00:00,-43.75,172.75,0,0001,101826.56
2020-06-01 08:00:00,-43.75,172.75,0,0001,101821.875
2020-06-01 09:00:00,-43.75,172.75,0,0001,101803.25
2020-06-01 10:00:00,-43.75,172.75,0,0001,101717.94
2020-06-01 11:00:00,-43.75,172.75,0,0001,101713.125
2020-06-01 12:00:00,-43.75,172.75,0,0001,101674.25
2020-06-01 13:00:00,-43.75,172.75,0,0001,101601.25
2020-06-01 14:00:00,-43.75,172.75,0,0001,101548.375
2020-06-01 15:00:00,-43.75,172.75,0,0001,101491.44
2020-06-01 16:00:00,-43.75,172.75,0,0001,101426.5
2020-06-01 17:00:00,-43.75,172.75,0,0001,101365.25
2020-06-01 18:00:00,-43.75,172.75,0,0001,101347.0
2020-06-01 19:00:00,-43.75,172.75,0,0001,101343.56
2020-06-01 20:00:00,-43.75,172.75,0,0001,101328.19
2020-06-01 21:00:00,-43.75,172.75,0,0001,101370.5
2020-06-01 22:00:00,-43.75,172.75,0,0001,101323.25
2020-06-01 23:00:00,-43.75,172.75,0,0001,101343.375
2020-06-02 00:00:00,-43.75,172.75,0,0001,101300.56
2020-06-02 01:00:00,-43.75,172.75,0,0001,101265.75
2020-06-02 02:00:00,-43.75,172.75,0,0001,101236.125
2020-06-02 03:00:00,-43.75,172.75,0,0001,101243.19
2020-06-02 04:00:00,-43.75,172.75,0,0001,101244.375
2020-06-02 05:00:00,-43.75,172.75,0,0001,101291.06
2020-06-02 06:00:00,-43.75,172.75,0,0001,101298.19
2020-06-02 07:00:00,-43.75,172.75,0,0001,101309.94
2020-06-02 08:00:00,-43.75,172.75,0,0001,101325.81
2020-06-02 09:00:00,-43.75,172.75,0,0001,101347.06
2020-06-02 10:00:00,-43.75,172.75,0,0001,101323.375
2020-06-02 11:00:00,-43.75,172.75,0,0001,101281.06
2020-06-02 12:00:00,-43.75,172.75,0,0001,101295.625
2020-06-02 13:00:00,-43.75,172.75,0,0001,101275.625
2020-06-02 14:00:00,-43.75,172.75,0,0001,101248.125
2020-06-02 15:00:00,-43.75,172.75,0,0001,101166.81
2020-06-02 16:00:00,-43.75,172.75,0,0001,101104.19
2020-06-02 17:00:00,-43.75,172.75,0,0001,101055.31
2020-06-02 18:00:00,-43.75,172.75,0,0001,101017.25
2020-06-02 19:00:00,-43.75,172.75,0,0001,100962.75
2020-06-02 20:00:00,-43.75,172.75,0,0001,100947.94
2020-06-02 21:00:00,-43.75,172.75,0,0001,100902.625
2020-06-02 22:00:00,-43.75,172.75,0,0001,100836.06
2020-06-02 23:00:00,-43.75,172.75,0,0001,100717.69
2020-06-03 00:00:00,-43.75,172.75,0,0001,100577.5
2020-06-03 01:00:00,-43.75,172.75,0,0001,100430.0
2020-06-03 02:00:00,-43.75,172.75,0,0001,100344.5
2020-06-03 03:00:00,-43.75,172.75,0,0001,100230.94
2020-06-03 04:00:00,-43.75,172.75,0,0001,100174.44
2020-06-03 05:00:00,-43.75,172.75,0,0001,100102.06
2020-06-03 06:00:00,-43.75,172.75,0,0001,100061.69
2020-06-03 07:00:00,-43.75,172.75,0,0001,100021.875
2020-06-03 08:00:00,-43.75,172.75,0,0001,99979.25
2020-06-03 09:00:00,-43.75,172.75,0,0001,99897.75
2020-06-03 10:00:00,-43.75,172.75,0,0001,99933.31
2020-06-03 11:00:00,-43.75,172.75,0,0001,99829.44
2020-06-03 12:00:00,-43.75,172.75,0,0001,99850.94
2020-06-03 13:00:00,-43.75,172.75,0,0001,99805.25
2020-06-03 14:00:00,-43.75,172.75,0,0001,99806.44
2020-06-03 15:00:00,-43.75,172.75,0,0001,99813.75
2020-06-03 16:00:00,-43.75,172.75,0,0001,99766.75
2020-06-03 17:00:00,-43.75,172.75,0,0001,99779.75
2020-06-03 18:00:00,-43.75,172.75,0,0001,99844.44
2020-06-03 19:00:00,-43.75,172.75,0,0001,99933.375
2020-06-03 20:00:00,-43.75,172.75,0,0001,100029.0
2020-06-03 21:00:00,-43.75,172.75,0,0001,100146.94
2020-06-03 22:00:00,-43.75,172.75,0,0001,100283.44
2020-06-03 23:00:00,-43.75,172.75,0,0001,100309.625
2020-06-04 00:00:00,-43.75,172.75,0,0001,100336.81
2020-06-04 01:00:00,-43.75,172.75,0,0001,100334.875
2020-06-04 02:00:00,-43.75,172.75,0,0001,100409.31
2020-06-04 03:00:00,-43.75,172.75,0,0001,100443.69
2020-06-04 04:00:00,-43.75,172.75,0,0001,100529.56
2020-06-04 05:00:00,-43.75,172.75,0,0001,100552.375
2020-06-04 06:00:00,-43.75,172.75,0,0001,100623.94
2020-06-04 07:00:00,-43.75,172.75,0,0001,100691.69
2020-06-04 08:00:00,-43.75,172.75,0,0001,100770.25
2020-06-04 09:00:00,-43.75,172.75,0,0001,100837.5
2020-06-04 10:00:00,-43.75,172.75,0,0001,100925.0
2020-06-04 11:00:00,-43.75,172.75,0,0001,100965.375
2020-06-04 12:00:00,-43.75,172.75,0,0001,101009.0
2020-06-04 13:00:00,-43.75,172.75,0,0001,100989.375
2020-06-04 14:00:00,-43.75,172.75,0,0001,101028.81
2020-06-04 15:00:00,-43.75,172.75,0,0001,101053.94
2020-06-04 16:00:00,-43.75,172.75,0,0001,101007.125
2020-06-04 17:00:00,-43.75,172.75,0,0001,101003.19
2020-06-04 18:00:00,-43.75,172.75,0,0001,101018.625
2020-06-04 19:00:00,-43.75,172.75,0,0001,101063.19
2020-06-04 20:00:00,-43.75,172.75,0,0001,101088.875
2020-06-04 21:00:00,-43.75,172.75,0,0001,101143.94
2020-06-04 22:00:00,-43.75,172.75,0,0001,101136.94
2020-06-04 23:00:00,-43.75,172.75,0,0001,101096.44
2020-06-05 00:00:00,-43.75,172.75,0,0001,101042.69
2020-06-05 01:00:00,-43.75,172.75,0,0001,100961.625
2020-06-05 02:00:00,-43.75,172.75,0,0001,100912.06
2020-06-05 03:00:00,-43.75,172.75,0,0001,100860.81
2020-06-05 04:00:00,-43.75,172.75,0,0001,100855.31
2020-06-05 05:00:00,-43.75,172.75,0,0001,100812.75
2020-06-05 06:00:00,-43.75,172.75,0,0001,100787.125
2020-06-05 07:00:00,-43.75,172.75,0,0001,100764.19
2020-06-05 08:00:00,-43.75,172.75,0,0001,100749.31
2020-06-05 09:00:00,-43.75,172.75,0,0001,100754.625
2020-06-05 10:00:00,-43.75,172.75,0,0001,100659.75
2020-06-05 11:00:00,-43.75,172.75,0,0001,100621.31
2020-06-05 12:00:00,-43.75,172.75,0,0001,100598.69
2020-06-05 13:00:00,-43.75,172.75,0,0001,100496.75
2020-06-05 14:00:00,-43.75,172.75,0,0001,100447.69
2020-06-05 15:00:00,-43.75,172.75,0,0001,100363.94
2020-06-05 16:00:00,-43.75,172.75,0,0001,100249.81
2020-06-05 17:00:00,-43.75,172.75,0,0001,100207.06
2020-06-05 18:00:00,-43.75,172.75,0,0001,100169.81
2020-06-05 19:00:00,-43.75,172.75,0,0001,100160.44
2020-06-05 20:00:00,-43.75,172.75,0,0001,100229.94
2020-06-05 21:00:00,-43.75,172.75,0,0001,100260.125
2020-06-05 22:00:00,-43.75,172.75,0,0001,100283.56
2020-06-05 23:00:00,-43.75,172.75,0,0001,100436.69
2020-06-06 00:00:00,-43.75,172.75,0,0001,100552.0
2020-06-06 01:00:00,-43.75,172.75,0,0001,100646.75
2020-06-06 02:00:00,-43.75,172.75,0,0001,100722.94
2020-06-06 03:00:00,-43.75,172.75,0,0001,100826.5
2020-06-06 04:00:00,-43.75,172.75,0,0001,100903.06
2020-06-06 05:00:00,-43.75,172.75,0,0001,100988.06
2020-06-06 06:00:00,-43.75,172.75,0,0001,101041.875
2020-06-06 07:00:00,-43.75,172.75,0,0001,101111.56
2020-06-06 08:00:00,-43.75,172.75,0,0001,101164.19
2020-06-06 09:00:00,-43.75,172.75,0,0001,101232.0
2020-06-06 10:00:00,-43.75,172.75,0,0001,101254.94
2020-06-06 11:00:00,-43.75,172.75,0,0001,101250.0
2020-06-06 12:00:00,-43.75,172.75,0,0001,101238.31
2020-06-06 13:00:00,-43.75,172.75,0,0001,101197.625
2020-06-06 14:00:00,-43.75,172.75,0,0001,101193.0
2020-06-06 15:00:00,-43.75,172.75,0,0001,101149.06
2020-06-06 16:00:00,-43.75,172.75,0,0001,101090.06
2020-06-06 17:00:00,-43.75,172.75,0,0001,101058.44
2020-06-06 18:00:00,-43.75,172.75,0,0001,101057.69
2020-06-06 19:00:00,-43.75,172.75,0,0001,101065.06
2020-06-06 20:00:00,-43.75,172.75,0,0001,101082.5
2020-06-06 21:00:00,-43.75,172.75,0,0001,101114.0
2020-06-06 22:00:00,-43.75,172.75,0,0001,101147.25
2020-06-06 23:00:00,-43.75,172.75,0,0001,101097.81
2020-06-07 00:00:00,-43.75,172.75,0,0001,101078.25
2020-06-07 01:00:00,-43.75,172.75,0,0001,101008.5
2020-06-07 02:00:00,-43.75,172.75,0,0001,100969.5
2020-06-07 03:00:00,-43.75,172.75,0,0001,100989.69
2020-06-07 04:00:00,-43.75,172.75,0,0001,101011.0
2020-06-07 05:00:00,-43.75,172.75,0,0001,101072.31
2020-06-07 06:00:00,-43.75,172.75,0,0001,101086.31
2020-06-07 07:00:00,-43.75,172.75,0,0001,101176.75
2020-06-07 08:00:00,-43.75,172.75,0,0001,101210.94
2020-06-07 09:00:00,-43.75,172.75,0,0001,101313.125
2020-06-07 10:00:00,-43.75,172.75,0,0001,101316.19
2020-06-07 11:00:00,-43.75,172.75,0,0001,101320.44
2020-06-07 12:00:00,-43.75,172.75,0,0001,101413.25
2020-06-07 13:00:00,-43.75,172.75,0,0001,101419.125
2020-06-07 14:00:00,-43.75,172.75,0,0001,101442.56
2020-06-07 15:00:00,-43.75,172.75,0,0001,101459.625
2020-06-07 16:00:00,-43.75,172.75,0,0001,101448.125
2020-06-07 17:00:00,-43.75,172.75,0,0001,101459.625
2020-06-07 18:00:00,-43.75,172.75,0,0001,101496.94
2020-06-07 19:00:00,-43.75,172.75,0,0001,101523.69
2020-06-07 20:00:00,-43.75,172.75,0,0001,101587.625
2020-06-07 21:00:00,-43.75,172.75,0,0001,101638.19
2020-06-07 22:00:00,-43.75,172.75,0,0001,101635.31
2020-06-07 23:00:00,-43.75,172.75,0,0001,101659.625
2020-06-08 00:00:00,-43.75,172.75,0,0001,101635.5
2020-06-08 01:00:00,-43.75,172.75,0,0001,101579.375
2020-06-08 02:00:00,-43.75,172.75,0,0001,101577.375
2020-06-08 03:00:00,-43.75,172.75,0,0001,101541.56
2020-06-08 04:00:00,-43.75,172.75,0,0001,101574.375
2020-06-08 05:00:00,-43.75,172.75,0,0001,101567.56
2020-06-08 06:00:00,-43.75,172.75,0,0001,101562.125
2020-06-08 07:00:00,-43.75,172.75,0,0001,101617.75
2020-06-08 08:00:00,-43.75,172.75,0,0001,101630.5
2020-06-08 09:00:00,-43.75,172.75,0,0001,101652.75
2020-06-08 10:00:00,-43.75,172.75,0,0001,101672.375
2020-06-08 11:00:00,-43.75,172.75,0,0001,101641.625
2020-06-08 12:00:00,-43.75,172.75,0,0001,101668.0
2020-06-08 13:00:00,-43.75,172.75,0,0001,101626.375
2020-06-08 14:00:00,-43.75,172.75,0,0001,101607.31
2020-06-08 15:00:00,-43.75,172.75,0,0001,101651.375
2020-06-08 16:00:00,-43.75,172.75,0,0001,101637.125
2020-06-08 17:00:00,-43.75,172.75,0,0001,101661.25
2020-06-08 18:00:00,-43.75,172.75,0,0001,101749.0
2020-06-08 19:00:00,-43.75,172.75,0,0001,101793.94
2020-06-08 20:00:00,-43.75,172.75,0,0001,101899.125
2020-06-08 21:00:00,-43.75,172.75,0,0001,101984.75
2020-06-08 22:00:00,-43.75,172.75,0,0001,102070.125
2020-06-08 23:00:00,-43.75,172.75,0,0001,102058.5
2020-06-09 00:00:00,-43.75,172.75,0,0001,102065.25
2020-06-09 01:00:00,-43.75,172.75,0,0001,102069.125
2020-06-09 02:00:00,-43.75,172.75,0,0001,102070.69
2020-06-09 03:00:00,-43.75,172.75,0,0001,102098.31
2020-06-09 04:00:00,-43.75,172.75,0,0001,102145.56
2020-06-09 05:00:00,-43.75,172.75,0,0001,102176.19
2020-06-09 06:00:00,-43.75,172.75,0,0001,102220.31
2020-06-09 07:00:00,-43.75,172.75,0,0001,102276.375
2020-06-09 08:00:00,-43.75,172.75,0,0001,102294.69
2020-06-09 09:00:00,-43.75,172.75,0,0001,102297.31
2020-06-09 10:00:00,-43.75,172.75,0,0001,102352.31
2020-06-09 11:00:00,-43.75,172.75,0,0001,102355.5
2020-06-09 12:00:00,-43.75,172.75,0,0001,102378.06
2020-06-09 13:00:00,-43.75,172.75,0,0001,102335.19
2020-06-09 14:00:00,-43.75,172.75,0,0001,102335.94
2020-06-09 15:00:00,-43.75,172.75,0,0001,102326.125
2020-06-09 16:00:00,-43.75,172.75,0,0001,102272.94
2020-06-09 17:00:00,-43.75,172.75,0,0001,102291.19
2020-06-09 18:00:00,-43.75,172.75,0,0001,102310.0
2020-06-09 19:00:00,-43.75,172.75,0,0001,102318.19
2020-06-09 20:00:00,-43.75,172.75,0,0001,102342.25
2020-06-09 21:00:00,-43.75,172.75,0,0001,102359.31
2020-06-09 22:00:00,-43.75,172.75,0,0001,102410.69
2020-06-09 23:00:00,-43.75,172.75,0,0001,102376.19
2020-06-10 00:00:00,-43.75,172.75,0,0001,102280.875
2020-06-10 01:00:00,-43.75,172.75,0,0001,102223.625
2020-06-10 02:00:00,-43.75,172.75,0,0001,102145.0
2020-06-10 03:00:00,-43.75,172.75,0,0001,102135.06
2020-06-10 04:00:00,-43.75,172.75,0,0001,102108.44
2020-06-10 05:00:00,-43.75,172.75,0,0001,102104.0
2020-06-10 06:00:00,-43.75,172.75,0,0001,102082.06
2020-06-10 07:00:00,-43.75,172.75,0,0001,102111.0
2020-06-10 08:00:00,-43.75,172.75,0,0001,102107.69
2020-06-10 09:00:00,-43.75,172.75,0,0001,102098.44
2020-06-10 10:00:00,-43.75,172.75,0,0001,102055.31
2020-06-10 11:00:00,-43.75,172.75,0,0001,102007.69
2020-06-10 12:00:00,-43.75,172.75,0,0001,101964.625
2020-06-10 13:00:00,-43.75,172.75,0,0001,101938.44
2020-06-10 14:00:00,-43.75,172.75,0,0001,101913.375
2020-06-10 15:00:00,-43.75,172.75,0,0001,101886.75
2020-06-10 16:00:00,-43.75,172.75,0,0001,101838.19
2020-06-10 17:00:00,-43.75,172.75,0,0001,101766.125
2020-06-10 18:00:00,-43.75,172.75,0,0001,101789.25
2020-06-10 19:00:00,-43.75,172.75,0,0001,101789.875
2020-06-10 20:00:00,-43.75,172.75,0,0001,101782.75
2020-06-10 21:00:00,-43.75,172.75,0,0001,101805.0
2020-06-10 22:00:00,-43.75,172.75,0,0001,101701.875
2020-06-10 23:00:00,-43.75,172.75,0,0001,101655.69
2020-06-11 00:00:00,-43.75,172.75,0,0001,101618.25
2020-06-11 01:00:00,-43.75,172.75,0,0001,101502.44
2020-06-11 02:00:00,-43.75,172.75,0,0001,101437.5
2020-06-11 03:00:00,-43.75,172.75,0,0001,101383.125
2020-06-11 04:00:00,-43.75,172.75,0,0001,101405.5
2020-06-11 05:00:00,-43.75,172.75,0,0001,101357.375
2020-06-11 06:00:00,-43.75,172.75,0,0001,101341.44
2020-06-11 07:00:00,-43.75,172.75,0,0001,101309.375
2020-06-11 08:00:00,-43.75,172.75,0,0001,101285.5
2020-06-11 09:00:00,-43.75,172.75,0,0001,101282.44
2020-06-11 10:00:00,-43.75,172.75,0,0001,101224.19
2020-06-11 11:00:00,-43.75,172.75,0,0001,101194.375
2020-06-11 12:00:00,-43.75,172.75,0,0001,101200.375
2020-06-11 13:00:00,-43.75,172.75,0,0001,101186.875
2020-06-11 14:00:00,-43.75,172.75,0,0001,101213.875
2020-06-11 15:00:00,-43.75,172.75,0,0001,101217.625
2020-06-11 16:00:00,-43.75,172.75,0,0001,101280.44
2020-06-11 17:00:00,-43.75,172.75,0,0001,101400.31
2020-06-11 18:00:00,-43.75,172.75,0,0001,101578.0
2020-06-11 19:00:00,-43.75,172.75,0,0001,101763.06
2020-06-11 20:00:00,-43.75,172.75,0,0001,101938.06
2020-06-11 21:00:00,-43.75,172.75,0,0001,102117.06
2020-06-11 22:00:00,-43.75,172.75,0,0001,102317.375
2020-06-11 23:00:00,-43.75,172.75,0,0001,102419.19
2020-06-12 00:00:00,-43.75,172.75,0,0001,102473.94
2020-06-12 01:00:00,-43.75,172.75,0,0001,102519.875
2020-06-12 02:00:00,-43.75,172.75,0,0001,102574.25
2020-06-12 03:00:00,-43.75,172.75,0,0001,102649.0
2020-06-12 04:00:00,-43.75,172.75,0,0001,102759.125
2020-06-12 05:00:00,-43.75,172.75,0,0001,102826.75
2020-06-12 06:00:00,-43.75,172.75,0,0001,102949.625
2020-06-12 07:00:00,-43.75,172.75,0,0001,103015.56
2020-06-12 08:00:00,-43.75,172.75,0,0001,103112.5
2020-06-12 09:00:00,-43.75,172.75,0,0001,103192.69
2020-06-12 10:00:00,-43.75,172.75,0,0001,103247.125
2020-06-12 11:00:00,-43.75,172.75,0,0001,103272.56
2020-06-12 12:00:00,-43.75,172.75,0,0001,103380.0
2020-06-12 13:00:00,-43.75,172.75,0,0001,103354.75
2020-06-12 14:00:00,-43.75,172.75,0,0001,103433.625
2020-06-12 15:00:00,-43.75,172.75,0,0001,103438.31
2020-06-12 16:00:00,-43.75,172.75,0,0001,103461.31
2020-06-12 17:00:00,-43.75,172.75,0,0001,103481.875
2020-06-12 18:00:00,-43.75,172.75,0,0001,103557.06
2020-06-12 19:00:00,-43.75,172.75,0,0001,103640.875
2020-06-12 20:00:00,-43.75,172.75,0,0001,103723.69
2020-06-12 21:00:00,-43.75,172.75,0,0001,103789.94
2020-06-12 22:00:00,-43.75,172.75,0,0001,103832.94
2020-06-12 23:00:00,-43.75,172.75,0,0001,103873.69
2020-06-13 00:00:00,-43.75,172.75,0,0001,103885.125
2020-06-13 01:00:00,-43.75,172.75,0,0001,103845.81
2020-06-13 02:00:00,-43.75,172.75,0,0001,103820.75
2020-06-13 03:00:00,-43.75,172.75,0,0001,103815.0
2020-06-13 04:00:00,-43.75,172.75,0,0001,103822.94
2020-06-13 05:00:00,-43.75,172.75,0,0001,103874.5
2020-06-13 06:00:00,-43.75,172.75,0,0001,103906.69
2020-06-13 07:00:00,-43.75,172.75,0,0001,103948.0
2020-06-13 08:00:00,-43.75,172.75,0,0001,103974.19
2020-06-13 09:00:00,-43.75,172.75,0,0001,103992.25
2020-06-13 10:00:00,-43.75,172.75,0,0001,103983.375
2020-06-13 11:00:00,-43.75,172.75,0,0001,104010.44
2020-06-13 12:00:00,-43.75,172.75,0,0001,103988.0
2020-06-13 13:00:00,-43.75,172.75,0,0001,103942.875
2020-06-13 14:00:00,-43.75,172.75,0,0001,103937.875
2020-06-13 15:00:00,-43.75,172.75,0,0001,103915.69
2020-06-13 16:00:00,-43.75,172.75,0,0001,103885.5
2020-06-13 17:00:00,-43.75,172.75,0,0001,103861.625
2020-06-13 18:00:00,-43.75,172.75,0,0001,103875.0
2020-06-13 19:00:00,-43.75,172.75,0,0001,103875.875
2020-06-13 20:00:00,-43.75,172.75,0,0001,103915.25
2020-06-13 21:00:00,-43.75,172.75,0,0001,103905.75
2020-06-13 22:00:00,-43.75,172.75,0,0001,103887.5
2020-06-13 23:00:00,-43.75,172.75,0,0001,103835.19
2020-06-14 00:00:00,-43.75,172.75,0,0001,103730.31
2020-06-14 01:00:00,-43.75,172.75,0,0001,103667.875
2020-06-14 02:00:00,-43.75,172.75,0,0001,103604.5
2020-06-14 03:00:00,-43.75,172.75,0,0001,103576.375
2020-06-14 04:00:00,-43.75,172.75,0,0001,103524.31
2020-06-14 05:00:00,-43.75,172.75,0,0001,103515.94
2020-06-14 06:00:00,-43.75,172.75,0,0001,103474.375
2020-06-14 07:00:00,-43.75,172.75,0,0001,103433.5
2020-06-14 08:00:00,-43.75,172.75,0,0001,103407.44
2020-06-14 09:00:00,-43.75,172.75,0,0001,103341.94
2020-06-14 10:00:00,-43.75,172.75,0,0001,103269.31
2020-06-14 11:00:00,-43.75,172.75,0,0001,103191.75
2020-06-14 12:00:00,-43.75,172.75,0,0001,103116.19
2020-06-14 13:00:00,-43.75,172.75,0,0001,103008.69
2020-06-14 14:00:00,-43.75,172.75,0,0001,102954.5
2020-06-14 15:00:00,-43.75,172.75,0,0001,102819.5
2020-06-14 16:00:00,-43.75,172.75,0,0001,102703.56
2020-06-14 17:00:00,-43.75,172.75,0,0001,102614.125
2020-06-14 18:00:00,-43.75,172.75,0,0001,102523.81
2020-06-14 19:00:00,-43.75,172.75,0,0001,102455.69
2020-06-14 20:00:00,-43.75,172.75,0,0001,102427.625
2020-06-14 21:00:00,-43.75,172.75,0,0001,102359.375
2020-06-14 22:00:00,-43.75,172.75,0,0001,102330.125
2020-06-14 23:00:00,-43.75,172.75,0,0001,102116.44
2020-06-15 00:00:00,-43.75,172.75,0,0001,102048.81
2020-06-15 01:00:00,-43.75,172.75,0,0001,101987.625
2020-06-15 02:00:00,-43.75,172.75,0,0001,101916.25
2020-06-15 03:00:00,-43.75,172.75,0,0001,101846.375
2020-06-15 04:00:00,-43.75,172.75,0,0001,101836.94
2020-06-15 05:00:00,-43.75,172.75,0,0001,101836.5
2020-06-15 06:00:00,-43.75,172.75,0,0001,101805.31
2020-06-15 07:00:00,-43.75,172.75,0,0001,101798.06
2020-06-15 08:00:00,-43.75,172.75,0,0001,101792.94
2020-06-15 09:00:00,-43.75,172.75,0,0001,101804.375
2020-06-15 10:00:00,-43.75,172.75,0,0001,101774.25
2020-06-15 11:00:00,-43.75,172.75,0,0001,101742.625
2020-06-15 12:00:00,-43.75,172.75,0,0001,101734.31
2020-06-15 13:00:00,-43.75,172.75,0,0001,101783.125
2020-06-15 14:00:00,-43.75,172.75,0,0001,101780.875
2020-06-15 15:00:00,-43.75,172.75,0,0001,101834.25
2020-06-15 16:00:00,-43.75,172.75,0,0001,101811.25
2020-06-15 17:00:00,-43.75,172.75,0,0001,101826.94
2020-06-15 18:00:00,-43.75,172.75,0,0001,101865.625
2020-06-15 19:00:00,-43.75,172.75,0,0001,101917.875
2020-06-15 20:00:00,-43.75,172.75,0,0001,101966.94
2020-06-15 21:00:00,-43.75,172.75,0,0001,102006.06
2020-06-15 22:00:00,-43.75,172.75,0,0001,102024.0
2020-06-15 23:00:00,-43.75,172.75,0,0001,102011.625
2020-06-16 00:00:00,-43.75,172.75,0,0001,101999.69
2020-06-16 01:00:00,-43.75,172.75,0,0001,101927.06
2020-06-16 02:00:00,-43.75,172.75,0,0001,101919.25
2020-06-16 03:00:00,-43.75,172.75,0,0001,101877.5
2020-06-16 04:00:00,-43.75,172.75,0,0001,101938.125
2020-06-16 05:00:00,-43.75,172.75,0,0001,101934.5
2020-06-16 06:00:00,-43.75,172.75,0,0001,101981.69
2020-06-16 07:00:00,-43.75,172.75,0,0001,101984.81
2020-06-16 08:00:00,-43.75,172.75,0,0001,102024.06
2020-06-16 09:00:00,-43.75,172.75,0,0001,102033.625
2020-06-16 10:00:00,-43.75,172.75,0,0001,101987.5
2020-06-16 11:00:00,-43.75,172.75,0,0001,102001.44
2020-06-16 12:00:00,-43.75,172.75,0,0001,101992.5
2020-06-16 13:00:00,-43.75,172.75,0,0001,101936.94
2020-06-16 14:00:00,-43.75,172.75,0,0001,101960.19
2020-06-16 15:00:00,-43.75,172.75,0,0001,101921.5
2020-06-16 16:00:00,-43.75,172.75,0,0001,101869.19
2020-06-16 17:00:00,-43.75,172.75,0,0001,101832.75
2020-06-16 18:00:00,-43.75,172.75,0,0001,101811.875
2020-06-16 19:00:00,-43.75,172.75,0,0001,101804.5
2020-06-16 20:00:00,-43.75,172.75,0,0001,101810.75
2020-06-16 21:00:00,-43.75,172.75,0,0001,101811.875
2020-06-16 22:00:00,-43.75,172.75,0,0001,101765.94
2020-06-16 23:00:00,-43.75,172.75,0,0001,101717.69
2020-06-17 00:00:00,-43.75,172.75,0,0001,101650.94
2020-06-17 01:00:00,-43.75,172.75,0,0001,101539.625
2020-06-17 02:00:00,-43.75,172.75,0,0001,101505.56
2020-06-17 03:00:00,-43.75,172.75,0,0001,101514.94
2020-06-17 04:00:00,-43.75,172.75,0,0001,101529.44
2020-06-17 05:00:00,-43.75,172.75,0,0001,101515.81
2020-06-17 06:00:00,-43.75,172.75,0,0001,101544.125
2020-06-17 07:00:00,-43.75,172.75,0,0001,101576.625
2020-06-17 08:00:00,-43.75,172.75,0,0001,101600.19
2020-06-17 09:00:00,-43.75,172.75,0,0001,101616.375
2020-06-17 10:00:00,-43.75,172.75,0,0001,101825.81
2020-06-17 11:00:00,-43.75,172.75,0,0001,102022.0
2020-06-17 12:00:00,-43.75,172.75,0,0001,102151.81
2020-06-17 13:00:00,-43.75,172.75,0,0001,102167.44
2020-06-17 14:00:00,-43.75,172.75,0,0001,102265.125
2020-06-17 15:00:00,-43.75,172.75,0,0001,102285.19
2020-06-17 16:00:00,-43.75,172.75,0,0001,102290.375
2020-06-17 17:00:00,-43.75,172.75,0,0001,102322.0
2020-06-17 18:00:00,-43.75,172.75,0,0001,102447.75
2020-06-17 19:00:00,-43.75,172.75,0,0001,102544.94
2020-06-17 20:00:00,-43.75,172.75,0,0001,102646.875
2020-06-17 21:00:00,-43.75,172.75,0,0001,102748.44
2020-06-17 22:00:00,-43.75,172.75,0,0001,102892.5
2020-06-17 23:00:00,-43.75,172.75,0,0001,102933.0
2020-06-18 00:00:00,-43.75,172.75,0,0001,102932.06
2020-06-18 01:00:00,-43.75,172.75,0,0001,102939.56
2020-06-18 02:00:00,-43.75,172.75,0,0001,102932.44
2020-06-18 03:00:00,-43.75,172.75,0,0001,103003.75
2020-06-18 04:00:00,-43.75,172.75,0,0001,103019.25
2020-06-18 05:00:00,-43.75,172.75,0,0001,103100.625
2020-06-18 06:00:00,-43.75,172.75,0,0001,103152.19
2020-06-18 07:00:00,-43.75,172.75,0,0001,103194.5
2020-06-18 08:00:00,-43.75,172.75,0,0001,103251.81
2020-06-18 09:00:00,-43.75,172.75,0,0001,103262.44
2020-06-18 10:00:00,-43.75,172.75,0,0001,103331.31
2020-06-18 11:00:00,-43.75,172.75,0,0001,103315.75
2020-06-18 12:00:00,-43.75,172.75,0,0001,103332.44
2020-06-18 13:00:00,-43.75,172.75,0,0001,103311.625
2020-06-18 14:00:00,-43.75,172.75,0,0001,103315.56
2020-06-18 15:00:00,-43.75,172.75,0,0001,103248.375
2020-06-18 16:00:00,-43.75,172.75,0,0001,103189.44
2020-06-18 17:00:00,-43.75,172.75,0,0001,103143.06
2020-06-18 18:00:00,-43.75,172.75,0,0001,103118.125
2020-06-18 19:00:00,-43.75,172.75,0,0001,103091.75
2020-06-18 20:00:00,-43.75,172.75,0,0001,103086.31
2020-06-18 21:00:00,-43.75,172.75,0,0001,103053.31
2020-06-18 22:00:00,-43.75,172.75,0,0001,103145.94
2020-06-18 23:00:00,-43.75,172.75,0,0001,103074.125
2020-06-19 00:00:00,-43.75,172.75,0,0001,102956.625
2020-06-19 01:00:00,-43.75,172.75,0,0001,102883.44
2020-06-19 02:00:00,-43.75,172.75,0,0001,102817.375
2020-06-19 03:00:00,-43.75,172.75,0,0001,102780.94
2020-06-19 04:00:00,-43.75,172.75,0,0001,102733.125
2020-06-19 05:00:00,-43.75,172.75,0,0001,102689.5
2020-06-19 06:00:00,-43.75,172.75,0,0001,102646.25
2020-06-19 07:00:00,-43.75,172.75,0,0001,102625.375
2020-06-19 08:00:00,-43.75,172.75,0,0001,102592.0
2020-06-19 09:00:00,-43.75,172.75,0,0001,102554.375
2020-06-19 10:00:00,-43.75,172.75,0,0001,102514.875
2020-06-19 11:00:00,-43.75,172.75,0,0001,102459.81
2020-06-19 12:00:00,-43.75,172.75,0,0001,102418.06
2020-06-19 13:00:00,-43.75,172.75,0,0001,102378.19
2020-06-19 14:00:00,-43.75,172.75,0,0001,102339.75
2020-06-19 15:00:00,-43.75,172.75,0,0001,102322.06
2020-06-19 16:00:00,-43.75,172.75,0,0001,102281.5
2020-06-19 17:00:00,-43.75,172.75,0,0001,102283.94
2020-06-19 18:00:00,-43.75,172.75,0,0001,102341.75
2020-06-19 19:00:00,-43.75,172.75,0,0001,102419.06
2020-06-19 20:00:00,-43.75,172.75,0,0001,102481.375
2020-06-19 21:00:00,-43.75,172.75,0,0001,102543.125
2020-06-19 22:00:00,-43.75,172.75,0,0001,102604.0
2020-06-19 23:00:00,-43.75,172.75,0,0001,102586.875
2020-06-20 00:00:00,-43.75,172.75,0,0001,102576.875
2020-06-20 01:00:00,-43.75,172.75,0,0001,102519.44
2020-06-20 02:00:00,-43.75,172.75,0,0001,102563.25
2020-06-20 03:00:00,-43.75,172.75,0,0001,102606.44
2020-06-20 04:00:00,-43.75,172.75,0,0001,102633.44
2020-06-20 05:00:00,-43.75,172.75,0,0001,102638.31
2020-06-20 06:00:00,-43.75,172.75,0,0001,102670.81
2020-06-20 07:00:00,-43.75,172.75,0,0001,102732.19
2020-06-20 08:00:00,-43.75,172.75,0,0001,102787.44
2020-06-20 09:00:00,-43.75,172.75,0,0001,102809.44
2020-06-20 10:00:00,-43.75,172.75,0,0001,102869.875
2020-06-20 11:00:00,-43.75,172.75,0,0001,102878.5
2020-06-20 12:00:00,-43.75,172.75,0,0001,102899.875
2020-06-20 13:00:00,-43.75,172.75,0,0001,102864.06
2020-06-20 14:00:00,-43.75,172.75,0,0001,102895.69
2020-06-20 15:00:00,-43.75,172.75,0,0001,102857.44
2020-06-20 16:00:00,-43.75,172.75,0,0001,102866.19
2020-06-20 17:00:00,-43.75,172.75,0,0001,102839.875
2020-06-20 18:00:00,-43.75,172.75,0,0001,102866.375
2020-06-20 19:00:00,-43.75,172.75,0,0001,102907.94
2020-06-20 20:00:00,-43.75,172.75,0,0001,102960.75
2020-06-20 21:00:00,-43.75,172.75,0,0001,102975.875
2020-06-20 22:00:00,-43.75,172.75,0,0001,102993.125
2020-06-20 23:00:00,-43.75,172.75,0,0001,102969.0
2020-06-21 00:00:00,-43.75,172.75,0,0001,102898.625
2020-06-21 01:00:00,-43.75,172.75,0,0001,102828.375
2020-06-21 02:00:00,-43.75,172.75,0,0001,102774.75
2020-06-21 03:00:00,-43.75,172.75,0,0001,102697.0
2020-06-21 04:00:00,-43.75,172.75,0,0001,102704.81
2020-06-21 05:00:00,-43.75,172.75,0,0001,102683.875
2020-06-21 06:00:00,-43.75,172.75,0,0001,102670.875
2020-06-21 07:00:00,-43.75,172.75,0,0001,102680.94
2020-06-21 08:00:00,-43.75,172.75,0,0001,102694.94
2020-06-21 09:00:00,-43.75,172.75,0,0001,102727.06
2020-06-21 10:00:00,-43.75,172.75,0,0001,102727.75
2020-06-21 11:00:00,-43.75,172.75,0,0001,102711.06
2020-06-21 12:00:00,-43.75,172.75,0,0001,102680.31
2020-06-21 13:00:00,-43.75,172.75,0,0001,102671.25
2020-06-21 14:00:00,-43.75,172.75,0,0001,102654.0
2020-06-21 15:00:00,-43.75,172.75,0,0001,102631.625
2020-06-21 16:00:00,-43.75,172.75,0,0001,102577.125
2020-06-21 17:00:00,-43.75,172.75,0,0001,102578.75
2020-06-21 18:00:00,-43.75,172.75,0,0001,102583.06
2020-06-21 19:00:00,-43.75,172.75,0,0001,102627.81
2020-06-21 20:00:00,-43.75,172.75,0,0001,102678.25
2020-06-21 21:00:00,-43.75,172.75,0,0001,102711.0
2020-06-21 22:00:00,-43.75,172.75,0,0001,102723.44
2020-06-21 23:00:00,-43.75,172.75,0,0001,102707.31
2020-06-22 00:00:00,-43.75,172.75,0,0001,102681.44
2020-06-22 01:00:00,-43.75,172.75,0,0001,102618.19
2020-06-22 02:00:00,-43.75,172.75,0,0001,102572.75
2020-06-22 03:00:00,-43.75,172.75,0,0001,102561.31
2020-06-22 04:00:00,-43.75,172.75,0,0001,102603.06
2020-06-22 05:00:00,-43.75,172.75,0,0001,102626.0
2020-06-22 06:00:00,-43.75,172.75,0,0001,102664.375
2020-06-22 07:00:00,-43.75,172.75,0,0001,102693.75
2020-06-22 08:00:00,-43.75,172.75,0,0001,102714.875
2020-06-22 09:00:00,-43.75,172.75,0,0001,102745.31
2020-06-22 10:00:00,-43.75,172.75,0,0001,102762.125
2020-06-22 11:00:00,-43.75,172.75,0,0001,102776.06
2020-06-22 12:00:00,-43.75,172.75,0,0001,102762.875
2020-06-22 13:00:00,-43.75,172.75,0,0001,102762.0
2020-06-22 14:00:00,-43.75,172.75,0,0001,102734.625
2020-06-22 15:00:00,-43.75,172.75,0,0001,102701.0
2020-06-22 16:00:00,-43.75,172.75,0,0001,102649.56
2020-06-22 17:00:00,-43.75,172.75,0,0001,102609.75
2020-06-22 18:00:00,-43.75,172.75,0,0001,102590.31
2020-06-22 19:00:00,-43.75,172.75,0,0001,102582.5
2020-06-22 20:00:00,-43.75,172.75,0,0001,102596.06
2020-06-22 21:00:00,-43.75,172.75,0,0001,102603.125
2020-06-22 22:00:00,-43.75,172.75,0,0001,102609.875
2020-06-22 23:00:00,-43.75,172.75,0,0001,102573.375
2020-06-23 00:00:00,-43.75,172.75,0,0001,102531.19
2020-06-23 01:00:00,-43.75,172.75,0,0001,102415.5
2020-06-23 02:00:00,-43.75,172.75,0,0001,102364.0
2020-06-23 03:00:00,-43.75,172.75,0,0001,102338.44
2020-06-23 04:00:00,-43.75,172.75,0,0001,102316.25
2020-06-23 05:00:00,-43.75,172.75,0,0001,102324.125
2020-06-23 06:00:00,-43.75,172.75,0,0001,102320.19
2020-06-23 07:00:00,-43.75,172.75,0,0001,102345.69
2020-06-23 08:00:00,-43.75,172.75,0,0001,102364.5
2020-06-23 09:00:00,-43.75,172.75,0,0001,102365.94
2020-06-23 10:00:00,-43.75,172.75,0,0001,102397.5
2020-06-23 11:00:00,-43.75,172.75,0,0001,102398.81
2020-06-23 12:00:00,-43.75,172.75,0,0001,102418.375
2020-06-23 13:00:00,-43.75,172.75,0,0001,102436.19
2020-06-23 14:00:00,-43.75,172.75,0,0001,102435.625
2020-06-23 15:00:00,-43.75,172.75,0,0001,102457.375
2020-06-23 16:00:00,-43.75,172.75,0,0001,102426.44
2020-06-23 17:00:00,-43.75,172.75,0,0001,102397.69
2020-06-23 18:00:00,-43.75,172.75,0,0001,102449.19
2020-06-23 19:00:00,-43.75,172.75,0,0001,102438.125
2020-06-23 20:00:00,-43.75,172.75,0,0001,102499.56
2020-06-23 21:00:00,-43.75,172.75,0,0001,102522.06
2020-06-23 22:00:00,-43.75,172.75,0,0001,102600.56
2020-06-23 23:00:00,-43.75,172.75,0,0001,102548.44
2020-06-24 00:00:00,-43.75,172.75,0,0001,102577.06
2020-06-24 01:00:00,-43.75,172.75,0,0001,102524.69
2020-06-24 02:00:00,-43.75,172.75,0,0001,102484.625
2020-06-24 03:00:00,-43.75,172.75,0,0001,102483.75
2020-06-24 04:00:00,-43.75,172.75,0,0001,102492.625
2020-06-24 05:00:00,-43.75,172.75,0,0001,102500.125
2020-06-24 06:00:00,-43.75,172.75,0,0001,102543.81
2020-06-24 07:00:00,-43.75,172.75,0,0001,102576.25
2020-06-24 08:00:00,-43.75,172.75,0,0001,102611.375
2020-06-24 09:00:00,-43.75,172.75,0,0001,102634.125
2020-06-24 10:00:00,-43.75,172.75,0,0001,102667.44
2020-06-24 11:00:00,-43.75,172.75,0,0001,102655.375
2020-06-24 12:00:00,-43.75,172.75,0,0001,102671.19
2020-06-24 13:00:00,-43.75,172.75,0,0001,102637.81
2020-06-24 14:00:00,-43.75,172.75,0,0001,102643.56
2020-06-24 15:00:00,-43.75,172.75,0,0001,102627.75
2020-06-24 16:00:00,-43.75,172.75,0,0001,102603.5
2020-06-24 17:00:00,-43.75,172.75,0,0001,102607.19
2020-06-24 18:00:00,-43.75,172.75,0,0001,102619.875
2020-06-24 19:00:00,-43.75,172.75,0,0001,102617.31
2020-06-24 20:00:00,-43.75,172.75,0,0001,102651.0
2020-06-24 21:00:00,-43.75,172.75,0,0001,102697.94
2020-06-24 22:00:00,-43.75,172.75,0,0001,102730.5
2020-06-24 23:00:00,-43.75,172.75,0,0001,102727.5
2020-06-25 00:00:00,-43.75,172.75,0,0001,102745.81
2020-06-25 01:00:00,-43.75,172.75,0,0001,102679.25
2020-06-25 02:00:00,-43.75,172.75,0,0001,102620.44
2020-06-25 03:00:00,-43.75,172.75,0,0001,102663.875
2020-06-25 04:00:00,-43.75,172.75,0,0001,102656.56
2020-06-25 05:00:00,-43.75,172.75,0,0001,102704.375
2020-06-25 06:00:00,-43.75,172.75,0,0001,102729.19
2020-06-25 07:00:00,-43.75,172.75,0,0001,102771.75
2020-06-25 08:00:00,-43.75,172.75,0,0001,102770.44
2020-06-25 09:00:00,-43.75,172.75,0,0001,102773.125
2020-06-25 10:00:00,-43.75,172.75,0,0001,102798.0
2020-06-25 11:00:00,-43.75,172.75,0,0001,102784.81
2020-06-25 12:00:00,-43.75,172.75,0,0001,102722.0
2020-06-25 13:00:00,-43.75,172.75,0,0001,102733.69
2020-06-25 14:00:00,-43.75,172.75,0,0001,102707.44
2020-06-25 15:00:00,-43.75,172.75,0,0001,102674.56
2020-06-25 16:00:00,-43.75,172.75,0,0001,102643.94
2020-06-25 17:00:00,-43.75,172.75,0,0001,102600.19
2020-06-25 18:00:00,-43.75,172.75,0,0001,102562.375
2020-06-25 19:00:00,-43.75,172.75,0,0001,102578.31
2020-06-25 20:00:00,-43.75,172.75,0,0001,102562.0
2020-06-25 21:00:00,-43.75,172.75,0,0001,102596.625
2020-06-25 22:00:00,-43.75,172.75,0,0001,102583.625
2020-06-25 23:00:00,-43.75,172.75,0,0001,102543.75
2020-06-26 00:00:00,-43.75,172.75,0,0001,102491.5
2020-06-26 01:00:00,-43.75,172.75,0,0001,102381.375
2020-06-26 02:00:00,-43.75,172.75,0,0001,102316.81
2020-06-26 03:00:00,-43.75,172.75,0,0001,102268.94
2020-06-26 04:00:00,-43.75,172.75,0,0001,102229.69
2020-06-26 05:00:00,-43.75,172.75,0,0001,102215.44
2020-06-26 06:00:00,-43.75,172.75,0,0001,102191.25
2020-06-26 07:00:00,-43.75,172.75,0,0001,102176.625
2020-06-26 08:00:00,-43.75,172.75,0,0001,102143.75
2020-06-26 09:00:00,-43.75,172.75,0,0001,102105.31
2020-06-26 10:00:00,-43.75,172.75,0,0001,102078.69
2020-06-26 11:00:00,-43.75,172.75,0,0001,102018.81
2020-06-26 12:00:00,-43.75,172.75,0,0001,101972.69
2020-06-26 13:00:00,-43.75,172.75,0,0001,101938.375
2020-06-26 14:00:00,-43.75,172.75,0,0001,101860.75
2020-06-26 15:00:00,-43.75,172.75,0,0001,101788.0
2020-06-26 16:00:00,-43.75,172.75,0,0001,101717.125
2020-06-26 17:00:00,-43.75,172.75,0,0001,101689.25
2020-06-26 18:00:00,-43.75,172.75,0,0001,101639.56
2020-06-26 19:00:00,-43.75,172.75,0,0001,101596.56
2020-06-26 20:00:00,-43.75,172.75,0,0001,101587.5
2020-06-26 21:00:00,-43.75,172.75,0,0001,101547.125
2020-06-26 22:00:00,-43.75,172.75,0,0001,101485.69
2020-06-26 23:00:00,-43.75,172.75,0,0001,101413.44
2020-06-27 00:00:00,-43.75,172.75,0,0001,101353.125
2020-06-27 01:00:00,-43.75,172.75,0,0001,101219.56
2020-06-27 02:00:00,-43.75,172.75,0,0001,101124.5
2020-06-27 03:00:00,-43.75,172.75,0,0001,101048.19
2020-06-27 04:00:00,-43.75,172.75,0,0001,101012.69
2020-06-27 05:00:00,-43.75,172.75,0,0001,100985.06
2020-06-27 06:00:00,-43.75,172.75,0,0001,100930.5
2020-06-27 07:00:00,-43.75,172.75,0,0001,100893.25
2020-06-27 08:00:00,-43.75,172.75,0,0001,100863.44
2020-06-27 09:00:00,-43.75,172.75,0,0001,100790.5
2020-06-27 10:00:00,-43.75,172.75,0,0001,100791.375
2020-06-27 11:00:00,-43.75,172.75,0,0001,100703.125
2020-06-27 12:00:00,-43.75,172.75,0,0001,100680.94
2020-06-27 13:00:00,-43.75,172.75,0,0001,100636.81
2020-06-27 14:00:00,-43.75,172.75,0,0001,100577.75
2020-06-27 15:00:00,-43.75,172.75,0,0001,100488.125
2020-06-27 16:00:00,-43.75,172.75,0,0001,100413.5
2020-06-27 17:00:00,-43.75,172.75,0,0001,100344.94
2020-06-27 18:00:00,-43.75,172.75,0,0001,100300.625
2020-06-27 19:00:00,-43.75,172.75,0,0001,100273.25
2020-06-27 20:00:00,-43.75,172.75,0,0001,100269.69
2020-06-27 21:00:00,-43.75,172.75,0,0001,100240.31
2020-06-27 22:00:00,-43.75,172.75,0,0001,100263.125
2020-06-27 23:00:00,-43.75,172.75,0,0001,100187.94
2020-06-28 00:00:00,-43.75,172.75,0,0001,100153.375
2020-06-28 01:00:00,-43.75,172.75,0,0001,100052.94
2020-06-28 02:00:00,-43.75,172.75,0,0001,100064.06
2020-06-28 03:00:00,-43.75,172.75,0,0001,100051.31
2020-06-28 04:00:00,-43.75,172.75,0,0001,100061.81
2020-06-28 05:00:00,-43.75,172.75,0,0001,100075.69
2020-06-28 06:00:00,-43.75,172.75,0,0001,100073.125
2020-06-28 07:00:00,-43.75,172.75,0,0001,100078.56
2020-06-28 08:00:00,-43.75,172.75,0,0001,100115.25
2020-06-28 09:00:00,-43.75,172.75,0,0001,100108.81
2020-06-28 10:00:00,-43.75,172.75,0,0001,100132.94
2020-06-28 11:00:00,-43.75,172.75,0,0001,100153.69
2020-06-28 12:00:00,-43.75,172.75,0,0001,100149.125
2020-06-28 13:00:00,-43.75,172.75,0,0001,100167.44
2020-06-28 14:00:00,-43.75,172.75,0,0001,100212.69
2020-06-28 15:00:00,-43.75,172.75,0,0001,100221.19
2020-06-28 16:00:00,-43.75,172.75,0,0001,100267.06
2020-06-28 17:00:00,-43.75,172.75,0,0001,100336.31
2020-06-28 18:00:00,-43.75,172.75,0,0001,100430.875
2020-06-28 19:00:00,-43.75,172.75,0,0001,100521.375
2020-06-28 20:00:00,-43.75,172.75,0,0001,100570.31
2020-06-28 21:00:00,-43.75,172.75,0,0001,100636.44
2020-06-28 22:00:00,-43.75,172.75,0,0001,100718.56
2020-06-28 23:00:00,-43.75,172.75,0,0001,100695.56
2020-06-29 00:00:00,-43.75,172.75,0,0001,100700.125
2020-06-29 01:00:00,-43.75,172.75,0,0001,100650.5
2020-06-29 02:00:00,-43.75,172.75,0,0001,100620.31
2020-06-29 03:00:00,-43.75,172.75,0,0001,100594.81
2020-06-29 04:00:00,-43.75,172.75,0,0001,100638.25
2020-06-29 05:00:00,-43.75,172.75,0,0001,100635.31
2020-06-29 06:00:00,-43.75,172.75,0,0001,100671.94
2020-06-29 07:00:00,-43.75,172.75,0,0001,100696.625
2020-06-29 08:00:00,-43.75,172.75,0,0001,100769.44
2020-06-29 09:00:00,-43.75,172.75,0,0001,100765.81
2020-06-29 10:00:00,-43.75,172.75,0,0001,100805.0
2020-06-29 11:00:00,-43.75,172.75,0,0001,100840.81
2020-06-29 12:00:00,-43.75,172.75,0,0001,100862.75
2020-06-29 13:00:00,-43.75,172.75,0,0001,100872.94
2020-06-29 14:00:00,-43.75,172.75,0,0001,100888.19
2020-06-29 15:00:00,-43.75,172.75,0,0001,100904.5
2020-06-29 16:00:00,-43.75,172.75,0,0001,100877.19
2020-06-29 17:00:00,-43.75,172.75,0,0001,100895.625
2020-06-29 18:00:00,-43.75,172.75,0,0001,100946.875
2020-06-29 19:00:00,-43.75,172.75,0,0001,100972.375
2020-06-29 20:00:00,-43.75,172.75,0,0001,101005.375
2020-06-29 21:00:00,-43.75,172.75,0,0001,101013.625
2020-06-29 22:00:00,-43.75,172.75,0,0001,101011.31
2020-06-29 23:00:00,-43.75,172.75,0,0001,100935.19
2020-06-30 00:00:00,-43.75,172.75,0,0001,100889.25
2020-06-30 01:00:00,-43.75,172.75,0,0001,100807.875
2020-06-30 02:00:00,-43.75,172.75,0,0001,100746.625
2020-06-30 03:00:00,-43.75,172.75,0,0001,100627.81
2020-06-30 04:00:00,-43.75,172.75,0,0001,100596.56
2020-06-30 05:00:00,-43.75,172.75,0,0001,100575.875
2020-06-30 06:00:00,-43.75,172.75,0,0001,100588.0
2020-06-30 07:00:00,-43.75,172.75,0,0001,100570.44
2020-06-30 08:00:00,-43.75,172.75,0,0001,100576.0
2020-06-30 09:00:00,-43.75,172.75,0,0001,100604.5
2020-06-30 10:00:00,-43.75,172.75,0,0001,100648.81
2020-06-30 11:00:00,-43.75,172.75,0,0001,100693.81
2020-06-30 12:00:00,-43.75,172.75,0,0001,100735.375
2020-06-30 13:00:00,-43.75,172.75,0,0001,100751.75
2020-06-30 14:00:00,-43.75,172.75,0,0001,100834.56
2020-06-30 15:00:00,-43.75,172.75,0,0001,100825.5
2020-06-30 16:00:00,-43.75,172.75,0,0001,100789.94
2020-06-30 17:00:00,-43.75,172.75,0,0001,100806.125
2020-06-30 18:00:00,-43.75,172.75,0,0001,100812.69
2020-06-30 19:00:00,-43.75,172.75,0,0001,100829.06
2020-06-30 20:00:00,-43.75,172.75,0,0001,100868.06
2020-06-30 21:00:00,-43.75,172.75,0,0001,100881.56
2020-06-30 22:00:00,-43.75,172.75,0,0001,100921.19
2020-06-30 23:00:00,-43.75,172.75,0,0001,100865.81
2020-07-01 00:00:00,-43.75,172.75,0,0001,100853.81
2020-07-01 01:00:00,-43.75,172.75,0,0001,100809.44
2020-07-01 02:00:00,-43.75,172.75,0,0001,100819.5
2020-07-01 03:00:00,-43.75,172.75,0,0001,100759.875
2020-07-01 04:00:00,-43.75,172.75,0,0001,100771.375
2020-07-01 05:00:00,-43.75,172.75,0,0001,100769.56
2020-07-01 06:00:00,-43.75,172.75,0,0001,100809.56
2020-07-01 07:00:00,-43.75,172.75,0,0001,100859.19
2020-07-01 08:00:00,-43.75,172.75,0,0001,100931.56
2020-07-01 09:00:00,-43.75,172.75,0,0001,100979.5
2020-07-01 10:00:00,-43.75,172.75,0,0001,101062.625
2020-07-01 11:00:00,-43.75,172.75,0,0001,101065.125
2020-07-01 12:00:00,-43.75,172.75,0,0001,101146.69
2020-07-01 13:00:00,-43.75,172.75,0,0001,101155.875
2020-07-01 14:00:00,-43.75,172.75,0,0001,101210.375
2020-07-01 15:00:00,-43.75,172.75,0,0001,101286.875
2020-07-01 16:00:00,-43.75,172.75,0,0001,101307.81
2020-07-01 17:00:00,-43.75,172.75,0,0001,101372.06
2020-07-01 18:00:00,-43.75,172.75,0,0001,101435.06
2020-07-01 19:00:00,-43.75,172.75,0,0001,101536.19
2020-07-01 20:00:00,-43.75,172.75,0,0001,101645.06
2020-07-01 21:00:00,-43.75,172.75,0,0001,101735.19
2020-07-01 22:00:00,-43.75,172.75,0,0001,101796.94
2020-07-01 23:00:00,-43.75,172.75,0,0001,101815.19
2020-07-02 00:00:00,-43.75,172.75,0,0001,101868.19
2020-07-02 01:00:00,-43.75,172.75,0,0001,101856.81
2020-07-02 02:00:00,-43.75,172.75,0,0001,101856.06
2020-07-02 03:00:00,-43.75,172.75,0,0001,101901.56
2020-07-02 04:00:00,-43.75,172.75,0,0001,101948.0
2020-07-02 05:00:00,-43.75,172.75,0,0001,101982.125
2020-07-02 06:00:00,-43.75,172.75,0,0001,102033.625
2020-07-02 07:00:00,-43.75,172.75,0,0001,102070.81
2020-07-02 08:00:00,-43.75,172.75,0,0001,102101.125
2020-07-02 09:00:00,-43.75,172.75,0,0001,102153.375
2020-07-02 10:00:00,-43.75,172.75,0,0001,102179.375
2020-07-02 11:00:00,-43.75,172.75,0,0001,102183.56
2020-07-02 12:00:00,-43.75,172.75,0,0001,102203.94
2020-07-02 13:00:00,-43.75,172.75,0,0001,102193.5
2020-07-02 14:00:00,-43.75,172.75,0,0001,102216.06
2020-07-02 15:00:00,-43.75,172.75,0,0001,102182.25
2020-07-02 16:00:00,-43.75,172.75,0,0001,102157.875
2020-07-02 17:00:00,-43.75,172.75,0,0001,102123.94
2020-07-02 18:00:00,-43.75,172.75,0,0001,102142.25
2020-07-02 19:00:00,-43.75,172.75,0,0001,102168.69
2020-07-02 20:00:00,-43.75,172.75,0,0001,102185.75
2020-07-02 21:00:00,-43.75,172.75,0,0001,102229.125
2020-07-02 22:00:00,-43.75,172.75,0,0001,102238.81
2020-07-02 23:00:00,-43.75,172.75,0,0001,102238.56
2020-07-03 00:00:00,-43.75,172.75,0,0001,102170.81
2020-07-03 01:00:00,-43.75,172.75,0,0001,102087.125
2020-07-03 02:00:00,-43.75,172.75,0,0001,102058.44
2020-07-03 03:00:00,-43.75,172.75,0,0001,102042.375
2020-07-03 04:00:00,-43.75,172.75,0,0001,102074.19
2020-07-03 05:00:00,-43.75,172.75,0,0001,102054.94
2020-07-03 06:00:00,-43.75,172.75,0,0001,102096.56
2020-07-03 07:00:00,-43.75,172.75,0,0001,102094.06
2020-07-03 08:00:00,-43.75,172.75,0,0001,102136.31
2020-07-03 09:00:00,-43.75,172.75,0,0001,102130.44
2020-07-03 10:00:00,-43.75,172.75,0,0001,102135.875
2020-07-03 11:00:00,-43.75,172.75,0,0001,102109.0
2020-07-03 12:00:00,-43.75,172.75,0,0001,102107.19
2020-07-03 13:00:00,-43.75,172.75,0,0001,102075.875
2020-07-03 14:00:00,-43.75,172.75,0,0001,102045.0
2020-07-03 15:00:00,-43.75,172.75,0,0001,102030.5
2020-07-03 16:00:00,-43.75,172.75,0,0001,101982.625
2020-07-03 17:00:00,-43.75,172.75,0,0001,101922.375
2020-07-03 18:00:00,-43.75,172.75,0,0001,101900.44
2020-07-03 19:00:00,-43.75,172.75,0,0001,101915.94
2020-07-03 20:00:00,-43.75,172.75,0,0001,101873.75
2020-07-03 21:00:00,-43.75,172.75,0,0001,101858.44
2020-07-03 22:00:00,-43.75,172.75,0,0001,101820.25
2020-07-03 23:00:00,-43.75,172.75,0,0001,101800.69
2020-07-04 00:00:00,-43.75,172.75,0,0001,101736.81
2020-07-04 01:00:00,-43.75,172.75,0,0001,101584.06
2020-07-04 02:00:00,-43.75,172.75,0,0001,101468.81
2020-07-04 03:00:00,-43.75,172.75,0,0001,101411.81
2020-07-04 04:00:00,-43.75,172.75,0,0001,101389.06
2020-07-04 05:00:00,-43.75,172.75,0,0001,101345.31
2020-07-04 06:00:00,-43.75,172.75,0,0001,101285.56
2020-07-04 07:00:00,-43.75,172.75,0,0001,101247.69
2020-07-04 08:00:00,-43.75,172.75,0,0001,101242.19
2020-07-04 09:00:00,-43.75,172.75,0,0001,101200.125
2020-07-04 10:00:00,-43.75,172.75,0,0001,101127.56
2020-07-04 11:00:00,-43.75,172.75,0,0001,101073.94
2020-07-04 12:00:00,-43.75,172.75,0,0001,101045.81
2020-07-04 13:00:00,-43.75,172.75,0,0001,101007.125
2020-07-04 14:00:00,-43.75,172.75,0,0001,100964.94
2020-07-04 15:00:00,-43.75,172.75,0,0001,100932.69
2020-07-04 16:00:00,-43.75,172.75,0,0001,100891.69
2020-07-04 17:00:00,-43.75,172.75,0,0001,100796.625
2020-07-04 18:00:00,-43.75,172.75,0,0001,100811.5
2020-07-04 19:00:00,-43.75,172.75,0,0001,100801.625
2020-07-04 20:00:00,-43.75,172.75,0,0001,100816.5
2020-07-04 21:00:00,-43.75,172.75,0,0001,100845.875
2020-07-04 22:00:00,-43.75,172.75,0,0001,100796.94
2020-07-04 23:00:00,-43.75,172.75,0,0001,100716.69
2020-07-05 00:00:00,-43.75,172.75,0,0001,100665.81
2020-07-05 01:00:00,-43.75,172.75,0,0001,100548.56
2020-07-05 02:00:00,-43.75,172.75,0,0001,100499.31
2020-07-05 03:00:00,-43.75,172.75,0,0001,100471.69
2020-07-05 04:00:00,-43.75,172.75,0,0001,100467.94
2020-07-05 05:00:00,-43.75,172.75,0,0001,100379.75
2020-07-05 06:00:00,-43.75,172.75,0,0001,100303.44
2020-07-05 07:00:00,-43.75,172.75,0,0001,100276.69
2020-07-05 08:00:00,-43.75,172.75,0,0001,100252.625
2020-07-05 09:00:00,-43.75,172.75,0,0001,100179.69
2020-07-05 10:00:00,-43.75,172.75,0,0001,100156.81
2020-07-05 11:00:00,-43.75,172.75,0,0001,100058.75
2020-07-05 12:00:00,-43.75,172.75,0,0001,100007.25
2020-07-05 13:00:00,-43.75,172.75,0,0001,99934.25
2020-07-05 14:00:00,-43.75,172.75,0,0001,99890.44
2020-07-05 15:00:00,-43.75,172.75,0,0001,99776.56
2020-07-05 16:00:00,-43.75,172.75,0,0001,99708.375
2020-07-05 17:00:00,-43.75,172.75,0,0001,99591.875
2020-07-05 18:00:00,-43.75,172.75,0,0001,99559.56
2020-07-05 19:00:00,-43.75,172.75,0,0001,99505.06
2020-07-05 20:00:00,-43.75,172.75,0,0001,99492.94
2020-07-05 21:00:00,-43.75,172.75,0,0001,99434.625
2020-07-05 22:00:00,-43.75,172.75,0,0001,99460.375
2020-07-05 23:00:00,-43.75,172.75,0,0001,99399.875
2020-07-06 00:00:00,-43.75,172.75,0,0001,99370.875
2020-07-06 01:00:00,-43.75,172.75,0,0001,99314.44
2020-07-06 02:00:00,-43.75,172.75,0,0001,99304.44
2020-07-06 03:00:00,-43.75,172.75,0,0001,99319.69
2020-07-06 04:00:00,-43.75,172.75,0,0001,99309.81
2020-07-06 05:00:00,-43.75,172.75,0,0001,99320.31
2020-07-06 06:00:00,-43.75,172.75,0,0001,99301.81
2020-07-06 07:00:00,-43.75,172.75,0,0001,99323.56
2020-07-06 08:00:00,-43.75,172.75,0,0001,99334.44
2020-07-06 09:00:00,-43.75,172.75,0,0001,99333.625
2020-07-06 10:00:00,-43.75,172.75,0,0001,99324.75
2020-07-06 11:00:00,-43.75,172.75,0,0001,99308.94
2020-07-06 12:00:00,-43.75,172.75,0,0001,99296.5
2020-07-06 13:00:00,-43.75,172.75,0,0001,99256.44
2020-07-06 14:00:00,-43.75,172.75,0,0001,99252.125
2020-07-06 15:00:00,-43.75,172.75,0,0001,99267.44
2020-07-06 16:00:00,-43.75,172.75,0,0001,99224.75
2020-07-06 17:00:00,-43.75,172.75,0,0001,99238.69
2020-07-06 18:00:00,-43.75,172.75,0,0001,99235.375
2020-07-06 19:00:00,-43.75,172.75,0,0001,99283.5
2020-07-06 20:00:00,-43.75,172.75,0,0001,99319.31
2020-07-06 21:00:00,-43.75,172.75,0,0001,99376.0
2020-07-06 22:00:00,-43.75,172.75,0,0001,99432.81
2020-07-06 23:00:00,-43.75,172.75,0,0001,99383.06
2020-07-07 00:00:00,-43.75,172.75,0,0001,99366.125
2020-07-07 01:00:00,-43.75,172.75,0,0001,99349.0
2020-07-07 02:00:00,-43.75,172.75,0,0001,99330.5
2020-07-07 03:00:00,-43.75,172.75,0,0001,99321.125
2020-07-07 04:00:00,-43.75,172.75,0,0001,99398.375
2020-07-07 05:00:00,-43.75,172.75,0,0001,99420.375
2020-07-07 06:00:00,-43.75,172.75,0,0001,99462.625
2020-07-07 07:00:00,-43.75,172.75,0,0001,99489.75
2020-07-07 08:00:00,-43.75,172.75,0,0001,99577.125
2020-07-07 09:00:00,-43.75,172.75,0,0001,99578.875
2020-07-07 10:00:00,-43.75,172.75,0,0001,99648.31
2020-07-07 11:00:00,-43.75,172.75,0,0001,99654.69
2020-07-07 12:00:00,-43.75,172.75,0,0001,99708.06
2020-07-07 13:00:00,-43.75,172.75,0,0001,99698.44
2020-07-07 14:00:00,-43.75,172.75,0,0001,99777.625
2020-07-07 15:00:00,-43.75,172.75,0,0001,99851.31
2020-07-07 16:00:00,-43.75,172.75,0,0001,99872.81
2020-07-07 17:00:00,-43.75,172.75,0,0001,99900.06
2020-07-07 18:00:00,-43.75,172.75,0,0001,99963.625
2020-07-07 19:00:00,-43.75,172.75,0,0001,100067.31
2020-07-07 20:00:00,-43.75,172.75,0,0001,100129.5
2020-07-07 21:00:00,-43.75,172.75,0,0001,100199.94
2020-07-07 22:00:00,-43.75,172.75,0,0001,100279.56
2020-07-07 23:00:00,-43.75,172.75,0,0001,100256.25
2020-07-08 00:00:00,-43.75,172.75,0,0001,100271.875
2020-07-08 01:00:00,-43.75,172.75,0,0001,100239.94
2020-07-08 02:00:00,-43.75,172.75,0,0001,100219.19
2020-07-08 03:00:00,-43.75,172.75,0,0001,100204.94
2020-07-08 04:00:00,-43.75,172.75,0,0001,100251.25
2020-07-08 05:00:00,-43.75,172.75,0,0001,100351.625
2020-07-08 06:00:00,-43.75,172.75,0,0001,100422.875
2020-07-08 07:00:00,-43.75,172.75,0,0001,100498.625
2020-07-08 08:00:00,-43.75,172.75,0,0001,100612.625
2020-07-08 09:00:00,-43.75,172.75,0,0001,100659.625
2020-07-08 10:00:00,-43.75,172.75,0,0001,100775.25
2020-07-08 11:00:00,-43.75,172.75,0,0001,100845.69
2020-07-08 12:00:00,-43.75,172.75,0,0001,100903.75
2020-07-08 13:00:00,-43.75,172.75,0,0001,100941.375
2020-07-08 14:00:00,-43.75,172.75,0,0001,100996.75
2020-07-08 15:00:00,-43.75,172.75,0,0001,101054.625
2020-07-08 16:00:00,-43.75,172.75,0,0001,101077.0
2020-07-08 17:00:00,-43.75,172.75,0,0001,101118.31
2020-07-08 18:00:00,-43.75,172.75,0,0001,101222.125
2020-07-08 19:00:00,-43.75,172.75,0,0001,101310.75
2020-07-08 20:00:00,-43.75,172.75,0,0001,101403.5
2020-07-08 21:00:00,-43.75,172.75,0,0001,101503.69
2020-07-08 22:00:00,-43.75,172.75,0,0001,101596.75
2020-07-08 23:00:00,-43.75,172.75,0,0001,101615.125
2020-07-09 00:00:00,-43.75,172.75,0,0001,101670.625
2020-07-09 01:00:00,-43.75,172.75,0,0001,101680.44
2020-07-09 02:00:00,-43.75,172.75,0,0001,101715.56
2020-07-09 03:00:00,-43.75,172.75,0,0001,101738.875
2020-07-09 04:00:00,-43.75,172.75,0,0001,101781.75
2020-07-09 05:00:00,-43.75,172.75,0,0001,101848.56
2020-07-09 06:00:00,-43.75,172.75,0,0001,101838.56
2020-07-09 07:00:00,-43.75,172.75,0,0001,101916.5
2020-07-09 08:00:00,-43.75,172.75,0,0001,101925.44
2020-07-09 09:00:00,-43.75,172.75,0,0001,101964.75
2020-07-09 10:00:00,-43.75,172.75,0,0001,102009.06
2020-07-09 11:00:00,-43.75,172.75,0,0001,102024.56
2020-07-09 12:00:00,-43.75,172.75,0,0001,102060.31
2020-07-09 13:00:00,-43.75,172.75,0,0001,102044.19
2020-07-09 14:00:00,-43.75,172.75,0,0001,102052.0
2020-07-09 15:00:00,-43.75,172.75,0,0001,102057.625
2020-07-09 16:00:00,-43.75,172.75,0,0001,102010.31
2020-07-09 17:00:00,-43.75,172.75,0,0001,102023.0
2020-07-09 18:00:00,-43.75,172.75,0,0001,102018.94
2020-07-09 19:00:00,-43.75,172.75,0,0001,102072.31
2020-07-09 20:00:00,-43.75,172.75,0,0001,102137.94
2020-07-09 21:00:00,-43.75,172.75,0,0001,102179.25
2020-07-09 22:00:00,-43.75,172.75,0,0001,102246.69
2020-07-09 23:00:00,-43.75,172.75,0,0001,102231.56
2020-07-10 00:00:00,-43.75,172.75,0,0001,102228.69
2020-07-10 01:00:00,-43.75,172.75,0,0001,102144.56
2020-07-10 02:00:00,-43.75,172.75,0,0001,102124.44
2020-07-10 03:00:00,-43.75,172.75,0,0001,102063.56
2020-07-10 04:00:00,-43.75,172.75,0,0001,102074.81
2020-07-10 05:00:00,-43.75,172.75,0,0001,102053.69
2020-07-10 06:00:00,-43.75,172.75,0,0001,102069.125
2020-07-10 07:00:00,-43.75,172.75,0,0001,102088.5
2020-07-10 08:00:00,-43.75,172.75,0,0001,102098.625
2020-07-10 09:00:00,-43.75,172.75,0,0001,102111.875
2020-07-10 10:00:00,-43.75,172.75,0,0001,102097.375
2020-07-10 11:00:00,-43.75,172.75,0,0001,102088.19
2020-07-10 12:00:00,-43.75,172.75,0,0001,102077.75
2020-07-10 13:00:00,-43.75,172.75,0,0001,102014.06
2020-07-10 14:00:00,-43.75,172.75,0,0001,102013.31
2020-07-10 15:00:00,-43.75,172.75,0,0001,101963.94
2020-07-10 16:00:00,-43.75,172.75,0,0001,101904.94
2020-07-10 17:00:00,-43.75,172.75,0,0001,101846.625
2020-07-10 18:00:00,-43.75,172.75,0,0001,101797.25
2020-07-10 19:00:00,-43.75,172.75,0,0001,101794.375
2020-07-10 20:00:00,-43.75,172.75,0,0001,101806.0
2020-07-10 21:00:00,-43.75,172.75,0,0001,101794.56
2020-07-10 22:00:00,-43.75,172.75,0,0001,101798.44
2020-07-10 23:00:00,-43.75,172.75,0,0001,101747.5
2020-07-11 00:00:00,-43.75,172.75,0,0001,101666.25
2020-07-11 01:00:00,-43.75,172.75,0,0001,101586.875
2020-07-11 02:00:00,-43.75,172.75,0,0001,101480.31
2020-07-11 03:00:00,-43.75,172.75,0,0001,101433.5
2020-07-11 04:00:00,-43.75,172.75,0,0001,101437.56
2020-07-11 05:00:00,-43.75,172.75,0,0001,101400.56
2020-07-11 06:00:00,-43.75,172.75,0,0001,101376.5
2020-07-11 07:00:00,-43.75,172.75,0,0001,101356.56
2020-07-11 08:00:00,-43.75,172.75,0,0001,101339.625
2020-07-11 09:00:00,-43.75,172.75,0,0001,101316.19
2020-07-11 10:00:00,-43.75,172.75,0,0001,101244.19
2020-07-11 11:00:00,-43.75,172.75,0,0001,101216.19
2020-07-11 12:00:00,-43.75,172.75,0,0001,101189.31
2020-07-11 13:00:00,-43.75,172.75,0,0001,101111.06
2020-07-11 14:00:00,-43.75,172.75,0,0001,101075.69
2020-07-11 15:00:00,-43.75,172.75,0,0001,101041.0
2020-07-11 16:00:00,-43.75,172.75,0,0001,100974.625
2020-07-11 17:00:00,-43.75,172.75,0,0001,100913.875
2020-07-11 18:00:00,-43.75,172.75,0,0001,100880.19
2020-07-11 19:00:00,-43.75,172.75,0,0001,100916.375
2020-07-11 20:00:00,-43.75,172.75,0,0001,100894.44
2020-07-11 21:00:00,-43.75,172.75,0,0001,100904.69
2020-07-11 22:00:00,-43.75,172.75,0,0001,100875.81
2020-07-11 23:00:00,-43.75,172.75,0,0001,100857.31
2020-07-12 00:00:00,-43.75,172.75,0,0001,100843.44
2020-07-12 01:00:00,-43.75,172.75,0,0001,100808.56
2020-07-12 02:00:00,-43.75,172.75,0,0001,100770.56
2020-07-12 03:00:00,-43.75,172.75,0,0001,100793.06
2020-07-12 04:00:00,-43.75,172.75,0,0001,100840.44
2020-07-12 05:00:00,-43.75,172.75,0,0001,100886.56
2020-07-12 06:00:00,-43.75,172.75,0,0001,100967.75
2020-07-12 07:00:00,-43.75,172.75,0,0001,101047.44
2020-07-12 08:00:00,-43.75,172.75,0,0001,101144.31
2020-07-12 09:00:00,-43.75,172.75,0,0001,101278.44
2020-07-12 10:00:00,-43.75,172.75,0,0001,101434.375
2020-07-12 11:00:00,-43.75,172.75,0,0001,101610.31
2020-07-12 12:00:00,-43.75,172.75,0,0001,101736.94
2020-07-12 13:00:00,-43.75,172.75,0,0001,101847.375
2020-07-12 14:00:00,-43.75,172.75,0,0001,101945.06
2020-07-12 15:00:00,-43.75,172.75,0,0001,102049.875
2020-07-12 16:00:00,-43.75,172.75,0,0001,102068.69
2020-07-12 17:00:00,-43.75,172.75,0,0001,102142.75
2020-07-12 18:00:00,-43.75,172.75,0,0001,102204.06
2020-07-12 19:00:00,-43.75,172.75,0,0001,102281.31
2020-07-12 20:00:00,-43.75,172.75,0,0001,102347.25
2020-07-12 21:00:00,-43.75,172.75,0,0001,102447.75
2020-07-12 22:00:00,-43.75,172.75,0,0001,102497.875
2020-07-12 23:00:00,-43.75,172.75,0,0001,102538.94
2020-07-13 00:00:00,-43.75,172.75,0,0001,102513.56
2020-07-13 01:00:00,-43.75,172.75,0,0001,102444.75
2020-07-13 02:00:00,-43.75,172.75,0,0001,102425.75
2020-07-13 03:00:00,-43.75,172.75,0,0001,102398.875
2020-07-13 04:00:00,-43.75,172.75,0,0001,102397.75
2020-07-13 05:00:00,-43.75,172.75,0,0001,102443.25
2020-07-13 06:00:00,-43.75,172.75,0,0001,102483.0
2020-07-13 07:00:00,-43.75,172.75,0,0001,102522.125
2020-07-13 08:00:00,-43.75,172.75,0,0001,102572.56
2020-07-13 09:00:00,-43.75,172.75,0,0001,102615.81
2020-07-13 10:00:00,-43.75,172.75,0,0001,102595.19
2020-07-13 11:00:00,-43.75,172.75,0,0001,102643.69
2020-07-13 12:00:00,-43.75,172.75,0,0001,102640.0
2020-07-13 13:00:00,-43.75,172.75,0,0001,102613.69
2020-07-13 14:00:00,-43.75,172.75,0,0001,102586.875
2020-07-13 15:00:00,-43.75,172.75,0,0001,102602.81
2020-07-13 16:00:00,-43.75,172.75,0,0001,102548.5
2020-07-13 17:00:00,-43.75,172.75,0,0001,102570.625
2020-07-13 18:00:00,-43.75,172.75,0,0001,102577.56
2020-07-13 19:00:00,-43.75,172.75,0,0001,102636.375
2020-07-13 20:00:00,-43.75,172.75,0,0001,102647.375
2020-07-13 21:00:00,-43.75,172.75,0,0001,102664.0
2020-07-13 22:00:00,-43.75,172.75,0,0001,102687.81
2020-07-13 23:00:00,-43.75,172.75,0,0001,102647.56
2020-07-14 00:00:00,-43.75,172.75,0,0001,102582.19
2020-07-14 01:00:00,-43.75,172.75,0,0001,102440.69
2020-07-14 02:00:00,-43.75,172.75,0,0001,102340.0
2020-07-14 03:00:00,-43.75,172.75,0,0001,102305.875
2020-07-14 04:00:00,-43.75,172.75,0,0001,102320.81
2020-07-14 05:00:00,-43.75,172.75,0,0001,102314.25
2020-07-14 06:00:00,-43.75,172.75,0,0001,102328.25
2020-07-14 07:00:00,-43.75,172.75,0,0001,102411.5
2020-07-14 08:00:00,-43.75,172.75,0,0001,102456.25
2020-07-14 09:00:00,-43.75,172.75,0,0001,102456.31
2020-07-14 10:00:00,-43.75,172.75,0,0001,102510.375
2020-07-14 11:00:00,-43.75,172.75,0,0001,102533.5
2020-07-14 12:00:00,-43.75,172.75,0,0001,102541.06
2020-07-14 13:00:00,-43.75,172.75,0,0001,102584.31
2020-07-14 14:00:00,-43.75,172.75,0,0001,102548.19
2020-07-14 15:00:00,-43.75,172.75,0,0001,102582.44
2020-07-14 16:00:00,-43.75,172.75,0,0001,102559.25
2020-07-14 17:00:00,-43.75,172.75,0,0001,102603.69
2020-07-14 18:00:00,-43.75,172.75,0,0001,102600.5
2020-07-14 19:00:00,-43.75,172.75,0,0001,102617.125
2020-07-14 20:00:00,-43.75,172.75,0,0001,102623.875
2020-07-14 21:00:00,-43.75,172.75,0,0001,102685.81
2020-07-14 22:00:00,-43.75,172.75,0,0001,102696.125
2020-07-14 23:00:00,-43.75,172.75,0,0001,102647.44
2020-07-15 00:00:00,-43.75,172.75,0,0001,102629.25
2020-07-15 01:00:00,-43.75,172.75,0,0001,102553.75
2020-07-15 02:00:00,-43.75,172.75,0,0001,102531.56
2020-07-15 03:00:00,-43.75,172.75,0,0001,102512.69
2020-07-15 04:00:00,-43.75,172.75,0,0001,102498.56
2020-07-15 05:00:00,-43.75,172.75,0,0001,102536.75
2020-07-15 06:00:00,-43.75,172.75,0,0001,102600.5
2020-07-15 07:00:00,-43.75,172.75,0,0001,102624.56
2020-07-15 08:00:00,-43.75,172.75,0,0001,102663.06
2020-07-15 09:00:00,-43.75,172.75,0,0001,102651.875
2020-07-15 10:00:00,-43.75,172.75,0,0001,102658.06
2020-07-15 11:00:00,-43.75,172.75,0,0001,102635.94
2020-07-15 12:00:00,-43.75,172.75,0,0001,102626.81
2020-07-15 13:00:00,-43.75,172.75,0,0001,102597.5
2020-07-15 14:00:00,-43.75,172.75,0,0001,102531.81
2020-07-15 15:00:00,-43.75,172.75,0,0001,102492.375
2020-07-15 16:00:00,-43.75,172.75,0,0001,102460.25
2020-07-15 17:00:00,-43.75,172.75,0,0001,102434.44
2020-07-15 18:00:00,-43.75,172.75,0,0001,102429.31
2020-07-15 19:00:00,-43.75,172.75,0,0001,102431.69
2020-07-15 20:00:00,-43.75,172.75,0,0001,102473.19
2020-07-15 21:00:00,-43.75,172.75,0,0001,102476.75
2020-07-15 22:00:00,-43.75,172.75,0,0001,102470.94
2020-07-15 23:00:00,-43.75,172.75,0,0001,102437.31
2020-07-16 00:00:00,-43.75,172.75,0,0001,102390.19
2020-07-16 01:00:00,-43.75,172.75,0,0001,102309.44
2020-07-16 02:00:00,-43.75,172.75,0,0001,102238.125
2020-07-16 03:00:00,-43.75,172.75,0,0001,102235.625
2020-07-16 04:00:00,-43.75,172.75,0,0001,102240.94
2020-07-16 05:00:00,-43.75,172.75,0,0001,102266.5
2020-07-16 06:00:00,-43.75,172.75,0,0001,102273.56
2020-07-16 07:00:00,-43.75,172.75,0,0001,102330.06
2020-07-16 08:00:00,-43.75,172.75,0,0001,102343.875
2020-07-16 09:00:00,-43.75,172.75,0,0001,102364.94
2020-07-16 10:00:00,-43.75,172.75,0,0001,102382.94
2020-07-16 11:00:00,-43.75,172.75,0,0001,102387.25
2020-07-16 12:00:00,-43.75,172.75,0,0001,102390.75
2020-07-16 13:00:00,-43.75,172.75,0,0001,102339.5
2020-07-16 14:00:00,-43.75,172.75,0,0001,102341.125
2020-07-16 15:00:00,-43.75,172.75,0,0001,102309.81
2020-07-16 16:00:00,-43.75,172.75,0,0001,102286.69
2020-07-16 17:00:00,-43.75,172.75,0,0001,102246.31
2020-07-16 18:00:00,-43.75,172.75,0,0001,102270.875
2020-07-16 19:00:00,-43.75,172.75,0,0001,102260.31
2020-07-16 20:00:00,-43.75,172.75,0,0001,102314.5
2020-07-16 21:00:00,-43.75,172.75,0,0001,102329.625
2020-07-16 22:00:00,-43.75,172.75,0,0001,102364.56
2020-07-16 23:00:00,-43.75,172.75,0,0001,102348.625
2020-07-17 00:00:00,-43.75,172.75,0,0001,102355.75
2020-07-17 01:00:00,-43.75,172.75,0,0001,102213.31
2020-07-17 02:00:00,-43.75,172.75,0,0001,102166.94
2020-07-17 03:00:00,-43.75,172.75,0,0001,102129.81
2020-07-17 04:00:00,-43.75,172.75,0,0001,102146.875
2020-07-17 05:00:00,-43.75,172.75,0,0001,102182.125
2020-07-17 06:00:00,-43.75,172.75,0,0001,102180.19
2020-07-17 07:00:00,-43.75,172.75,0,0001,102201.19
2020-07-17 08:00:00,-43.75,172.75,0,0001,102199.25
2020-07-17 09:00:00,-43.75,172.75,0,0001,102201.19
2020-07-17 10:00:00,-43.75,172.75,0,0001,102222.625
2020-07-17 11:00:00,-43.75,172.75,0,0001,102235.25
2020-07-17 12:00:00,-43.75,172.75,0,0001,102205.06
2020-07-17 13:00:00,-43.75,172.75,0,0001,102168.81
2020-07-17 14:00:00,-43.75,172.75,0,0001,102149.75
2020-07-17 15:00:00,-43.75,172.75,0,0001,102157.375
2020-07-17 16:00:00,-43.75,172.75,0,0001,102158.125
2020-07-17 17:00:00,-43.75,172.75,0,0001,102156.25
2020-07-17 18:00:00,-43.75,172.75,0,0001,102165.25
2020-07-17 19:00:00,-43.75,172.75,0,0001,102227.125
2020-07-17 20:00:00,-43.75,172.75,0,0001,102257.5
2020-07-17 21:00:00,-43.75,172.75,0,0001,102330.31
2020-07-17 22:00:00,-43.75,172.75,0,0001,102350.25
2020-07-17 23:00:00,-43.75,172.75,0,0001,102355.5
2020-07-18 00:00:00,-43.75,172.75,0,0001,102359.375
2020-07-18 01:00:00,-43.75,172.75,0,0001,102280.375
2020-07-18 02:00:00,-43.75,172.75,0,0001,102251.5
2020-07-18 03:00:00,-43.75,172.75,0,0001,102241.75
2020-07-18 04:00:00,-43.75,172.75,0,0001,102291.875
2020-07-18 05:00:00,-43.75,172.75,0,0001,102287.94
2020-07-18 06:00:00,-43.75,172.75,0,0001,102321.56
2020-07-18 07:00:00,-43.75,172.75,0,0001,102347.125
2020-07-18 08:00:00,-43.75,172.75,0,0001,102376.44
2020-07-18 09:00:00,-43.75,172.75,0,0001,102411.625
2020-07-18 10:00:00,-43.75,172.75,0,0001,102415.56
2020-07-18 11:00:00,-43.75,172.75,0,0001,102449.75
2020-07-18 12:00:00,-43.75,172.75,0,0001,102456.75
2020-07-18 13:00:00,-43.75,172.75,0,0001,102402.19
2020-07-18 14:00:00,-43.75,172.75,0,0001,102432.75
2020-07-18 15:00:00,-43.75,172.75,0,0001,102409.44
2020-07-18 16:00:00,-43.75,172.75,0,0001,102372.25
2020-07-18 17:00:00,-43.75,172.75,0,0001,102321.625
2020-07-18 18:00:00,-43.75,172.75,0,0001,102334.375
2020-07-18 19:00:00,-43.75,172.75,0,0001,102317.31
2020-07-18 20:00:00,-43.75,172.75,0,0001,102371.75
2020-07-18 21:00:00,-43.75,172.75,0,0001,102374.25
2020-07-18 22:00:00,-43.75,172.75,0,0001,102365.25
2020-07-18 23:00:00,-43.75,172.75,0,0001,102322.44
2020-07-19 00:00:00,-43.75,172.75,0,0001,102282.06
2020-07-19 01:00:00,-43.75,172.75,0,0001,102203.25
2020-07-19 02:00:00,-43.75,172.75,0,0001,102090.0
2020-07-19 03:00:00,-43.75,172.75,0,0001,102040.69
2020-07-19 04:00:00,-43.75,172.75,0,0001,102041.5
2020-07-19 05:00:00,-43.75,172.75,0,0001,101987.19
2020-07-19 06:00:00,-43.75,172.75,0,0001,101985.69
2020-07-19 07:00:00,-43.75,172.75,0,0001,101953.94
2020-07-19 08:00:00,-43.75,172.75,0,0001,101970.625
2020-07-19 09:00:00,-43.75,172.75,0,0001,101926.06
2020-07-19 10:00:00,-43.75,172.75,0,0001,101857.31
2020-07-19 11:00:00,-43.75,172.75,0,0001,101844.94
2020-07-19 12:00:00,-43.75,172.75,0,0001,101779.44
2020-07-19 13:00:00,-43.75,172.75,0,0001,101698.31
2020-07-19 14:00:00,-43.75,172.75,0,0001,101640.31
2020-07-19 15:00:00,-43.75,172.75,0,0001,101596.75
2020-07-19 16:00:00,-43.75,172.75,0,0001,101532.5
2020-07-19 17:00:00,-43.75,172.75,0,0001,101499.375
2020-07-19 18:00:00,-43.75,172.75,0,0001,101475.125
2020-07-19 19:00:00,-43.75,172.75,0,0001,101428.5
2020-07-19 20:00:00,-43.75,172.75,0,0001,101438.94
2020-07-19 21:00:00,-43.75,172.75,0,0001,101426.06
2020-07-19 22:00:00,-43.75,172.75,0,0001,101344.19
2020-07-19 23:00:00,-43.75,172.75,0,0001,101307.69
2020-07-20 00:00:00,-43.75,172.75,0,0001,101214.25
2020-07-20 01:00:00,-43.75,172.75,0,0001,101088.5
2020-07-20 02:00:00,-43.75,172.75,0,0001,100979.875
2020-07-20 03:00:00,-43.75,172.75,0,0001,100903.06
2020-07-20 04:00:00,-43.75,172.75,0,0001,100814.06
2020-07-20 05:00:00,-43.75,172.75,0,0001,100771.56
2020-07-20 06:00:00,-43.75,172.75,0,0001,100682.625
2020-07-20 07:00:00,-43.75,172.75,0,0001,100625.06
2020-07-20 08:00:00,-43.75,172.75,0,0001,100533.06
2020-07-20 09:00:00,-43.75,172.75,0,0001,100454.19
2020-07-20 10:00:00,-43.75,172.75,0,0001,100357.875
2020-07-20 11:00:00,-43.75,172.75,0,0001,100244.06
2020-07-20 12:00:00,-43.75,172.75,0,0001,100125.875
2020-07-20 13:00:00,-43.75,172.75,0,0001,100014.06
2020-07-20 14:00:00,-43.75,172.75,0,0001,99855.75
2020-07-20 15:00:00,-43.75,172.75,0,0001,99753.44
2020-07-20 16:00:00,-43.75,172.75,0,0001,99619.75
2020-07-20 17:00:00,-43.75,172.75,0,0001,99532.5
2020-07-20 18:00:00,-43.75,172.75,0,0001,99454.56
2020-07-20 19:00:00,-43.75,172.75,0,0001,99395.125
2020-07-20 20:00:00,-43.75,172.75,0,0001,99356.94
2020-07-20 21:00:00,-43.75,172.75,0,0001,99334.44
2020-07-20 22:00:00,-43.75,172.75,0,0001,99233.0
2020-07-20 23:00:00,-43.75,172.75,0,0001,99221.5
2020-07-21 00:00:00,-43.75,172.75,0,0001,99156.5
2020-07-21 01:00:00,-43.75,172.75,0,0001,99093.56
2020-07-21 02:00:00,-43.75,172.75,0,0001,99040.25
2020-07-21 03:00:00,-43.75,172.75,0,0001,99020.375
2020-07-21 04:00:00,-43.75,172.75,0,0001,98975.0
2020-07-21 05:00:00,-43.75,172.75,0,0001,98930.31
2020-07-21 06:00:00,-43.75,172.75,0,0001,98919.75
2020-07-21 07:00:00,-43.75,172.75,0,0001,98919.5
2020-07-21 08:00:00,-43.75,172.75,0,0001,98958.81
2020-07-21 09:00:00,-43.75,172.75,0,0001,98926.875
2020-07-21 10:00:00,-43.75,172.75,0,0001,98916.625
2020-07-21 11:00:00,-43.75,172.75,0,0001,98958.44
2020-07-21 12:00:00,-43.75,172.75,0,0001,98976.94
2020-07-21 13:00:00,-43.75,172.75,0,0001,99021.625
2020-07-21 14:00:00,-43.75,172.75,0,0001,99142.94
2020-07-21 15:00:00,-43.75,172.75,0,0001,99229.125
2020-07-21 16:00:00,-43.75,172.75,0,0001,99268.5
2020-07-21 17:00:00,-43.75,172.75,0,0001,99332.81
2020-07-21 18:00:00,-43.75,172.75,0,0001,99426.06
2020-07-21 19:00:00,-43.75,172.75,0,0001,99527.25
2020-07-21 20:00:00,-43.75,172.75,0,0001,99618.19
2020-07-21 21:00:00,-43.75,172.75,0,0001,99716.56
2020-07-21 22:00:00,-43.75,172.75,0,0001,99813.5
2020-07-21 23:00:00,-43.75,172.75,0,0001,99835.56
2020-07-22 00:00:00,-43.75,172.75,0,0001,99875.81
2020-07-22 01:00:00,-43.75,172.75,0,0001,99814.875
2020-07-22 02:00:00,-43.75,172.75,0,0001,99765.875
2020-07-22 03:00:00,-43.75,172.75,0,0001,99738.81
2020-07-22 04:00:00,-43.75,172.75,0,0001,99724.44
2020-07-22 05:00:00,-43.75,172.75,0,0001,99652.875
2020-07-22 06:00:00,-43.75,172.75,0,0001,99607.69
2020-07-22 07:00:00,-43.75,172.75,0,0001,99571.25
2020-07-22 08:00:00,-43.75,172.75,0,0001,99522.56
2020-07-22 09:00:00,-43.75,172.75,0,0001,99449.75
2020-07-22 10:00:00,-43.75,172.75,0,0001,99365.875
2020-07-22 11:00:00,-43.75,172.75,0,0001,99344.06
2020-07-22 12:00:00,-43.75,172.75,0,0001,99304.75
2020-07-22 13:00:00,-43.75,172.75,0,0001,99335.31
2020-07-22 14:00:00,-43.75,172.75,0,0001,99348.625
2020-07-22 15:00:00,-43.75,172.75,0,0001,99390.5
2020-07-22 16:00:00,-43.75,172.75,0,0001,99482.75
2020-07-22 17:00:00,-43.75,172.75,0,0001,99599.25
2020-07-22 18:00:00,-43.75,172.75,0,0001,99766.75
2020-07-22 19:00:00,-43.75,172.75,0,0001,99854.69
2020-07-22 20:00:00,-43.75,172.75,0,0001,99961.44
2020-07-22 21:00:00,-43.75,172.75,0,0001,100036.19
2020-07-22 22:00:00,-43.75,172.75,0,0001,100104.06
2020-07-22 23:00:00,-43.75,172.75,0,0001,100205.0
2020-07-23 00:00:00,-43.75,172.75,0,0001,100172.31
2020-07-23 01:00:00,-43.75,172.75,0,0001,100144.75
2020-07-23 02:00:00,-43.75,172.75,0,0001,100115.375
2020-07-23 03:00:00,-43.75,172.75,0,0001,100151.44
2020-07-23 04:00:00,-43.75,172.75,0,0001,100227.06
2020-07-23 05:00:00,-43.75,172.75,0,0001,100285.5
2020-07-23 06:00:00,-43.75,172.75,0,0001,100312.56
2020-07-23 07:00:00,-43.75,172.75,0,0001,100378.06
2020-07-23 08:00:00,-43.75,172.75,0,0001,100408.75
2020-07-23 09:00:00,-43.75,172.75,0,0001,100493.875
2020-07-23 10:00:00,-43.75,172.75,0,0001,100560.375
2020-07-23 11:00:00,-43.75,172.75,0,0001,100668.06
2020-07-23 12:00:00,-43.75,172.75,0,0001,100744.75
2020-07-23 13:00:00,-43.75,172.75,0,0001,100808.125
2020-07-23 14:00:00,-43.75,172.75,0,0001,100883.75
2020-07-23 15:00:00,-43.75,172.75,0,0001,100942.5
2020-07-23 16:00:00,-43.75,172.75,0,0001,100980.06
2020-07-23 17:00:00,-43.75,172.75,0,0001,101029.44
2020-07-23 18:00:00,-43.75,172.75,0,0001,101118.375
2020-07-23 19:00:00,-43.75,172.75,0,0001,101201.19
2020-07-23 20:00:00,-43.75,172.75,0,0001,101320.125
2020-07-23 21:00:00,-43.75,172.75,0,0001,101436.75
2020-07-23 22:00:00,-43.75,172.75,0,0001,101487.625
2020-07-23 23:00:00,-43.75,172.75,0,0001,101558.5
2020-07-24 00:00:00,-43.75,172.75,0,0001,101584.56
2020-07-24 01:00:00,-43.75,172.75,0,0001,101559.5
2020-07-24 02:00:00,-43.75,172.75,0,0001,101544.69
2020-07-24 03:00:00,-43.75,172.75,0,0001,101575.06
2020-07-24 04:00:00,-43.75,172.75,0,0001,101619.06
2020-07-24 05:00:00,-43.75,172.75,0,0001,101634.81
2020-07-24 06:00:00,-43.75,172.75,0,0001,101694.25
2020-07-24 07:00:00,-43.75,172.75,0,0001,101747.375
2020-07-24 08:00:00,-43.75,172.75,0,0001,101809.0
2020-07-24 09:00:00,-43.75,172.75,0,0001,101873.25
2020-07-24 10:00:00,-43.75,172.75,0,0001,102006.375
2020-07-24 11:00:00,-43.75,172.75,0,0001,102083.06
2020-07-24 12:00:00,-43.75,172.75,0,0001,102142.125
2020-07-24 13:00:00,-43.75,172.75,0,0001,102146.56
2020-07-24 14:00:00,-43.75,172.75,0,0001,102197.19
2020-07-24 15:00:00,-43.75,172.75,0,0001,102174.625
2020-07-24 16:00:00,-43.75,172.75,0,0001,102206.94
2020-07-24 17:00:00,-43.75,172.75,0,0001,102165.125
2020-07-24 18:00:00,-43.75,172.75,0,0001,102204.875
2020-07-24 19:00:00,-43.75,172.75,0,0001,102216.875
2020-07-24 20:00:00,-43.75,172.75,0,0001,102260.0
2020-07-24 21:00:00,-43.75,172.75,0,0001,102341.5
2020-07-24 22:00:00,-43.75,172.75,0,0001,102387.25
2020-07-24 23:00:00,-43.75,172.75,0,0001,102395.81
2020-07-25 00:00:00,-43.75,172.75,0,0001,102370.44
2020-07-25 01:00:00,-43.75,172.75,0,0001,102324.56
2020-07-25 02:00:00,-43.75,172.75,0,0001,102285.875
2020-07-25 03:00:00,-43.75,172.75,0,0001,102256.69
2020-07-25 04:00:00,-43.75,172.75,0,0001,102275.5
2020-07-25 05:00:00,-43.75,172.75,0,0001,102298.0
2020-07-25 06:00:00,-43.75,172.75,0,0001,102293.94
2020-07-25 07:00:00,-43.75,172.75,0,0001,102302.0
2020-07-25 08:00:00,-43.75,172.75,0,0001,102334.81
2020-07-25 09:00:00,-43.75,172.75,0,0001,102357.31
2020-07-25 10:00:00,-43.75,172.75,0,0001,102415.94
2020-07-25 11:00:00,-43.75,172.75,0,0001,102416.44
2020-07-25 12:00:00,-43.75,172.75,0,0001,102446.125
2020-07-25 13:00:00,-43.75,172.75,0,0001,102437.06
2020-07-25 14:00:00,-43.75,172.75,0,0001,102430.0
2020-07-25 15:00:00,-43.75,172.75,0,0001,102462.19
2020-07-25 16:00:00,-43.75,172.75,0,0001,102434.625
2020-07-25 17:00:00,-43.75,172.75,0,0001,102472.25
2020-07-25 18:00:00,-43.75,172.75,0,0001,102509.0
2020-07-25 19:00:00,-43.75,172.75,0,0001,102543.44
2020-07-25 20:00:00,-43.75,172.75,0,0001,102617.94
2020-07-25 21:00:00,-43.75,172.75,0,0001,102675.0
2020-07-25 22:00:00,-43.75,172.75,0,0001,102767.06
2020-07-25 23:00:00,-43.75,172.75,0,0001,102737.19
2020-07-26 00:00:00,-43.75,172.75,0,0001,102735.69
2020-07-26 01:00:00,-43.75,172.75,0,0001,102648.81
2020-07-26 02:00:00,-43.75,172.75,0,0001,102608.625
2020-07-26 03:00:00,-43.75,172.75,0,0001,102570.5
2020-07-26 04:00:00,-43.75,172.75,0,0001,102606.375
2020-07-26 05:00:00,-43.75,172.75,0,0001,102625.375
2020-07-26 06:00:00,-43.75,172.75,0,0001,102670.0
2020-07-26 07:00:00,-43.75,172.75,0,0001,102678.375
2020-07-26 08:00:00,-43.75,172.75,0,0001,102740.06
2020-07-26 09:00:00,-43.75,172.75,0,0001,102772.31
2020-07-26 10:00:00,-43.75,172.75,0,0001,102872.44
2020-07-26 11:00:00,-43.75,172.75,0,0001,102906.06
2020-07-26 12:00:00,-43.75,172.75,0,0001,102946.125
2020-07-26 13:00:00,-43.75,172.75,0,0001,102954.31
2020-07-26 14:00:00,-43.75,172.75,0,0001,102997.69
2020-07-26 15:00:00,-43.75,172.75,0,0001,103013.06
2020-07-26 16:00:00,-43.75,172.75,0,0001,103013.31
2020-07-26 17:00:00,-43.75,172.75,0,0001,103066.625
2020-07-26 18:00:00,-43.75,172.75,0,0001,103113.69
2020-07-26 19:00:00,-43.75,172.75,0,0001,103160.06
2020-07-26 20:00:00,-43.75,172.75,0,0001,103200.0
2020-07-26 21:00:00,-43.75,172.75,0,0001,103232.5
2020-07-26 22:00:00,-43.75,172.75,0,0001,103265.44
2020-07-26 23:00:00,-43.75,172.75,0,0001,103259.875
2020-07-27 00:00:00,-43.75,172.75,0,0001,103218.06
2020-07-27 01:00:00,-43.75,172.75,0,0001,103099.375
2020-07-27 02:00:00,-43.75,172.75,0,0001,103059.19
2020-07-27 03:00:00,-43.75,172.75,0,0001,103079.56
2020-07-27 04:00:00,-43.75,172.75,0,0001,103105.06
2020-07-27 05:00:00,-43.75,172.75,0,0001,103097.125
2020-07-27 06:00:00,-43.75,172.75,0,0001,103126.19
2020-07-27 07:00:00,-43.75,172.75,0,0001,103089.0
2020-07-27 08:00:00,-43.75,172.75,0,0001,103091.375
2020-07-27 09:00:00,-43.75,172.75,0,0001,103057.875
2020-07-27 10:00:00,-43.75,172.75,0,0001,103067.25
2020-07-27 11:00:00,-43.75,172.75,0,0001,103076.5
2020-07-27 12:00:00,-43.75,172.75,0,0001,103041.5
2020-07-27 13:00:00,-43.75,172.75,0,0001,103041.19
2020-07-27 14:00:00,-43.75,172.75,0,0001,103016.44
2020-07-27 15:00:00,-43.75,172.75,0,0001,103002.44
2020-07-27 16:00:00,-43.75,172.75,0,0001,103013.5
2020-07-27 17:00:00,-43.75,172.75,0,0001,103026.44
2020-07-27 18:00:00,-43.75,172.75,0,0001,103064.75
2020-07-27 19:00:00,-43.75,172.75,0,0001,103105.75
2020-07-27 20:00:00,-43.75,172.75,0,0001,103217.06
2020-07-27 21:00:00,-43.75,172.75,0,0001,103250.125
2020-07-27 22:00:00,-43.75,172.75,0,0001,103319.94
2020-07-27 23:00:00,-43.75,172.75,0,0001,103300.19
2020-07-28 00:00:00,-43.75,172.75,0,0001,103327.875
2020-07-28 01:00:00,-43.75,172.75,0,0001,103273.94
2020-07-28 02:00:00,-43.75,172.75,0,0001,103260.375
2020-07-28 03:00:00,-43.75,172.75,0,0001,103305.56
2020-07-28 04:00:00,-43.75,172.75,0,0001,103358.75
2020-07-28 05:00:00,-43.75,172.75,0,0001,103409.19
2020-07-28 06:00:00,-43.75,172.75,0,0001,103444.375
2020-07-28 07:00:00,-43.75,172.75,0,0001,103493.625
2020-07-28 08:00:00,-43.75,172.75,0,0001,103583.125
2020-07-28 09:00:00,-43.75,172.75,0,0001,103611.75
2020-07-28 10:00:00,-43.75,172.75,0,0001,103713.94
2020-07-28 11:00:00,-43.75,172.75,0,0001,103738.75
2020-07-28 12:00:00,-43.75,172.75,0,0001,103755.125
2020-07-28 13:00:00,-43.75,172.75,0,0001,103778.0
2020-07-28 14:00:00,-43.75,172.75,0,0001,103767.31
2020-07-28 15:00:00,-43.75,172.75,0,0001,103748.25
2020-07-28 16:00:00,-43.75,172.75,0,0001,103667.44
2020-07-28 17:00:00,-43.75,172.75,0,0001,103660.25
2020-07-28 18:00:00,-43.75,172.75,0,0001,103673.625
2020-07-28 19:00:00,-43.75,172.75,0,0001,103717.125
2020-07-28 20:00:00,-43.75,172.75,0,0001,103725.44
2020-07-28 21:00:00,-43.75,172.75,0,0001,103716.31
2020-07-28 22:00:00,-43.75,172.75,0,0001,103730.81
2020-07-28 23:00:00,-43.75,172.75,0,0001,103680.5
2020-07-29 00:00:00,-43.75,172.75,0,0001,103654.25
2020-07-29 01:00:00,-43.75,172.75,0,0001,103535.94
2020-07-29 02:00:00,-43.75,172.75,0,0001,103458.25
2020-07-29 03:00:00,-43.75,172.75,0,0001,103416.81
2020-07-29 04:00:00,-43.75,172.75,0,0001,103411.56
2020-07-29 05:00:00,-43.75,172.75,0,0001,103372.69
2020-07-29 06:00:00,-43.75,172.75,0,0001,103356.5
2020-07-29 07:00:00,-43.75,172.75,0,0001,103324.56
2020-07-29 08:00:00,-43.75,172.75,0,0001,103323.81
2020-07-29 09:00:00,-43.75,172.75,0,0001,103287.81
2020-07-29 10:00:00,-43.75,172.75,0,0001,103219.69
2020-07-29 11:00:00,-43.75,172.75,0,0001,103195.75
2020-07-29 12:00:00,-43.75,172.75,0,0001,103116.06
2020-07-29 13:00:00,-43.75,172.75,0,0001,103058.94
2020-07-29 14:00:00,-43.75,172.75,0,0001,102994.5
2020-07-29 15:00:00,-43.75,172.75,0,0001,102931.44
2020-07-29 16:00:00,-43.75,172.75,0,0001,102832.375
2020-07-29 17:00:00,-43.75,172.75,0,0001,102746.375
2020-07-29 18:00:00,-43.75,172.75,0,0001,102714.375
2020-07-29 19:00:00,-43.75,172.75,0,0001,102723.06
2020-07-29 20:00:00,-43.75,172.75,0,0001,102767.0
2020-07-29 21:00:00,-43.75,172.75,0,0001,102737.375
2020-07-29 22:00:00,-43.75,172.75,0,0001,102708.375
2020-07-29 23:00:00,-43.75,172.75,0,0001,102707.94
2020-07-30 00:00:00,-43.75,172.75,0,0001,102642.06
2020-07-30 01:00:00,-43.75,172.75,0,0001,102517.31
2020-07-30 02:00:00,-43.75,172.75,0,0001,102391.06
2020-07-30 03:00:00,-43.75,172.75,0,0001,102353.375
2020-07-30 04:00:00,-43.75,172.75,0,0001,102329.69
2020-07-30 05:00:00,-43.75,172.75,0,0001,102301.125
2020-07-30 06:00:00,-43.75,172.75,0,0001,102311.25
2020-07-30 07:00:00,-43.75,172.75,0,0001,102317.06
2020-07-30 08:00:00,-43.75,172.75,0,0001,102305.69
2020-07-30 09:00:00,-43.75,172.75,0,0001,102298.06
2020-07-30 10:00:00,-43.75,172.75,0,0001,102283.94
2020-07-30 11:00:00,-43.75,172.75,0,0001,102315.0
2020-07-30 12:00:00,-43.75,172.75,0,0001,102225.56
2020-07-30 13:00:00,-43.75,172.75,0,0001,102254.06
2020-07-30 14:00:00,-43.75,172.75,0,0001,102220.31
2020-07-30 15:00:00,-43.75,172.75,0,0001,102148.19
2020-07-30 16:00:00,-43.75,172.75,0,0001,102137.06
2020-07-30 17:00:00,-43.75,172.75,0,0001,102094.19
2020-07-30 18:00:00,-43.75,172.75,0,0001,102138.81
2020-07-30 19:00:00,-43.75,172.75,0,0001,102139.875
2020-07-30 20:00:00,-43.75,172.75,0,0001,102181.75
2020-07-30 21:00:00,-43.75,172.75,0,0001,102162.625
2020-07-30 22:00:00,-43.75,172.75,0,0001,102247.625
2020-07-30 23:00:00,-43.75,172.75,0,0001,102214.875
2020-07-31 00:00:00,-43.75,172.75,0,0001,102221.875
2020-07-31 01:00:00,-43.75,172.75,0,0001,102116.875
2020-07-31 02:00:00,-43.75,172.75,0,0001,102073.31
2020-07-31 03:00:00,-43.75,172.75,0,0001,102055.19
2020-07-31 04:00:00,-43.75,172.75,0,0001,102035.31
2020-07-31 05:00:00,-43.75,172.75,0,0001,102045.19
2020-07-31 06:00:00,-43.75,172.75,0,0001,102095.0
2020-07-31 07:00:00,-43.75,172.75,0,0001,102127.44
2020-07-31 08:00:00,-43.75,172.75,0,0001,102162.5
2020-07-31 09:00:00,-43.75,172.75,0,0001,102149.0
2020-07-31 10:00:00,-43.75,172.75,0,0001,102184.0
2020-07-31 11:00:00,-43.75,172.75,0,0001,102169.875
2020-07-31 12:00:00,-43.75,172.75,0,0001,102170.94
2020-07-31 13:00:00,-43.75,172.75,0,0001,102188.69
2020-07-31 14:00:00,-43.75,172.75,0,0001,102204.56
2020-07-31 15:00:00,-43.75,172.75,0,0001,102156.44
2020-07-31 16:00:00,-43.75,172.75,0,0001,102156.06
2020-07-31 17:00:00,-43.75,172.75,0,0001,102178.5
2020-07-31 18:00:00,-43.75,172.75,0,0001,102206.25
2020-07-31 19:00:00,-43.75,172.75,0,0001,102205.625
2020-07-31 20:00:00,-43.75,172.75,0,0001,102298.81
2020-07-31 21:00:00,-43.75,172.75,0,0001,102331.19
2020-07-31 22:00:00,-43.75,172.75,0,0001,102377.56
2020-07-31 23:00:00,-43.75,172.75,0,0001,102367.81
2020-08-01 00:00:00,-43.75,172.75,0,0001,102371.44
2020-08-01 01:00:00,-43.75,172.75,0,0001,102324.56
2020-08-01 02:00:00,-43.75,172.75,0,0001,102266.25
2020-08-01 03:00:00,-43.75,172.75,0,0001,102219.625
2020-08-01 04:00:00,-43.75,172.75,0,0001,102203.06
2020-08-01 05:00:00,-43.75,172.75,0,0001,102267.5
2020-08-01 06:00:00,-43.75,172.75,0,0001,102272.875
2020-08-01 07:00:00,-43.75,172.75,0,0001,102311.31
2020-08-01 08:00:00,-43.75,172.75,0,0001,102345.375
2020-08-01 09:00:00,-43.75,172.75,0,0001,102342.81
2020-08-01 10:00:00,-43.75,172.75,0,0001,102372.69
2020-08-01 11:00:00,-43.75,172.75,0,0001,102351.56
2020-08-01 12:00:00,-43.75,172.75,0,0001,102345.06
2020-08-01 13:00:00,-43.75,172.75,0,0001,102333.06
2020-08-01 14:00:00,-43.75,172.75,0,0001,102320.19
2020-08-01 15:00:00,-43.75,172.75,0,0001,102295.56
2020-08-01 16:00:00,-43.75,172.75,0,0001,102220.25
2020-08-01 17:00:00,-43.75,172.75,0,0001,102235.81
2020-08-01 18:00:00,-43.75,172.75,0,0001,102202.06
2020-08-01 19:00:00,-43.75,172.75,0,0001,102261.44
2020-08-01 20:00:00,-43.75,172.75,0,0001,102307.125
2020-08-01 21:00:00,-43.75,172.75,0,0001,102326.125
2020-08-01 22:00:00,-43.75,172.75,0,0001,102334.19
2020-08-01 23:00:00,-43.75,172.75,0,0001,102324.44
2020-08-02 00:00:00,-43.75,172.75,0,0001,102272.06
2020-08-02 01:00:00,-43.75,172.75,0,0001,102194.0
2020-08-02 02:00:00,-43.75,172.75,0,0001,102167.625
2020-08-02 03:00:00,-43.75,172.75,0,0001,102173.44
2020-08-02 04:00:00,-43.75,172.75,0,0001,102171.375
2020-08-02 05:00:00,-43.75,172.75,0,0001,102184.06
2020-08-02 06:00:00,-43.75,172.75,0,0001,102179.31
2020-08-02 07:00:00,-43.75,172.75,0,0001,102186.31
2020-08-02 08:00:00,-43.75,172.75,0,0001,102198.56
2020-08-02 09:00:00,-43.75,172.75,0,0001,102215.94
2020-08-02 10:00:00,-43.75,172.75,0,0001,102208.06
2020-08-02 11:00:00,-43.75,172.75,0,0001,102201.94
2020-08-02 12:00:00,-43.75,172.75,0,0001,102166.44
2020-08-02 13:00:00,-43.75,172.75,0,0001,102157.81
2020-08-02 14:00:00,-43.75,172.75,0,0001,102151.625
2020-08-02 15:00:00,-43.75,172.75,0,0001,102102.0
2020-08-02 16:00:00,-43.75,172.75,0,0001,102047.06
2020-08-02 17:00:00,-43.75,172.75,0,0001,102021.44
2020-08-02 18:00:00,-43.75,172.75,0,0001,102021.25
2020-08-02 19:00:00,-43.75,172.75,0,0001,102050.25
2020-08-02 20:00:00,-43.75,172.75,0,0001,102072.56
2020-08-02 21:00:00,-43.75,172.75,0,0001,102086.94
2020-08-02 22:00:00,-43.75,172.75,0,0001,102082.0
2020-08-02 23:00:00,-43.75,172.75,0,0001,102031.69
2020-08-03 00:00:00,-43.75,172.75,0,0001,101953.375
2020-08-03 01:00:00,-43.75,172.75,0,0001,101864.125
2020-08-03 02:00:00,-43.75,172.75,0,0001,101783.06
2020-08-03 03:00:00,-43.75,172.75,0,0001,101700.81
2020-08-03 04:00:00,-43.75,172.75,0,0001,101697.25
2020-08-03 05:00:00,-43.75,172.75,0,0001,101681.19
2020-08-03 06:00:00,-43.75,172.75,0,0001,101660.5
2020-08-03 07:00:00,-43.75,172.75,0,0001,101649.69
2020-08-03 08:00:00,-43.75,172.75,0,0001,101649.875
2020-08-03 09:00:00,-43.75,172.75,0,0001,101644.0
2020-08-03 10:00:00,-43.75,172.75,0,0001,101649.625
2020-08-03 11:00:00,-43.75,172.75,0,0001,101636.31
2020-08-03 12:00:00,-43.75,172.75,0,0001,101589.625
2020-08-03 13:00:00,-43.75,172.75,0,0001,101545.06
2020-08-03 14:00:00,-43.75,172.75,0,0001,101550.125
2020-08-03 15:00:00,-43.75,172.75,0,0001,101463.25
2020-08-03 16:00:00,-43.75,172.75,0,0001,101417.125
2020-08-03 17:00:00,-43.75,172.75,0,0001,101392.125
2020-08-03 18:00:00,-43.75,172.75,0,0001,101355.19
2020-08-03 19:00:00,-43.75,172.75,0,0001,101405.44
2020-08-03 20:00:00,-43.75,172.75,0,0001,101380.94
2020-08-03 21:00:00,-43.75,172.75,0,0001,101401.5
2020-08-03 22:00:00,-43.75,172.75,0,0001,101365.94
2020-08-03 23:00:00,-43.75,172.75,0,0001,101343.31
2020-08-04 00:00:00,-43.75,172.75,0,0001,101288.81
2020-08-04 01:00:00,-43.75,172.75,0,0001,101245.31
2020-08-04 02:00:00,-43.75,172.75,0,0001,101155.0
2020-08-04 03:00:00,-43.75,172.75,0,0001,101148.875
2020-08-04 04:00:00,-43.75,172.75,0,0001,101208.125
2020-08-04 05:00:00,-43.75,172.75,0,0001,101215.81
2020-08-04 06:00:00,-43.75,172.75,0,0001,101285.375
2020-08-04 07:00:00,-43.75,172.75,0,0001,101300.0
2020-08-04 08:00:00,-43.75,172.75,0,0001,101380.06
2020-08-04 09:00:00,-43.75,172.75,0,0001,101405.375
2020-08-04 10:00:00,-43.75,172.75,0,0001,101485.125
2020-08-04 11:00:00,-43.75,172.75,0,0001,101540.31
2020-08-04 12:00:00,-43.75,172.75,0,0001,101522.25
2020-08-04 13:00:00,-43.75,172.75,0,0001,101569.0
2020-08-04 14:00:00,-43.75,172.75,0,0001,101603.69
2020-08-04 15:00:00,-43.75,172.75,0,0001,101572.25
2020-08-04 16:00:00,-43.75,172.75,0,0001,101588.31
2020-08-04 17:00:00,-43.75,172.75,0,0001,101624.0
2020-08-04 18:00:00,-43.75,172.75,0,0001,101699.875
2020-08-04 19:00:00,-43.75,172.75,0,0001,101736.25
2020-08-04 20:00:00,-43.75,172.75,0,0001,101842.94
2020-08-04 21:00:00,-43.75,172.75,0,0001,101932.56
2020-08-04 22:00:00,-43.75,172.75,0,0001,102002.25
2020-08-04 23:00:00,-43.75,172.75,0,0001,102095.56
2020-08-05 00:00:00,-43.75,172.75,0,0001,102068.25
2020-08-05 01:00:00,-43.75,172.75,0,0001,102036.125
2020-08-05 02:00:00,-43.75,172.75,0,0001,101991.31
2020-08-05 03:00:00,-43.75,172.75,0,0001,101990.31
2020-08-05 04:00:00,-43.75,172.75,0,0001,102005.69
2020-08-05 05:00:00,-43.75,172.75,0,0001,102029.19
2020-08-05 06:00:00,-43.75,172.75,0,0001,102048.69
2020-08-05 07:00:00,-43.75,172.75,0,0001,102036.81
2020-08-05 08:00:00,-43.75,172.75,0,0001,102075.31
2020-08-05 09:00:00,-43.75,172.75,0,0001,102069.06
2020-08-05 10:00:00,-43.75,172.75,0,0001,102113.69
2020-08-05 11:00:00,-43.75,172.75,0,0001,102059.0
2020-08-05 12:00:00,-43.75,172.75,0,0001,102005.875
2020-08-05 13:00:00,-43.75,172.75,0,0001,101992.69
2020-08-05 14:00:00,-43.75,172.75,0,0001,101901.44
2020-08-05 15:00:00,-43.75,172.75,0,0001,101839.375
2020-08-05 16:00:00,-43.75,172.75,0,0001,101773.31
2020-08-05 17:00:00,-43.75,172.75,0,0001,101740.19
2020-08-05 18:00:00,-43.75,172.75,0,0001,101699.81
2020-08-05 19:00:00,-43.75,172.75,0,0001,101656.0
2020-08-05 20:00:00,-43.75,172.75,0,0001,101650.19
2020-08-05 21:00:00,-43.75,172.75,0,0001,101601.06
2020-08-05 22:00:00,-43.75,172.75,0,0001,101522.44
2020-08-05 23:00:00,-43.75,172.75,0,0001,101407.0
2020-08-06 00:00:00,-43.75,172.75,0,0001,101345.0
2020-08-06 01:00:00,-43.75,172.75,0,0001,101165.56
2020-08-06 02:00:00,-43.75,172.75,0,0001,101019.875
2020-08-06 03:00:00,-43.75,172.75,0,0001,100979.69
2020-08-06 04:00:00,-43.75,172.75,0,0001,100895.125
2020-08-06 05:00:00,-43.75,172.75,0,0001,100846.94
2020-08-06 06:00:00,-43.75,172.75,0,0001,100786.44
2020-08-06 07:00:00,-43.75,172.75,0,0001,100724.94
2020-08-06 08:00:00,-43.75,172.75,0,0001,100695.0
2020-08-06 09:00:00,-43.75,172.75,0,0001,100635.44
2020-08-06 10:00:00,-43.75,172.75,0,0001,100551.81
2020-08-06 11:00:00,-43.75,172.75,0,0001,100473.875
2020-08-06 12:00:00,-43.75,172.75,0,0001,100455.25
2020-08-06 13:00:00,-43.75,172.75,0,0001,100371.25
2020-08-06 14:00:00,-43.75,172.75,0,0001,100317.31
2020-08-06 15:00:00,-43.75,172.75,0,0001,100240.25
2020-08-06 16:00:00,-43.75,172.75,0,0001,100192.625
2020-08-06 17:00:00,-43.75,172.75,0,0001,100153.5
2020-08-06 18:00:00,-43.75,172.75,0,0001,100174.31
2020-08-06 19:00:00,-43.75,172.75,0,0001,100166.875
2020-08-06 20:00:00,-43.75,172.75,0,0001,100210.75
2020-08-06 21:00:00,-43.75,172.75,0,0001,100234.125
2020-08-06 22:00:00,-43.75,172.75,0,0001,100275.56
2020-08-06 23:00:00,-43.75,172.75,0,0001,100227.0
2020-08-07 00:00:00,-43.75,172.75,0,0001,100166.94
2020-08-07 01:00:00,-43.75,172.75,0,0001,100099.875
2020-08-07 02:00:00,-43.75,172.75,0,0001,100058.56
2020-08-07 03:00:00,-43.75,172.75,0,0001,100019.25
2020-08-07 04:00:00,-43.75,172.75,0,0001,100021.75
2020-08-07 05:00:00,-43.75,172.75,0,0001,100054.0
2020-08-07 06:00:00,-43.75,172.75,0,0001,100113.875
2020-08-07 07:00:00,-43.75,172.75,0,0001,100161.625
2020-08-07 08:00:00,-43.75,172.75,0,0001,100214.81
2020-08-07 09:00:00,-43.75,172.75,0,0001,100251.69
2020-08-07 10:00:00,-43.75,172.75,0,0001,100371.94
2020-08-07 11:00:00,-43.75,172.75,0,0001,100415.25
2020-08-07 12:00:00,-43.75,172.75,0,0001,100449.19
2020-08-07 13:00:00,-43.75,172.75,0,0001,100549.375
2020-08-07 14:00:00,-43.75,172.75,0,0001,100615.5
2020-08-07 15:00:00,-43.75,172.75,0,0001,100645.625
2020-08-07 16:00:00,-43.75,172.75,0,0001,100706.125
2020-08-07 17:00:00,-43.75,172.75,0,0001,100725.19
2020-08-07 18:00:00,-43.75,172.75,0,0001,100832.375
2020-08-07 19:00:00,-43.75,172.75,0,0001,100872.375
2020-08-07 20:00:00,-43.75,172.75,0,0001,100984.25
2020-08-07 21:00:00,-43.75,172.75,0,0001,101044.5
2020-08-07 22:00:00,-43.75,172.75,0,0001,101099.31
2020-08-07 23:00:00,-43.75,172.75,0,0001,101086.0
2020-08-08 00:00:00,-43.75,172.75,0,0001,101080.0
2020-08-08 01:00:00,-43.75,172.75,0,0001,101036.625
2020-08-08 02:00:00,-43.75,172.75,0,0001,100970.19
2020-08-08 03:00:00,-43.75,172.75,0,0001,100960.375
2020-08-08 04:00:00,-43.75,172.75,0,0001,100982.25
2020-08-08 05:00:00,-43.75,172.75,0,0001,101010.19
2020-08-08 06:00:00,-43.75,172.75,0,0001,101025.0
2020-08-08 07:00:00,-43.75,172.75,0,0001,101042.875
2020-08-08 08:00:00,-43.75,172.75,0,0001,101005.625
2020-08-08 09:00:00,-43.75,172.75,0,0001,101001.69
2020-08-08 10:00:00,-43.75,172.75,0,0001,100982.31
2020-08-08 11:00:00,-43.75,172.75,0,0001,100949.125
2020-08-08 12:00:00,-43.75,172.75,0,0001,100908.5
2020-08-08 13:00:00,-43.75,172.75,0,0001,100846.625
2020-08-08 14:00:00,-43.75,172.75,0,0001,100807.75
2020-08-08 15:00:00,-43.75,172.75,0,0001,100774.94
2020-08-08 16:00:00,-43.75,172.75,0,0001,100687.06
2020-08-08 17:00:00,-43.75,172.75,0,0001,100636.625
2020-08-08 18:00:00,-43.75,172.75,0,0001,100653.69
2020-08-08 19:00:00,-43.75,172.75,0,0001,100641.75
2020-08-08 20:00:00,-43.75,172.75,0,0001,100632.81
2020-08-08 21:00:00,-43.75,172.75,0,0001,100631.69
2020-08-08 22:00:00,-43.75,172.75,0,0001,100592.5
2020-08-08 23:00:00,-43.75,172.75,0,0001,100641.5
2020-08-09 00:00:00,-43.75,172.75,0,0001,100600.5
2020-08-09 01:00:00,-43.75,172.75,0,0001,100531.56
2020-08-09 02:00:00,-43.75,172.75,0,0001,100469.75
2020-08-09 03:00:00,-43.75,172.75,0,0001,100395.625
2020-08-09 04:00:00,-43.75,172.75,0,0001,100431.375
2020-08-09 05:00:00,-43.75,172.75,0,0001,100458.875
2020-08-09 06:00:00,-43.75,172.75,0,0001,100420.69
2020-08-09 07:00:00,-43.75,172.75,0,0001,100435.31
2020-08-09 08:00:00,-43.75,172.75,0,0001,100417.875
2020-08-09 09:00:00,-43.75,172.75,0,0001,100438.375
2020-08-09 10:00:00,-43.75,172.75,0,0001,100427.06
2020-08-09 11:00:00,-43.75,172.75,0,0001,100420.19
2020-08-09 12:00:00,-43.75,172.75,0,0001,100467.25
2020-08-09 13:00:00,-43.75,172.75,0,0001,100451.125
2020-08-09 14:00:00,-43.75,172.75,0,0001,100504.81
2020-08-09 15:00:00,-43.75,172.75,0,0001,100498.125
2020-08-09 16:00:00,-43.75,172.75,0,0001,100534.0
2020-08-09 17:00:00,-43.75,172.75,0,0001,100566.25
2020-08-09 18:00:00,-43.75,172.75,0,0001,100649.06
2020-08-09 19:00:00,-43.75,172.75,0,0001,100694.44
2020-08-09 20:00:00,-43.75,172.75,0,0001,100783.625
2020-08-09 21:00:00,-43.75,172.75,0,0001,100852.25
2020-08-09 22:00:00,-43.75,172.75,0,0001,100863.81
2020-08-09 23:00:00,-43.75,172.75,0,0001,100900.25
2020-08-10 00:00:00,-43.75,172.75,0,0001,100881.56
2020-08-10 01:00:00,-43.75,172.75,0,0001,100862.25
2020-08-10 02:00:00,-43.75,172.75,0,0001,100793.75
2020-08-10 03:00:00,-43.75,172.75,0,0001,100800.0
2020-08-10 04:00:00,-43.75,172.75,0,0001,100821.44
2020-08-10 05:00:00,-43.75,172.75,0,0001,100861.69
2020-08-10 06:00:00,-43.75,172.75,0,0001,100893.44
2020-08-10 07:00:00,-43.75,172.75,0,0001,100920.875
2020-08-10 08:00:00,-43.75,172.75,0,0001,100960.69
2020-08-10 09:00:00,-43.75,172.75,0,0001,100948.125
2020-08-10 10:00:00,-43.75,172.75,0,0001,100919.56
2020-08-10 11:00:00,-43.75,172.75,0,0001,100893.06
2020-08-10 12:00:00,-43.75,172.75,0,0001,100894.25
2020-08-10 13:00:00,-43.75,172.75,0,0001,100895.25
2020-08-10 14:00:00,-43.75,172.75,0,0001,100913.375
2020-08-10 15:00:00,-43.75,172.75,0,0001,100926.5
2020-08-10 16:00:00,-43.75,172.75,0,0001,100924.75
2020-08-10 17:00:00,-43.75,172.75,0,0001,100930.56
2020-08-10 18:00:00,-43.75,172.75,0,0001,100977.75
2020-08-10 19:00:00,-43.75,172.75,0,0001,100975.81
2020-08-10 20:00:00,-43.75,172.75,0,0001,101005.875
2020-08-10 21:00:00,-43.75,172.75,0,0001,101038.625
2020-08-10 22:00:00,-43.75,172.75,0,0001,101092.06
2020-08-10 23:00:00,-43.75,172.75,0,0001,101012.31
2020-08-11 00:00:00,-43.75,172.75,0,0001,100902.5
2020-08-11 01:00:00,-43.75,172.75,0,0001,100787.875
2020-08-11 02:00:00,-43.75,172.75,0,0001,100641.56
2020-08-11 03:00:00,-43.75,172.75,0,0001,100570.0
2020-08-11 04:00:00,-43.75,172.75,0,0001,100524.56
2020-08-11 05:00:00,-43.75,172.75,0,0001,100513.375
2020-08-11 06:00:00,-43.75,172.75,0,0001,100461.75
2020-08-11 07:00:00,-43.75,172.75,0,0001,100474.69
2020-08-11 08:00:00,-43.75,172.75,0,0001,100478.0
2020-08-11 09:00:00,-43.75,172.75,0,0001,100492.06
2020-08-11 10:00:00,-43.75,172.75,0,0001,100569.94
2020-08-11 11:00:00,-43.75,172.75,0,0001,100528.5
2020-08-11 12:00:00,-43.75,172.75,0,0001,100651.56
2020-08-11 13:00:00,-43.75,172.75,0,0001,100680.25
2020-08-11 14:00:00,-43.75,172.75,0,0001,100717.0
2020-08-11 15:00:00,-43.75,172.75,0,0001,100764.75
2020-08-11 16:00:00,-43.75,172.75,0,0001,100759.125
2020-08-11 17:00:00,-43.75,172.75,0,0001,100842.19
2020-08-11 18:00:00,-43.75,172.75,0,0001,100939.5
2020-08-11 19:00:00,-43.75,172.75,0,0001,101014.06
2020-08-11 20:00:00,-43.75,172.75,0,0001,101082.69
2020-08-11 21:00:00,-43.75,172.75,0,0001,101182.19
2020-08-11 22:00:00,-43.75,172.75,0,0001,101185.375
2020-08-11 23:00:00,-43.75,172.75,0,0001,101187.94
2020-08-12 00:00:00,-43.75,172.75,0,0001,101206.69
2020-08-12 01:00:00,-43.75,172.75,0,0001,101157.5
2020-08-12 02:00:00,-43.75,172.75,0,0001,101112.125
2020-08-12 03:00:00,-43.75,172.75,0,0001,101090.375
2020-08-12 04:00:00,-43.75,172.75,0,0001,101081.81
2020-08-12 05:00:00,-43.75,172.75,0,0001,101119.94
2020-08-12 06:00:00,-43.75,172.75,0,0001,101145.5
2020-08-12 07:00:00,-43.75,172.75,0,0001,101151.94
2020-08-12 08:00:00,-43.75,172.75,0,0001,101179.0
2020-08-12 09:00:00,-43.75,172.75,0,0001,101164.75
2020-08-12 10:00:00,-43.75,172.75,0,0001,101224.25
2020-08-12 11:00:00,-43.75,172.75,0,0001,101222.5
2020-08-12 12:00:00,-43.75,172.75,0,0001,101193.56
2020-08-12 13:00:00,-43.75,172.75,0,0001,101207.875
2020-08-12 14:00:00,-43.75,172.75,0,0001,101213.56
2020-08-12 15:00:00,-43.75,172.75,0,0001,101186.19
2020-08-12 16:00:00,-43.75,172.75,0,0001,101148.69
2020-08-12 17:00:00,-43.75,172.75,0,0001,101136.56
2020-08-12 18:00:00,-43.75,172.75,0,0001,101226.56
2020-08-12 19:00:00,-43.75,172.75,0,0001,101245.25
2020-08-12 20:00:00,-43.75,172.75,0,0001,101289.56
2020-08-12 21:00:00,-43.75,172.75,0,0001,101393.69
2020-08-12 22:00:00,-43.75,172.75,0,0001,101437.31
2020-08-12 23:00:00,-43.75,172.75,0,0001,101473.69
2020-08-13 00:00:00,-43.75,172.75,0,0001,101474.19
2020-08-13 01:00:00,-43.75,172.75,0,0001,101529.56
2020-08-13 02:00:00,-43.75,172.75,0,0001,101548.56
2020-08-13 03:00:00,-43.75,172.75,0,0001,101628.125
2020-08-13 04:00:00,-43.75,172.75,0,0001,101711.44
2020-08-13 05:00:00,-43.75,172.75,0,0001,101822.5
2020-08-13 06:00:00,-43.75,172.75,0,0001,101891.25
2020-08-13 07:00:00,-43.75,172.75,0,0001,102008.06
2020-08-13 08:00:00,-43.75,172.75,0,0001,102085.0
2020-08-13 09:00:00,-43.75,172.75,0,0001,102152.06
2020-08-13 10:00:00,-43.75,172.75,0,0001,102244.81
2020-08-13 11:00:00,-43.75,172.75,0,0001,102254.44
2020-08-13 12:00:00,-43.75,172.75,0,0001,102319.75
2020-08-13 13:00:00,-43.75,172.75,0,0001,102342.0
2020-08-13 14:00:00,-43.75,172.75,0,0001,102415.81
2020-08-13 15:00:00,-43.75,172.75,0,0001,102434.19
2020-08-13 16:00:00,-43.75,172.75,0,0001,102430.44
2020-08-13 17:00:00,-43.75,172.75,0,0001,102489.5
2020-08-13 18:00:00,-43.75,172.75,0,0001,102541.94
2020-08-13 19:00:00,-43.75,172.75,0,0001,102627.06
2020-08-13 20:00:00,-43.75,172.75,0,0001,102679.5
2020-08-13 21:00:00,-43.75,172.75,0,0001,102787.31
2020-08-13 22:00:00,-43.75,172.75,0,0001,102818.375
2020-08-13 23:00:00,-43.75,172.75,0,0001,102833.56
2020-08-14 00:00:00,-43.75,172.75,0,0001,102800.06
2020-08-14 01:00:00,-43.75,172.75,0,0001,102751.375
2020-08-14 02:00:00,-43.75,172.75,0,0001,102718.375
2020-08-14 03:00:00,-43.75,172.75,0,0001,102740.44
2020-08-14 04:00:00,-43.75,172.75,0,0001,102792.94
2020-08-14 05:00:00,-43.75,172.75,0,0001,102799.94
2020-08-14 06:00:00,-43.75,172.75,0,0001,102831.56
2020-08-14 07:00:00,-43.75,172.75,0,0001,102864.875
2020-08-14 08:00:00,-43.75,172.75,0,0001,102883.75
2020-08-14 09:00:00,-43.75,172.75,0,0001,102914.25
2020-08-14 10:00:00,-43.75,172.75,0,0001,102918.44
2020-08-14 11:00:00,-43.75,172.75,0,0001,102849.81
2020-08-14 12:00:00,-43.75,172.75,0,0001,102860.44
2020-08-14 13:00:00,-43.75,172.75,0,0001,102852.19
2020-08-14 14:00:00,-43.75,172.75,0,0001,102802.125
2020-08-14 15:00:00,-43.75,172.75,0,0001,102767.69
2020-08-14 16:00:00,-43.75,172.75,0,0001,102721.625
2020-08-14 17:00:00,-43.75,172.75,0,0001,102727.94
2020-08-14 18:00:00,-43.75,172.75,0,0001,102746.69
2020-08-14 19:00:00,-43.75,172.75,0,0001,102771.19
2020-08-14 20:00:00,-43.75,172.75,0,0001,102837.625
2020-08-14 21:00:00,-43.75,172.75,0,0001,102868.94
2020-08-14 22:00:00,-43.75,172.75,0,0001,102909.06
2020-08-14 23:00:00,-43.75,172.75,0,0001,102876.625
2020-08-15 00:00:00,-43.75,172.75,0,0001,102853.69
2020-08-15 01:00:00,-43.75,172.75,0,0001,102775.81
2020-08-15 02:00:00,-43.75,172.75,0,0001,102709.94
2020-08-15 03:00:00,-43.75,172.75,0,0001,102719.94
2020-08-15 04:00:00,-43.75,172.75,0,0001,102784.56
2020-08-15 05:00:00,-43.75,172.75,0,0001,102807.44
2020-08-15 06:00:00,-43.75,172.75,0,0001,102832.31
2020-08-15 07:00:00,-43.75,172.75,0,0001,102909.625
2020-08-15 08:00:00,-43.75,172.75,0,0001,102954.5
2020-08-15 09:00:00,-43.75,172.75,0,0001,103010.0
2020-08-15 10:00:00,-43.75,172.75,0,0001,103049.625
2020-08-15 11:00:00,-43.75,172.75,0,0001,103054.0
2020-08-15 12:00:00,-43.75,172.75,0,0001,103087.44
2020-08-15 13:00:00,-43.75,172.75,0,0001,103094.56
2020-08-15 14:00:00,-43.75,172.75,0,0001,103126.25
2020-08-15 15:00:00,-43.75,172.75,0,0001,103092.56
2020-08-15 16:00:00,-43.75,172.75,0,0001,103094.44
2020-08-15 17:00:00,-43.75,172.75,0,0001,103081.31
2020-08-15 18:00:00,-43.75,172.75,0,0001,103138.25
2020-08-15 19:00:00,-43.75,172.75,0,0001,103170.0
2020-08-15 20:00:00,-43.75,172.75,0,0001,103214.25
2020-08-15 21:00:00,-43.75,172.75,0,0001,103277.06
2020-08-15 22:00:00,-43.75,172.75,0,0001,103297.31
2020-08-15 23:00:00,-43.75,172.75,0,0001,103309.875
2020-08-16 00:00:00,-43.75,172.75,0,0001,103263.94
2020-08-16 01:00:00,-43.75,172.75,0,0001,103162.31
2020-08-16 02:00:00,-43.75,172.75,0,0001,103067.69
2020-08-16 03:00:00,-43.75,172.75,0,0001,103078.25
2020-08-16 04:00:00,-43.75,172.75,0,0001,103065.75
2020-08-16 05:00:00,-43.75,172.75,0,0001,103089.25
2020-08-16 06:00:00,-43.75,172.75,0,0001,103088.125
2020-08-16 07:00:00,-43.75,172.75,0,0001,103101.44
2020-08-16 08:00:00,-43.75,172.75,0,0001,103115.5
2020-08-16 09:00:00,-43.75,172.75,0,0001,103099.69
2020-08-16 10:00:00,-43.75,172.75,0,0001,103151.56
2020-08-16 11:00:00,-43.75,172.75,0,0001,103109.25
2020-08-16 12:00:00,-43.75,172.75,0,0001,103125.5
2020-08-16 13:00:00,-43.75,172.75,0,0001,103141.25
2020-08-16 14:00:00,-43.75,172.75,0,0001,103116.875
2020-08-16 15:00:00,-43.75,172.75,0,0001,103049.375
2020-08-16 16:00:00,-43.75,172.75,0,0001,103040.25
2020-08-16 17:00:00,-43.75,172.75,0,0001,103017.875
2020-08-16 18:00:00,-43.75,172.75,0,0001,103029.81
2020-08-16 19:00:00,-43.75,172.75,0,0001,103025.0
2020-08-16 20:00:00,-43.75,172.75,0,0001,103078.69
2020-08-16 21:00:00,-43.75,172.75,0,0001,103132.5
2020-08-16 22:00:00,-43.75,172.75,0,0001,103115.625
2020-08-16 23:00:00,-43.75,172.75,0,0001,103116.44
2020-08-17 00:00:00,-43.75,172.75,0,0001,103039.06
2020-08-17 01:00:00,-43.75,172.75,0,0001,102913.44
2020-08-17 02:00:00,-43.75,172.75,0,0001,102865.06
2020-08-17 03:00:00,-43.75,172.75,0,0001,102814.625
2020-08-17 04:00:00,-43.75,172.75,0,0001,102804.5
2020-08-17 05:00:00,-43.75,172.75,0,0001,102799.625
2020-08-17 06:00:00,-43.75,172.75,0,0001,102822.56
2020-08-17 07:00:00,-43.75,172.75,0,0001,102845.44
2020-08-17 08:00:00,-43.75,172.75,0,0001,102846.0
2020-08-17 09:00:00,-43.75,172.75,0,0001,102865.81
2020-08-17 10:00:00,-43.75,172.75,0,0001,102874.75
2020-08-17 11:00:00,-43.75,172.75,0,0001,102835.44
2020-08-17 12:00:00,-43.75,172.75,0,0001,102811.0
2020-08-17 13:00:00,-43.75,172.75,0,0001,102785.44
2020-08-17 14:00:00,-43.75,172.75,0,0001,102734.19
2020-08-17 15:00:00,-43.75,172.75,0,0001,102663.44
2020-08-17 16:00:00,-43.75,172.75,0,0001,102566.125
2020-08-17 17:00:00,-43.75,172.75,0,0001,102529.375
2020-08-17 18:00:00,-43.75,172.75,0,0001,102494.94
2020-08-17 19:00:00,-43.75,172.75,0,0001,102456.81
2020-08-17 20:00:00,-43.75,172.75,0,0001,102424.81
2020-08-17 21:00:00,-43.75,172.75,0,0001,102408.0
2020-08-17 22:00:00,-43.75,172.75,0,0001,102337.31
2020-08-17 23:00:00,-43.75,172.75,0,0001,102252.19
2020-08-18 00:00:00,-43.75,172.75,0,0001,102154.56
2020-08-18 01:00:00,-43.75,172.75,0,0001,101990.31
2020-08-18 02:00:00,-43.75,172.75,0,0001,101804.5
2020-08-18 03:00:00,-43.75,172.75,0,0001,101696.875
2020-08-18 04:00:00,-43.75,172.75,0,0001,101615.625
2020-08-18 05:00:00,-43.75,172.75,0,0001,101528.19
2020-08-18 06:00:00,-43.75,172.75,0,0001,101484.0
2020-08-18 07:00:00,-43.75,172.75,0,0001,101367.19
2020-08-18 08:00:00,-43.75,172.75,0,0001,101312.625
2020-08-18 09:00:00,-43.75,172.75,0,0001,101228.31
2020-08-18 10:00:00,-43.75,172.75,0,0001,101119.69
2020-08-18 11:00:00,-43.75,172.75,0,0001,101051.75
2020-08-18 12:00:00,-43.75,172.75,0,0001,100927.06
2020-08-18 13:00:00,-43.75,172.75,0,0001,100849.75
2020-08-18 14:00:00,-43.75,172.75,0,0001,100711.94
2020-08-18 15:00:00,-43.75,172.75,0,0001,100564.06
2020-08-18 16:00:00,-43.75,172.75,0,0001,100423.25
2020-08-18 17:00:00,-43.75,172.75,0,0001,100340.125
2020-08-18 18:00:00,-43.75,172.75,0,0001,100272.94
2020-08-18 19:00:00,-43.75,172.75,0,0001,100173.75
2020-08-18 20:00:00,-43.75,172.75,0,0001,100123.94
2020-08-18 21:00:00,-43.75,172.75,0,0001,100129.25
2020-08-18 22:00:00,-43.75,172.75,0,0001,100015.69
2020-08-18 23:00:00,-43.75,172.75,0,0001,100000.06
2020-08-19 00:00:00,-43.75,172.75,0,0001,99908.625
2020-08-19 01:00:00,-43.75,172.75,0,0001,99788.5
2020-08-19 02:00:00,-43.75,172.75,0,0001,99734.81
2020-08-19 03:00:00,-43.75,172.75,0,0001,99718.375
2020-08-19 04:00:00,-43.75,172.75,0,0001,99726.25
2020-08-19 05:00:00,-43.75,172.75,0,0001,99720.625
2020-08-19 06:00:00,-43.75,172.75,0,0001,99705.375
2020-08-19 07:00:00,-43.75,172.75,0,0001,99712.19
2020-08-19 08:00:00,-43.75,172.75,0,0001,99660.375
2020-08-19 09:00:00,-43.75,172.75,0,0001,99646.44
2020-08-19 10:00:00,-43.75,172.75,0,0001,99622.56
2020-08-19 11:00:00,-43.75,172.75,0,0001,99568.69
2020-08-19 12:00:00,-43.75,172.75,0,0001,99510.125
2020-08-19 13:00:00,-43.75,172.75,0,0001,99468.94
2020-08-19 14:00:00,-43.75,172.75,0,0001,99390.875
2020-08-19 15:00:00,-43.75,172.75,0,0001,99278.0
2020-08-19 16:00:00,-43.75,172.75,0,0001,99210.875
2020-08-19 17:00:00,-43.75,172.75,0,0001,99159.375
2020-08-19 18:00:00,-43.75,172.75,0,0001,99169.25
2020-08-19 19:00:00,-43.75,172.75,0,0001,99149.0
2020-08-19 20:00:00,-43.75,172.75,0,0001,99111.19
2020-08-19 21:00:00,-43.75,172.75,0,0001,99102.31
2020-08-19 22:00:00,-43.75,172.75,0,0001,99078.0
2020-08-19 23:00:00,-43.75,172.75,0,0001,98973.69
2020-08-20 00:00:00,-43.75,172.75,0,0001,98914.125
2020-08-20 01:00:00,-43.75,172.75,0,0001,98766.875
2020-08-20 02:00:00,-43.75,172.75,0,0001,98620.81
2020-08-20 03:00:00,-43.75,172.75,0,0001,98572.19
2020-08-20 04:00:00,-43.75,172.75,0,0001,98547.625
2020-08-20 05:00:00,-43.75,172.75,0,0001,98485.81
2020-08-20 06:00:00,-43.75,172.75,0,0001,98474.69
2020-08-20 07:00:00,-43.75,172.75,0,0001,98472.75
2020-08-20 08:00:00,-43.75,172.75,0,0001,98425.5
2020-08-20 09:00:00,-43.75,172.75,0,0001,98366.625
2020-08-20 10:00:00,-43.75,172.75,0,0001,98353.125
2020-08-20 11:00:00,-43.75,172.75,0,0001,98320.875
2020-08-20 12:00:00,-43.75,172.75,0,0001,98323.44
2020-08-20 13:00:00,-43.75,172.75,0,0001,98314.44
2020-08-20 14:00:00,-43.75,172.75,0,0001,98307.81
2020-08-20 15:00:00,-43.75,172.75,0,0001,98282.06
2020-08-20 16:00:00,-43.75,172.75,0,0001,98266.56
2020-08-20 17:00:00,-43.75,172.75,0,0001,98283.56
2020-08-20 18:00:00,-43.75,172.75,0,0001,98321.375
2020-08-20 19:00:00,-43.75,172.75,0,0001,98376.625
2020-08-20 20:00:00,-43.75,172.75,0,0001,98456.81
2020-08-20 21:00:00,-43.75,172.75,0,0001,98568.125
2020-08-20 22:00:00,-43.75,172.75,0,0001,98589.875
2020-08-20 23:00:00,-43.75,172.75,0,0001,98606.81
2020-08-21 00:00:00,-43.75,172.75,0,0001,98660.81
2020-08-21 01:00:00,-43.75,172.75,0,0001,98670.25
2020-08-21 02:00:00,-43.75,172.75,0,0001,98715.75
2020-08-21 03:00:00,-43.75,172.75,0,0001,98801.125
2020-08-21 04:00:00,-43.75,172.75,0,0001,98858.75
2020-08-21 05:00:00,-43.75,172.75,0,0001,98949.125
2020-08-21 06:00:00,-43.75,172.75,0,0001,99071.06
2020-08-21 07:00:00,-43.75,172.75,0,0001,99194.94
2020-08-21 08:00:00,-43.75,172.75,0,0001,99328.5
2020-08-21 09:00:00,-43.75,172.75,0,0001,99442.81
2020-08-21 10:00:00,-43.75,172.75,0,0001,99572.75
2020-08-21 11:00:00,-43.75,172.75,0,0001,99681.94
2020-08-21 12:00:00,-43.75,172.75,0,0001,99775.375
2020-08-21 13:00:00,-43.75,172.75,0,0001,99862.06
2020-08-21 14:00:00,-43.75,172.75,0,0001,99982.81
2020-08-21 15:00:00,-43.75,172.75,0,0001,100041.19
2020-08-21 16:00:00,-43.75,172.75,0,0001,100092.25
2020-08-21 17:00:00,-43.75,172.75,0,0001,100148.94
2020-08-21 18:00:00,-43.75,172.75,0,0001,100264.125
2020-08-21 19:00:00,-43.75,172.75,0,0001,100321.5
2020-08-21 20:00:00,-43.75,172.75,0,0001,100460.31
2020-08-21 21:00:00,-43.75,172.75,0,0001,100540.25
2020-08-21 22:00:00,-43.75,172.75,0,0001,100586.25
2020-08-21 23:00:00,-43.75,172.75,0,0001,100628.0
2020-08-22 00:00:00,-43.75,172.75,0,0001,100628.19
2020-08-22 01:00:00,-43.75,172.75,0,0001,100595.94
2020-08-22 02:00:00,-43.75,172.75,0,0001,100592.25
2020-08-22 03:00:00,-43.75,172.75,0,0001,100637.875
2020-08-22 04:00:00,-43.75,172.75,0,0001,100708.69
2020-08-22 05:00:00,-43.75,172.75,0,0001,100763.56
2020-08-22 06:00:00,-43.75,172.75,0,0001,100825.94
2020-08-22 07:00:00,-43.75,172.75,0,0001,100880.44
2020-08-22 08:00:00,-43.75,172.75,0,0001,100938.31
2020-08-22 09:00:00,-43.75,172.75,0,0001,100977.25
2020-08-22 10:00:00,-43.75,172.75,0,0001,101045.25
2020-08-22 11:00:00,-43.75,172.75,0,0001,101079.625
2020-08-22 12:00:00,-43.75,172.75,0,0001,101022.81
2020-08-22 13:00:00,-43.75,172.75,0,0001,101041.5
2020-08-22 14:00:00,-43.75,172.75,0,0001,101049.75
2020-08-22 15:00:00,-43.75,172.75,0,0001,100997.5
2020-08-22 16:00:00,-43.75,172.75,0,0001,100971.375
2020-08-22 17:00:00,-43.75,172.75,0,0001,100952.69
2020-08-22 18:00:00,-43.75,172.75,0,0001,100959.375
2020-08-22 19:00:00,-43.75,172.75,0,0001,100964.56
2020-08-22 20:00:00,-43.75,172.75,0,0001,100979.81
2020-08-22 21:00:00,-43.75,172.75,0,0001,101001.19
2020-08-22 22:00:00,-43.75,172.75,0,0001,101031.94
2020-08-22 23:00:00,-43.75,172.75,0,0001,100971.44
2020-08-23 00:00:00,-43.75,172.75,0,0001,100901.56
2020-08-23 01:00:00,-43.75,172.75,0,0001,100807.125
2020-08-23 02:00:00,-43.75,172.75,0,0001,100713.0
2020-08-23 03:00:00,-43.75,172.75,0,0001,100641.69
2020-08-23 04:00:00,-43.75,172.75,0,0001,100615.5
2020-08-23 05:00:00,-43.75,172.75,0,0001,100537.125
2020-08-23 06:00:00,-43.75,172.75,0,0001,100500.31
2020-08-23 07:00:00,-43.75,172.75,0,0001,100436.0
2020-08-23 08:00:00,-43.75,172.75,0,0001,100371.94
2020-08-23 09:00:00,-43.75,172.75,0,0001,100253.19
2020-08-23 10:00:00,-43.75,172.75,0,0001,100230.06
2020-08-23 11:00:00,-43.75,172.75,0,0001,100061.75
2020-08-23 12:00:00,-43.75,172.75,0,0001,99950.5
2020-08-23 13:00:00,-43.75,172.75,0,0001,99831.5
2020-08-23 14:00:00,-43.75,172.75,0,0001,99716.56
2020-08-23 15:00:00,-43.75,172.75,0,0001,99571.69
2020-08-23 16:00:00,-43.75,172.75,0,0001,99445.375
2020-08-23 17:00:00,-43.75,172.75,0,0001,99359.06
2020-08-23 18:00:00,-43.75,172.75,0,0001,99278.625
2020-08-23 19:00:00,-43.75,172.75,0,0001,99214.5
2020-08-23 20:00:00,-43.75,172.75,0,0001,99193.19
2020-08-23 21:00:00,-43.75,172.75,0,0001,99160.0
2020-08-23 22:00:00,-43.75,172.75,0,0001,99148.125
2020-08-23 23:00:00,-43.75,172.75,0,0001,99095.375
2020-08-24 00:00:00,-43.75,172.75,0,0001,99070.125
2020-08-24 01:00:00,-43.75,172.75,0,0001,99018.56
2020-08-24 02:00:00,-43.75,172.75,0,0001,98956.19
2020-08-24 03:00:00,-43.75,172.75,0,0001,98944.19
2020-08-24 04:00:00,-43.75,172.75,0,0001,98934.81
2020-08-24 05:00:00,-43.75,172.75,0,0001,98985.125
2020-08-24 06:00:00,-43.75,172.75,0,0001,99035.375
2020-08-24 07:00:00,-43.75,172.75,0,0001,99075.25
2020-08-24 08:00:00,-43.75,172.75,0,0001,99095.25
2020-08-24 09:00:00,-43.75,172.75,0,0001,99119.19
2020-08-24 10:00:00,-43.75,172.75,0,0001,99189.19
2020-08-24 11:00:00,-43.75,172.75,0,0001,99202.25
2020-08-24 12:00:00,-43.75,172.75,0,0001,99262.75
2020-08-24 13:00:00,-43.75,172.75,0,0001,99321.125
2020-08-24 14:00:00,-43.75,172.75,0,0001,99377.375
2020-08-24 15:00:00,-43.75,172.75,0,0001,99386.625
2020-08-24 16:00:00,-43.75,172.75,0,0001,99391.31
2020-08-24 17:00:00,-43.75,172.75,0,0001,99426.31
2020-08-24 18:00:00,-43.75,172.75,0,0001,99511.81
2020-08-24 19:00:00,-43.75,172.75,0,0001,99607.31
2020-08-24 20:00:00,-43.75,172.75,0,0001,99664.06
2020-08-24 21:00:00,-43.75,172.75,0,0001,99761.69
2020-08-24 22:00:00,-43.75,172.75,0,0001,99832.94
2020-08-24 23:00:00,-43.75,172.75,0,0001,99885.75
2020-08-25 00:00:00,-43.75,172.75,0,0001,99911.125
2020-08-25 01:00:00,-43.75,172.75,0,0001,99946.75
2020-08-25 02:00:00,-43.75,172.75,0,0001,100012.125
2020-08-25 03:00:00,-43.75,172.75,0,0001,100053.125
2020-08-25 04:00:00,-43.75,172.75,0,0001,100136.75
2020-08-25 05:00:00,-43.75,172.75,0,0001,100216.125
2020-08-25 06:00:00,-43.75,172.75,0,0001,100314.69
2020-08-25 07:00:00,-43.75,172.75,0,0001,100416.625
2020-08-25 08:00:00,-43.75,172.75,0,0001,100492.31
2020-08-25 09:00:00,-43.75,172.75,0,0001,100550.0
2020-08-25 10:00:00,-43.75,172.75,0,0001,100623.44
2020-08-25 11:00:00,-43.75,172.75,0,0001,100639.44
2020-08-25 12:00:00,-43.75,172.75,0,0001,100688.5
2020-08-25 13:00:00,-43.75,172.75,0,0001,100697.125
2020-08-25 14:00:00,-43.75,172.75,0,0001,100712.69
2020-08-25 15:00:00,-43.75,172.75,0,0001,100708.69
2020-08-25 16:00:00,-43.75,172.75,0,0001,100684.69
2020-08-25 17:00:00,-43.75,172.75,0,0001,100724.94
2020-08-25 18:00:00,-43.75,172.75,0,0001,100760.625
2020-08-25 19:00:00,-43.75,172.75,0,0001,100818.19
2020-08-25 20:00:00,-43.75,172.75,0,0001,100818.56
2020-08-25 21:00:00,-43.75,172.75,0,0001,100830.31
2020-08-25 22:00:00,-43.75,172.75,0,0001,100793.375
2020-08-25 23:00:00,-43.75,172.75,0,0001,100764.875
2020-08-26 00:00:00,-43.75,172.75,0,0001,100699.5
2020-08-26 01:00:00,-43.75,172.75,0,0001,100594.06
2020-08-26 02:00:00,-43.75,172.75,0,0001,100513.875
2020-08-26 03:00:00,-43.75,172.75,0,0001,100482.19
2020-08-26 04:00:00,-43.75,172.75,0,0001,100461.875
2020-08-26 05:00:00,-43.75,172.75,0,0001,100454.44
2020-08-26 06:00:00,-43.75,172.75,0,0001,100451.125
2020-08-26 07:00:00,-43.75,172.75,0,0001,100450.94
2020-08-26 08:00:00,-43.75,172.75,0,0001,100398.44
2020-08-26 09:00:00,-43.75,172.75,0,0001,100372.625
2020-08-26 10:00:00,-43.75,172.75,0,0001,100328.06
2020-08-26 11:00:00,-43.75,172.75,0,0001,100268.625
2020-08-26 12:00:00,-43.75,172.75,0,0001,100248.69
2020-08-26 13:00:00,-43.75,172.75,0,0001,100252.44
2020-08-26 14:00:00,-43.75,172.75,0,0001,100255.94
2020-08-26 15:00:00,-43.75,172.75,0,0001,100252.875
2020-08-26 16:00:00,-43.75,172.75,0,0001,100300.81
2020-08-26 17:00:00,-43.75,172.75,0,0001,100347.0
2020-08-26 18:00:00,-43.75,172.75,0,0001,100502.81
2020-08-26 19:00:00,-43.75,172.75,0,0001,100619.31
2020-08-26 20:00:00,-43.75,172.75,0,0001,100714.875
2020-08-26 21:00:00,-43.75,172.75,0,0001,100810.0
2020-08-26 22:00:00,-43.75,172.75,0,0001,100867.31
2020-08-26 23:00:00,-43.75,172.75,0,0001,100910.94
2020-08-27 00:00:00,-43.75,172.75,0,0001,100905.06
2020-08-27 01:00:00,-43.75,172.75,0,0001,100909.31
2020-08-27 02:00:00,-43.75,172.75,0,0001,100964.5
2020-08-27 03:00:00,-43.75,172.75,0,0001,100974.31
2020-08-27 04:00:00,-43.75,172.75,0,0001,101027.0
2020-08-27 05:00:00,-43.75,172.75,0,0001,101088.5
2020-08-27 06:00:00,-43.75,172.75,0,0001,101186.25
2020-08-27 07:00:00,-43.75,172.75,0,0001,101248.44
2020-08-27 08:00:00,-43.75,172.75,0,0001,101296.75
2020-08-27 09:00:00,-43.75,172.75,0,0001,101321.0
2020-08-27 10:00:00,-43.75,172.75,0,0001,101330.56
2020-08-27 11:00:00,-43.75,172.75,0,0001,101338.19
2020-08-27 12:00:00,-43.75,172.75,0,0001,101315.06
2020-08-27 13:00:00,-43.75,172.75,0,0001,101298.5
2020-08-27 14:00:00,-43.75,172.75,0,0001,101264.0
2020-08-27 15:00:00,-43.75,172.75,0,0001,101224.94
2020-08-27 16:00:00,-43.75,172.75,0,0001,101172.44
2020-08-27 17:00:00,-43.75,172.75,0,0001,101169.31
2020-08-27 18:00:00,-43.75,172.75,0,0001,101213.06
2020-08-27 19:00:00,-43.75,172.75,0,0001,101207.69
2020-08-27 20:00:00,-43.75,172.75,0,0001,101246.81
2020-08-27 21:00:00,-43.75,172.75,0,0001,101266.375
2020-08-27 22:00:00,-43.75,172.75,0,0001,101213.625
2020-08-27 23:00:00,-43.75,172.75,0,0001,101186.69
2020-08-28 00:00:00,-43.75,172.75,0,0001,101137.0
2020-08-28 01:00:00,-43.75,172.75,0,0001,101032.5
2020-08-28 02:00:00,-43.75,172.75,0,0001,100971.94
2020-08-28 03:00:00,-43.75,172.75,0,0001,100963.56
2020-08-28 04:00:00,-43.75,172.75,0,0001,100917.06
2020-08-28 05:00:00,-43.75,172.75,0,0001,100900.25
2020-08-28 06:00:00,-43.75,172.75,0,0001,100891.69
2020-08-28 07:00:00,-43.75,172.75,0,0001,100913.375
2020-08-28 08:00:00,-43.75,172.75,0,0001,100894.56
2020-08-28 09:00:00,-43.75,172.75,0,0001,100883.625
2020-08-28 10:00:00,-43.75,172.75,0,0001,100781.31
2020-08-28 11:00:00,-43.75,172.75,0,0001,100754.125
2020-08-28 12:00:00,-43.75,172.75,0,0001,100722.94
2020-08-28 13:00:00,-43.75,172.75,0,0001,100710.5
2020-08-28 14:00:00,-43.75,172.75,0,0001,100679.56
2020-08-28 15:00:00,-43.75,172.75,0,0001,100648.69
2020-08-28 16:00:00,-43.75,172.75,0,0001,100683.81
2020-08-28 17:00:00,-43.75,172.75,0,0001,100736.125
2020-08-28 18:00:00,-43.75,172.75,0,0001,100787.5
2020-08-28 19:00:00,-43.75,172.75,0,0001,100894.56
2020-08-28 20:00:00,-43.75,172.75,0,0001,100990.19
2020-08-28 21:00:00,-43.75,172.75,0,0001,101089.625
2020-08-28 22:00:00,-43.75,172.75,0,0001,101124.94
2020-08-28 23:00:00,-43.75,172.75,0,0001,101076.5
2020-08-29 00:00:00,-43.75,172.75,0,0001,100962.81
2020-08-29 01:00:00,-43.75,172.75,0,0001,100824.69
2020-08-29 02:00:00,-43.75,172.75,0,0001,100718.375
2020-08-29 03:00:00,-43.75,172.75,0,0001,100706.375
2020-08-29 04:00:00,-43.75,172.75,0,0001,100643.94
2020-08-29 05:00:00,-43.75,172.75,0,0001,100677.75
2020-08-29 06:00:00,-43.75,172.75,0,0001,100724.625
2020-08-29 07:00:00,-43.75,172.75,0,0001,100795.0
2020-08-29 08:00:00,-43.75,172.75,0,0001,100826.81
2020-08-29 09:00:00,-43.75,172.75,0,0001,100837.375
2020-08-29 10:00:00,-43.75,172.75,0,0001,100860.56
2020-08-29 11:00:00,-43.75,172.75,0,0001,100859.44
2020-08-29 12:00:00,-43.75,172.75,0,0001,100891.19
2020-08-29 13:00:00,-43.75,172.75,0,0001,100920.75
2020-08-29 14:00:00,-43.75,172.75,0,0001,100969.69
2020-08-29 15:00:00,-43.75,172.75,0,0001,100929.25
2020-08-29 16:00:00,-43.75,172.75,0,0001,100931.81
2020-08-29 17:00:00,-43.75,172.75,0,0001,100926.06
2020-08-29 18:00:00,-43.75,172.75,0,0001,100946.06
2020-08-29 19:00:00,-43.75,172.75,0,0001,100961.75
2020-08-29 20:00:00,-43.75,172.75,0,0001,101023.25
2020-08-29 21:00:00,-43.75,172.75,0,0001,101096.19
2020-08-29 22:00:00,-43.75,172.75,0,0001,101109.19
2020-08-29 23:00:00,-43.75,172.75,0,0001,101084.0
2020-08-30 00:00:00,-43.75,172.75,0,0001,101014.56
2020-08-30 01:00:00,-43.75,172.75,0,0001,100946.75
2020-08-30 02:00:00,-43.75,172.75,0,0001,100939.0
2020-08-30 03:00:00,-43.75,172.75,0,0001,100977.25
2020-08-30 04:00:00,-43.75,172.75,0,0001,101029.5
2020-08-30 05:00:00,-43.75,172.75,0,0001,101016.19
2020-08-30 06:00:00,-43.75,172.75,0,0001,101077.69
2020-08-30 07:00:00,-43.75,172.75,0,0001,101129.125
2020-08-30 08:00:00,-43.75,172.75,0,0001,101191.125
2020-08-30 09:00:00,-43.75,172.75,0,0001,101197.625
2020-08-30 10:00:00,-43.75,172.75,0,0001,101245.875
2020-08-30 11:00:00,-43.75,172.75,0,0001,101211.19
2020-08-30 12:00:00,-43.75,172.75,0,0001,101199.44
2020-08-30 13:00:00,-43.75,172.75,0,0001,101127.125
2020-08-30 14:00:00,-43.75,172.75,0,0001,101065.19
2020-08-30 15:00:00,-43.75,172.75,0,0001,101003.0
2020-08-30 16:00:00,-43.75,172.75,0,0001,100899.44
2020-08-30 17:00:00,-43.75,172.75,0,0001,100858.625
2020-08-30 18:00:00,-43.75,172.75,0,0001,100822.19
2020-08-30 19:00:00,-43.75,172.75,0,0001,100813.81
2020-08-30 20:00:00,-43.75,172.75,0,0001,100810.875
2020-08-30 21:00:00,-43.75,172.75,0,0001,100828.31
2020-08-30 22:00:00,-43.75,172.75,0,0001,100806.625
2020-08-30 23:00:00,-43.75,172.75,0,0001,100701.0
2020-08-31 00:00:00,-43.75,172.75,0,0001,100616.19
2020-08-31 01:00:00,-43.75,172.75,0,0001,100553.69
2020-08-31 02:00:00,-43.75,172.75,0,0001,100485.5
2020-08-31 03:00:00,-43.75,172.75,0,0001,100461.75
2020-08-31 04:00:00,-43.75,172.75,0,0001,100436.19
2020-08-31 05:00:00,-43.75,172.75,0,0001,100354.625
2020-08-31 06:00:00,-43.75,172.75,0,0001,100322.06
2020-08-31 07:00:00,-43.75,172.75,0,0001,100265.19
2020-08-31 08:00:00,-43.75,172.75,0,0001,100233.625
2020-08-31 09:00:00,-43.75,172.75,0,0001,100188.81
2020-08-31 10:00:00,-43.75,172.75,0,0001,100092.5
2020-08-31 11:00:00,-43.75,172.75,0,0001,100012.81
2020-08-31 12:00:00,-43.75,172.75,0,0001,99952.81
2020-08-31 13:00:00,-43.75,172.75,0,0001,99884.75
2020-08-31 14:00:00,-43.75,172.75,0,0001,99749.56
2020-08-31 15:00:00,-43.75,172.75,0,0001,99619.06
2020-08-31 16:00:00,-43.75,172.75,0,0001,99742.31
2020-08-31 17:00:00,-43.75,172.75,0,0001,99906.56
2020-08-31 18:00:00,-43.75,172.75,0,0001,100176.5
2020-08-31 19:00:00,-43.75,172.75,0,0001,100320.125
2020-08-31 20:00:00,-43.75,172.75,0,0001,100479.81
2020-08-31 21:00:00,-43.75,172.75,0,0001,100620.0
2020-08-31 22:00:00,-43.75,172.75,0,0001,100769.25
2020-08-31 23:00:00,-43.75,172.75,0,0001,100864.0
2020-09-01 00:00:00,-43.75,172.75,0,0001,100907.75
2020-09-01 01:00:00,-43.75,172.75,0,0001,100922.94
2020-09-01 02:00:00,-43.75,172.75,0,0001,100972.31
2020-09-01 03:00:00,-43.75,172.75,0,0001,101028.19
2020-09-01 04:00:00,-43.75,172.75,0,0001,101072.875
2020-09-01 05:00:00,-43.75,172.75,0,0001,101130.69
2020-09-01 06:00:00,-43.75,172.75,0,0001,101206.81
2020-09-01 07:00:00,-43.75,172.75,0,0001,101306.125
2020-09-01 08:00:00,-43.75,172.75,0,0001,101359.31
2020-09-01 09:00:00,-43.75,172.75,0,0001,101420.56
2020-09-01 10:00:00,-43.75,172.75,0,0001,101476.94
2020-09-01 11:00:00,-43.75,172.75,0,0001,101477.44
2020-09-01 12:00:00,-43.75,172.75,0,0001,101522.0
2020-09-01 13:00:00,-43.75,172.75,0,0001,101586.81
2020-09-01 14:00:00,-43.75,172.75,0,0001,101642.19
2020-09-01 15:00:00,-43.75,172.75,0,0001,101650.94
2020-09-01 16:00:00,-43.75,172.75,0,0001,101678.69
2020-09-01 17:00:00,-43.75,172.75,0,0001,101721.56
2020-09-01 18:00:00,-43.75,172.75,0,0001,101769.0
2020-09-01 19:00:00,-43.75,172.75,0,0001,101822.06
2020-09-01 20:00:00,-43.75,172.75,0,0001,101903.75
2020-09-01 21:00:00,-43.75,172.75,0,0001,101949.75
2020-09-01 22:00:00,-43.75,172.75,0,0001,101963.5
2020-09-01 23:00:00,-43.75,172.75,0,0001,101917.75
2020-09-02 00:00:00,-43.75,172.75,0,0001,101885.56
2020-09-02 01:00:00,-43.75,172.75,0,0001,101864.75
2020-09-02 02:00:00,-43.75,172.75,0,0001,101815.06
2020-09-02 03:00:00,-43.75,172.75,0,0001,101837.125
2020-09-02 04:00:00,-43.75,172.75,0,0001,101889.125
2020-09-02 05:00:00,-43.75,172.75,0,0001,101915.75
2020-09-02 06:00:00,-43.75,172.75,0,0001,101986.875
2020-09-02 07:00:00,-43.75,172.75,0,0001,102026.56
2020-09-02 08:00:00,-43.75,172.75,0,0001,102103.94
2020-09-02 09:00:00,-43.75,172.75,0,0001,102196.69
2020-09-02 10:00:00,-43.75,172.75,0,0001,102240.31
2020-09-02 11:00:00,-43.75,172.75,0,0001,102249.56
2020-09-02 12:00:00,-43.75,172.75,0,0001,102304.44
2020-09-02 13:00:00,-43.75,172.75,0,0001,102308.94
2020-09-02 14:00:00,-43.75,172.75,0,0001,102360.875
2020-09-02 15:00:00,-43.75,172.75,0,0001,102376.75
2020-09-02 16:00:00,-43.75,172.75,0,0001,102367.0
2020-09-02 17:00:00,-43.75,172.75,0,0001,102435.25
2020-09-02 18:00:00,-43.75,172.75,0,0001,102478.94
2020-09-02 19:00:00,-43.75,172.75,0,0001,102518.875
2020-09-02 20:00:00,-43.75,172.75,0,0001,102559.875
2020-09-02 21:00:00,-43.75,172.75,0,0001,102602.19
2020-09-02 22:00:00,-43.75,172.75,0,0001,102651.06
2020-09-02 23:00:00,-43.75,172.75,0,0001,102612.44
2020-09-03 00:00:00,-43.75,172.75,0,0001,102612.06
2020-09-03 01:00:00,-43.75,172.75,0,0001,102545.56
2020-09-03 02:00:00,-43.75,172.75,0,0001,102510.0
2020-09-03 03:00:00,-43.75,172.75,0,0001,102483.44
2020-09-03 04:00:00,-43.75,172.75,0,0001,102514.75
2020-09-03 05:00:00,-43.75,172.75,0,0001,102488.875
2020-09-03 06:00:00,-43.75,172.75,0,0001,102523.5
2020-09-03 07:00:00,-43.75,172.75,0,0001,102543.5
2020-09-03 08:00:00,-43.75,172.75,0,0001,102551.875
2020-09-03 09:00:00,-43.75,172.75,0,0001,102561.5
2020-09-03 10:00:00,-43.75,172.75,0,0001,102545.69
2020-09-03 11:00:00,-43.75,172.75,0,0001,102513.125
2020-09-03 12:00:00,-43.75,172.75,0,0001,102454.75
2020-09-03 13:00:00,-43.75,172.75,0,0001,102378.06
2020-09-03 14:00:00,-43.75,172.75,0,0001,102303.56
2020-09-03 15:00:00,-43.75,172.75,0,0001,102189.69
2020-09-03 16:00:00,-43.75,172.75,0,0001,102098.375
2020-09-03 17:00:00,-43.75,172.75,0,0001,102069.19
2020-09-03 18:00:00,-43.75,172.75,0,0001,102011.69
2020-09-03 19:00:00,-43.75,172.75,0,0001,101955.69
2020-09-03 20:00:00,-43.75,172.75,0,0001,101965.44
2020-09-03 21:00:00,-43.75,172.75,0,0001,101955.94
2020-09-03 22:00:00,-43.75,172.75,0,0001,101827.31
2020-09-03 23:00:00,-43.75,172.75,0,0001,101778.69
2020-09-04 00:00:00,-43.75,172.75,0,0001,101690.44
2020-09-04 01:00:00,-43.75,172.75,0,0001,101602.31
2020-09-04 02:00:00,-43.75,172.75,0,0001,101511.625
2020-09-04 03:00:00,-43.75,172.75,0,0001,101428.06
2020-09-04 04:00:00,-43.75,172.75,0,0001,101353.875
2020-09-04 05:00:00,-43.75,172.75,0,0001,101370.0
2020-09-04 06:00:00,-43.75,172.75,0,0001,101403.69
2020-09-04 07:00:00,-43.75,172.75,0,0001,101357.31
2020-09-04 08:00:00,-43.75,172.75,0,0001,101341.81
2020-09-04 09:00:00,-43.75,172.75,0,0001,101313.75
2020-09-04 10:00:00,-43.75,172.75,0,0001,101237.81
2020-09-04 11:00:00,-43.75,172.75,0,0001,101196.56
2020-09-04 12:00:00,-43.75,172.75,0,0001,101138.875
2020-09-04 13:00:00,-43.75,172.75,0,0001,101130.375
2020-09-04 14:00:00,-43.75,172.75,0,0001,101164.94
2020-09-04 15:00:00,-43.75,172.75,0,0001,101127.0
2020-09-04 16:00:00,-43.75,172.75,0,0001,101162.31
2020-09-04 17:00:00,-43.75,172.75,0,0001,101222.31
2020-09-04 18:00:00,-43.75,172.75,0,0001,101242.625
2020-09-04 19:00:00,-43.75,172.75,0,0001,101282.69
2020-09-04 20:00:00,-43.75,172.75,0,0001,101367.31
2020-09-04 21:00:00,-43.75,172.75,0,0001,101419.06
2020-09-04 22:00:00,-43.75,172.75,0,0001,101401.75
2020-09-04 23:00:00,-43.75,172.75,0,0001,101421.875
2020-09-05 00:00:00,-43.75,172.75,0,0001,101396.75
2020-09-05 01:00:00,-43.75,172.75,0,0001,101357.625
2020-09-05 02:00:00,-43.75,172.75,0,0001,101312.81
2020-09-05 03:00:00,-43.75,172.75,0,0001,101315.19
2020-09-05 04:00:00,-43.75,172.75,0,0001,101318.81
2020-09-05 05:00:00,-43.75,172.75,0,0001,101339.25
2020-09-05 06:00:00,-43.75,172.75,0,0001,101352.375
2020-09-05 07:00:00,-43.75,172.75,0,0001,101383.56
2020-09-05 08:00:00,-43.75,172.75,0,0001,101389.125
2020-09-05 09:00:00,-43.75,172.75,0,0001,101363.94
2020-09-05 10:00:00,-43.75,172.75,0,0001,101282.69
2020-09-05 11:00:00,-43.75,172.75,0,0001,101253.44
2020-09-05 12:00:00,-43.75,172.75,0,0001,101192.81
2020-09-05 13:00:00,-43.75,172.75,0,0001,101139.56
2020-09-05 14:00:00,-43.75,172.75,0,0001,101109.625
2020-09-05 15:00:00,-43.75,172.75,0,0001,101028.625
2020-09-05 16:00:00,-43.75,172.75,0,0001,100944.44
2020-09-05 17:00:00,-43.75,172.75,0,0001,100921.75
2020-09-05 18:00:00,-43.75,172.75,0,0001,100882.0
2020-09-05 19:00:00,-43.75,172.75,0,0001,100913.875
2020-09-05 20:00:00,-43.75,172.75,0,0001,100956.875
2020-09-05 21:00:00,-43.75,172.75,0,0001,100985.0
2020-09-05 22:00:00,-43.75,172.75,0,0001,101016.25
2020-09-05 23:00:00,-43.75,172.75,0,0001,100978.75
2020-09-06 00:00:00,-43.75,172.75,0,0001,100983.75
2020-09-06 01:00:00,-43.75,172.75,0,0001,100956.125
2020-09-06 02:00:00,-43.75,172.75,0,0001,100955.31
2020-09-06 03:00:00,-43.75,172.75,0,0001,100995.06
2020-09-06 04:00:00,-43.75,172.75,0,0001,101072.94
2020-09-06 05:00:00,-43.75,172.75,0,0001,101268.125
2020-09-06 06:00:00,-43.75,172.75,0,0001,101512.875
2020-09-06 07:00:00,-43.75,172.75,0,0001,101682.69
2020-09-06 08:00:00,-43.75,172.75,0,0001,101839.94
2020-09-06 09:00:00,-43.75,172.75,0,0001,101970.56
2020-09-06 10:00:00,-43.75,172.75,0,0001,102171.25
2020-09-06 11:00:00,-43.75,172.75,0,0001,102231.31
2020-09-06 12:00:00,-43.75,172.75,0,0001,102323.94
2020-09-06 13:00:00,-43.75,172.75,0,0001,102430.19
2020-09-06 14:00:00,-43.75,172.75,0,0001,102517.0
2020-09-06 15:00:00,-43.75,172.75,0,0001,102581.125
2020-09-06 16:00:00,-43.75,172.75,0,0001,102649.0
2020-09-06 17:00:00,-43.75,172.75,0,0001,102714.19
2020-09-06 18:00:00,-43.75,172.75,0,0001,102832.375
2020-09-06 19:00:00,-43.75,172.75,0,0001,102888.31
2020-09-06 20:00:00,-43.75,172.75,0,0001,103025.125
2020-09-06 21:00:00,-43.75,172.75,0,0001,103069.94
2020-09-06 22:00:00,-43.75,172.75,0,0001,103141.19
2020-09-06 23:00:00,-43.75,172.75,0,0001,103168.81
2020-09-07 00:00:00,-43.75,172.75,0,0001,103181.94
2020-09-07 01:00:00,-43.75,172.75,0,0001,103166.5
2020-09-07 02:00:00,-43.75,172.75,0,0001,103144.56
2020-09-07 03:00:00,-43.75,172.75,0,0001,103180.5
2020-09-07 04:00:00,-43.75,172.75,0,0001,103178.31
2020-09-07 05:00:00,-43.75,172.75,0,0001,103188.625
2020-09-07 06:00:00,-43.75,172.75,0,0001,103250.125
2020-09-07 07:00:00,-43.75,172.75,0,0001,103311.0
2020-09-07 08:00:00,-43.75,172.75,0,0001,103357.5
2020-09-07 09:00:00,-43.75,172.75,0,0001,103345.19
2020-09-07 10:00:00,-43.75,172.75,0,0001,103343.125
2020-09-07 11:00:00,-43.75,172.75,0,0001,103348.31
2020-09-07 12:00:00,-43.75,172.75,0,0001,103324.375
2020-09-07 13:00:00,-43.75,172.75,0,0001,103346.375
2020-09-07 14:00:00,-43.75,172.75,0,0001,103318.25
2020-09-07 15:00:00,-43.75,172.75,0,0001,103244.19
2020-09-07 16:00:00,-43.75,172.75,0,0001,103213.875
2020-09-07 17:00:00,-43.75,172.75,0,0001,103190.56
2020-09-07 18:00:00,-43.75,172.75,0,0001,103187.69
2020-09-07 19:00:00,-43.75,172.75,0,0001,103149.56
2020-09-07 20:00:00,-43.75,172.75,0,0001,103166.875
2020-09-07 21:00:00,-43.75,172.75,0,0001,103164.81
2020-09-07 22:00:00,-43.75,172.75,0,0001,103137.75
2020-09-07 23:00:00,-43.75,172.75,0,0001,103098.69
2020-09-08 00:00:00,-43.75,172.75,0,0001,103020.69
2020-09-08 01:00:00,-43.75,172.75,0,0001,102927.5
2020-09-08 02:00:00,-43.75,172.75,0,0001,102810.44
2020-09-08 03:00:00,-43.75,172.75,0,0001,102754.81
2020-09-08 04:00:00,-43.75,172.75,0,0001,102669.75
2020-09-08 05:00:00,-43.75,172.75,0,0001,102614.875
2020-09-08 06:00:00,-43.75,172.75,0,0001,102538.44
2020-09-08 07:00:00,-43.75,172.75,0,0001,102491.0
2020-09-08 08:00:00,-43.75,172.75,0,0001,102421.125
2020-09-08 09:00:00,-43.75,172.75,0,0001,102358.875
2020-09-08 10:00:00,-43.75,172.75,0,0001,102283.875
2020-09-08 11:00:00,-43.75,172.75,0,0001,102179.44
2020-09-08 12:00:00,-43.75,172.75,0,0001,102078.5
2020-09-08 13:00:00,-43.75,172.75,0,0001,102039.625
2020-09-08 14:00:00,-43.75,172.75,0,0001,101943.19
2020-09-08 15:00:00,-43.75,172.75,0,0001,101826.56
2020-09-08 16:00:00,-43.75,172.75,0,0001,101745.31
2020-09-08 17:00:00,-43.75,172.75,0,0001,101686.69
2020-09-08 18:00:00,-43.75,172.75,0,0001,101628.625
2020-09-08 19:00:00,-43.75,172.75,0,0001,101587.5
2020-09-08 20:00:00,-43.75,172.75,0,0001,101547.625
2020-09-08 21:00:00,-43.75,172.75,0,0001,101456.25
2020-09-08 22:00:00,-43.75,172.75,0,0001,101403.125
2020-09-08 23:00:00,-43.75,172.75,0,0001,101317.69
2020-09-09 00:00:00,-43.75,172.75,0,0001,101245.19
2020-09-09 01:00:00,-43.75,172.75,0,0001,101174.81
2020-09-09 02:00:00,-43.75,172.75,0,0001,101111.625
2020-09-09 03:00:00,-43.75,172.75,0,0001,101104.25
2020-09-09 04:00:00,-43.75,172.75,0,0001,101070.06
2020-09-09 05:00:00,-43.75,172.75,0,0001,101124.0
2020-09-09 06:00:00,-43.75,172.75,0,0001,101163.0
2020-09-09 07:00:00,-43.75,172.75,0,0001,101179.875
2020-09-09 08:00:00,-43.75,172.75,0,0001,101185.69
2020-09-09 09:00:00,-43.75,172.75,0,0001,101156.375
2020-09-09 10:00:00,-43.75,172.75,0,0001,101152.56
2020-09-09 11:00:00,-43.75,172.75,0,0001,101100.5
2020-09-09 12:00:00,-43.75,172.75,0,0001,101097.81
2020-09-09 13:00:00,-43.75,172.75,0,0001,101118.625
2020-09-09 14:00:00,-43.75,172.75,0,0001,101109.69
2020-09-09 15:00:00,-43.75,172.75,0,0001,101089.75
2020-09-09 16:00:00,-43.75,172.75,0,0001,101081.44
2020-09-09 17:00:00,-43.75,172.75,0,0001,101093.19
2020-09-09 18:00:00,-43.75,172.75,0,0001,101124.06
2020-09-09 19:00:00,-43.75,172.75,0,0001,101192.75
2020-09-09 20:00:00,-43.75,172.75,0,0001,101230.69
2020-09-09 21:00:00,-43.75,172.75,0,0001,101269.81
2020-09-09 22:00:00,-43.75,172.75,0,0001,101316.94
2020-09-09 23:00:00,-43.75,172.75,0,0001,101310.625
2020-09-10 00:00:00,-43.75,172.75,0,0001,101256.56
2020-09-10 01:00:00,-43.75,172.75,0,0001,101244.56
2020-09-10 02:00:00,-43.75,172.75,0,0001,101200.81
2020-09-10 03:00:00,-43.75,172.75,0,0001,101213.56
2020-09-10 04:00:00,-43.75,172.75,0,0001,101239.5
2020-09-10 05:00:00,-43.75,172.75,0,0001,101286.625
2020-09-10 06:00:00,-43.75,172.75,0,0001,101392.44
2020-09-10 07:00:00,-43.75,172.75,0,0001,101482.25
2020-09-10 08:00:00,-43.75,172.75,0,0001,101570.75
2020-09-10 09:00:00,-43.75,172.75,0,0001,101612.44
2020-09-10 10:00:00,-43.75,172.75,0,0001,101660.125
2020-09-10 11:00:00,-43.75,172.75,0,0001,101708.56
2020-09-10 12:00:00,-43.75,172.75,0,0001,101738.44
2020-09-10 13:00:00,-43.75,172.75,0,0001,101795.56
2020-09-10 14:00:00,-43.75,172.75,0,0001,101850.94
2020-09-10 15:00:00,-43.75,172.75,0,0001,101871.69
2020-09-10 16:00:00,-43.75,172.75,0,0001,101912.875
2020-09-10 17:00:00,-43.75,172.75,0,0001,101990.31
2020-09-10 18:00:00,-43.75,172.75,0,0001,102150.125
2020-09-10 19:00:00,-43.75,172.75,0,0001,102234.125
2020-09-10 20:00:00,-43.75,172.75,0,0001,102373.44
2020-09-10 21:00:00,-43.75,172.75,0,0001,102438.19
2020-09-10 22:00:00,-43.75,172.75,0,0001,102558.81
2020-09-10 23:00:00,-43.75,172.75,0,0001,102633.25
2020-09-11 00:00:00,-43.75,172.75,0,0001,102675.875
2020-09-11 01:00:00,-43.75,172.75,0,0001,102678.56
2020-09-11 02:00:00,-43.75,172.75,0,0001,102682.69
2020-09-11 03:00:00,-43.75,172.75,0,0001,102731.625
2020-09-11 04:00:00,-43.75,172.75,0,0001,102760.25
2020-09-11 05:00:00,-43.75,172.75,0,0001,102845.94
2020-09-11 06:00:00,-43.75,172.75,0,0001,102926.06
2020-09-11 07:00:00,-43.75,172.75,0,0001,102941.5
2020-09-11 08:00:00,-43.75,172.75,0,0001,102988.125
2020-09-11 09:00:00,-43.75,172.75,0,0001,103022.81
2020-09-11 10:00:00,-43.75,172.75,0,0001,103082.625
2020-09-11 11:00:00,-43.75,172.75,0,0001,103028.69
2020-09-11 12:00:00,-43.75,172.75,0,0001,102994.0
2020-09-11 13:00:00,-43.75,172.75,0,0001,102974.69
2020-09-11 14:00:00,-43.75,172.75,0,0001,102938.94
2020-09-11 15:00:00,-43.75,172.75,0,0001,102891.94
2020-09-11 16:00:00,-43.75,172.75,0,0001,102782.875
2020-09-11 17:00:00,-43.75,172.75,0,0001,102771.375
2020-09-11 18:00:00,-43.75,172.75,0,0001,102786.5
2020-09-11 19:00:00,-43.75,172.75,0,0001,102782.69
2020-09-11 20:00:00,-43.75,172.75,0,0001,102779.56
2020-09-11 21:00:00,-43.75,172.75,0,0001,102772.75
2020-09-11 22:00:00,-43.75,172.75,0,0001,102727.94
2020-09-11 23:00:00,-43.75,172.75,0,0001,102676.56
2020-09-12 00:00:00,-43.75,172.75,0,0001,102597.0
2020-09-12 01:00:00,-43.75,172.75,0,0001,102511.75
2020-09-12 02:00:00,-43.75,172.75,0,0001,102410.25
2020-09-12 03:00:00,-43.75,172.75,0,0001,102347.69
2020-09-12 04:00:00,-43.75,172.75,0,0001,102307.125
2020-09-12 05:00:00,-43.75,172.75,0,0001,102293.94
2020-09-12 06:00:00,-43.75,172.75,0,0001,102256.375
2020-09-12 07:00:00,-43.75,172.75,0,0001,102221.44
2020-09-12 08:00:00,-43.75,172.75,0,0001,102197.5
2020-09-12 09:00:00,-43.75,172.75,0,0001,102192.0
2020-09-12 10:00:00,-43.75,172.75,0,0001,102164.0
2020-09-12 11:00:00,-43.75,172.75,0,0001,102145.75
2020-09-12 12:00:00,-43.75,172.75,0,0001,102115.06
2020-09-12 13:00:00,-43.75,172.75,0,0001,102149.25
2020-09-12 14:00:00,-43.75,172.75,0,0001,102113.625
2020-09-12 15:00:00,-43.75,172.75,0,0001,102043.56
2020-09-12 16:00:00,-43.75,172.75,0,0001,102017.31
2020-09-12 17:00:00,-43.75,172.75,0,0001,102019.81
2020-09-12 18:00:00,-43.75,172.75,0,0001,102064.25
2020-09-12 19:00:00,-43.75,172.75,0,0001,102095.94
2020-09-12 20:00:00,-43.75,172.75,0,0001,102102.06
2020-09-12 21:00:00,-43.75,172.75,0,0001,102066.625
2020-09-12 22:00:00,-43.75,172.75,0,0001,102007.625
2020-09-12 23:00:00,-43.75,172.75,0,0001,101928.0
2020-09-13 00:00:00,-43.75,172.75,0,0001,101869.0
2020-09-13 01:00:00,-43.75,172.75,0,0001,101810.31
2020-09-13 02:00:00,-43.75,172.75,0,0001,101678.75
2020-09-13 03:00:00,-43.75,172.75,0,0001,101632.44
2020-09-13 04:00:00,-43.75,172.75,0,0001,101586.0
2020-09-13 05:00:00,-43.75,172.75,0,0001,101582.44
2020-09-13 06:00:00,-43.75,172.75,0,0001,101571.75
2020-09-13 07:00:00,-43.75,172.75,0,0001,101550.56
2020-09-13 08:00:00,-43.75,172.75,0,0001,101570.56
2020-09-13 09:00:00,-43.75,172.75,0,0001,101549.75
2020-09-13 10:00:00,-43.75,172.75,0,0001,101451.125
2020-09-13 11:00:00,-43.75,172.75,0,0001,101471.94
2020-09-13 12:00:00,-43.75,172.75,0,0001,101437.69
2020-09-13 13:00:00,-43.75,172.75,0,0001,101389.81
2020-09-13 14:00:00,-43.75,172.75,0,0001,101363.375
2020-09-13 15:00:00,-43.75,172.75,0,0001,101330.31
2020-09-13 16:00:00,-43.75,172.75,0,0001,101221.94
2020-09-13 17:00:00,-43.75,172.75,0,0001,101227.125
2020-09-13 18:00:00,-43.75,172.75,0,0001,101185.25
2020-09-13 19:00:00,-43.75,172.75,0,0001,101168.81
2020-09-13 20:00:00,-43.75,172.75,0,0001,101119.56
2020-09-13 21:00:00,-43.75,172.75,0,0001,101111.31
2020-09-13 22:00:00,-43.75,172.75,0,0001,101006.625
2020-09-13 23:00:00,-43.75,172.75,0,0001,100921.25
2020-09-14 00:00:00,-43.75,172.75,0,0001,100783.375
2020-09-14 01:00:00,-43.75,172.75,0,0001,100713.75
2020-09-14 02:00:00,-43.75,172.75,0,0001,100587.875
2020-09-14 03:00:00,-43.75,172.75,0,0001,100505.69
2020-09-14 04:00:00,-43.75,172.75,0,0001,100406.69
2020-09-14 05:00:00,-43.75,172.75,0,0001,100315.69
2020-09-14 06:00:00,-43.75,172.75,0,0001,100249.75
2020-09-14 07:00:00,-43.75,172.75,0,0001,100229.56
2020-09-14 08:00:00,-43.75,172.75,0,0001,100189.25
2020-09-14 09:00:00,-43.75,172.75,0,0001,100147.44
2020-09-14 10:00:00,-43.75,172.75,0,0001,100186.125
2020-09-14 11:00:00,-43.75,172.75,0,0001,100155.69
2020-09-14 12:00:00,-43.75,172.75,0,0001,100101.0
2020-09-14 13:00:00,-43.75,172.75,0,0001,100042.125
2020-09-14 14:00:00,-43.75,172.75,0,0001,99980.0
2020-09-14 15:00:00,-43.75,172.75,0,0001,99922.125
2020-09-14 16:00:00,-43.75,172.75,0,0001,99853.69
2020-09-14 17:00:00,-43.75,172.75,0,0001,99901.75
2020-09-14 18:00:00,-43.75,172.75,0,0001,99918.625
2020-09-14 19:00:00,-43.75,172.75,0,0001,99975.81
2020-09-14 20:00:00,-43.75,172.75,0,0001,100027.44
2020-09-14 21:00:00,-43.75,172.75,0,0001,100068.25
2020-09-14 22:00:00,-43.75,172.75,0,0001,100006.25
2020-09-14 23:00:00,-43.75,172.75,0,0001,99930.06
2020-09-15 00:00:00,-43.75,172.75,0,0001,99880.375
2020-09-15 01:00:00,-43.75,172.75,0,0001,99796.19
2020-09-15 02:00:00,-43.75,172.75,0,0001,99749.375
2020-09-15 03:00:00,-43.75,172.75,0,0001,99737.44
2020-09-15 04:00:00,-43.75,172.75,0,0001,99809.375
2020-09-15 05:00:00,-43.75,172.75,0,0001,99759.625
2020-09-15 06:00:00,-43.75,172.75,0,0001,99813.69
2020-09-15 07:00:00,-43.75,172.75,0,0001,99853.375
2020-09-15 08:00:00,-43.75,172.75,0,0001,99931.44
2020-09-15 09:00:00,-43.75,172.75,0,0001,100063.69
2020-09-15 10:00:00,-43.75,172.75,0,0001,100243.875
2020-09-15 11:00:00,-43.75,172.75,0,0001,100398.94
2020-09-15 12:00:00,-43.75,172.75,0,0001,100543.94
2020-09-15 13:00:00,-43.75,172.75,0,0001,100625.875
2020-09-15 14:00:00,-43.75,172.75,0,0001,100682.44
2020-09-15 15:00:00,-43.75,172.75,0,0001,100780.44
2020-09-15 16:00:00,-43.75,172.75,0,0001,100790.31
2020-09-15 17:00:00,-43.75,172.75,0,0001,100927.31
2020-09-15 18:00:00,-43.75,172.75,0,0001,100988.125
2020-09-15 19:00:00,-43.75,172.75,0,0001,101067.69
2020-09-15 20:00:00,-43.75,172.75,0,0001,101177.81
2020-09-15 21:00:00,-43.75,172.75,0,0001,101192.81
2020-09-15 22:00:00,-43.75,172.75,0,0001,101170.5
2020-09-15 23:00:00,-43.75,172.75,0,0001,101082.56
2020-09-16 00:00:00,-43.75,172.75,0,0001,101025.06
2020-09-16 01:00:00,-43.75,172.75,0,0001,100998.0
2020-09-16 02:00:00,-43.75,172.75,0,0001,100941.125
2020-09-16 03:00:00,-43.75,172.75,0,0001,100962.56
2020-09-16 04:00:00,-43.75,172.75,0,0001,100968.25
2020-09-16 05:00:00,-43.75,172.75,0,0001,100997.0
2020-09-16 06:00:00,-43.75,172.75,0,0001,101099.06
2020-09-16 07:00:00,-43.75,172.75,0,0001,101198.56
2020-09-16 08:00:00,-43.75,172.75,0,0001,101275.125
2020-09-16 09:00:00,-43.75,172.75,0,0001,101322.125
2020-09-16 10:00:00,-43.75,172.75,0,0001,101292.94
2020-09-16 11:00:00,-43.75,172.75,0,0001,101305.75
2020-09-16 12:00:00,-43.75,172.75,0,0001,101254.0
2020-09-16 13:00:00,-43.75,172.75,0,0001,101198.0
2020-09-16 14:00:00,-43.75,172.75,0,0001,101150.44
2020-09-16 15:00:00,-43.75,172.75,0,0001,100970.75
2020-09-16 16:00:00,-43.75,172.75,0,0001,100836.375
2020-09-16 17:00:00,-43.75,172.75,0,0001,100762.5
2020-09-16 18:00:00,-43.75,172.75,0,0001,100734.75
2020-09-16 19:00:00,-43.75,172.75,0,0001,100729.0
2020-09-16 20:00:00,-43.75,172.75,0,0001,100682.81
2020-09-16 21:00:00,-43.75,172.75,0,0001,100641.25
2020-09-16 22:00:00,-43.75,172.75,0,0001,100615.375
2020-09-16 23:00:00,-43.75,172.75,0,0001,100604.31
2020-09-17 00:00:00,-43.75,172.75,0,0001,100573.06
2020-09-17 01:00:00,-43.75,172.75,0,0001,100524.81
2020-09-17 02:00:00,-43.75,172.75,0,0001,100414.56
2020-09-17 03:00:00,-43.75,172.75,0,0001,100430.94
2020-09-17 04:00:00,-43.75,172.75,0,0001,100397.19
2020-09-17 05:00:00,-43.75,172.75,0,0001,100446.0
2020-09-17 06:00:00,-43.75,172.75,0,0001,100484.19
2020-09-17 07:00:00,-43.75,172.75,0,0001,100596.25
2020-09-17 08:00:00,-43.75,172.75,0,0001,100798.19
2020-09-17 09:00:00,-43.75,172.75,0,0001,100928.81
2020-09-17 10:00:00,-43.75,172.75,0,0001,101102.0
2020-09-17 11:00:00,-43.75,172.75,0,0001,101218.375
2020-09-17 12:00:00,-43.75,172.75,0,0001,101335.5
2020-09-17 13:00:00,-43.75,172.75,0,0001,101362.81
2020-09-17 14:00:00,-43.75,172.75,0,0001,101363.5
2020-09-17 15:00:00,-43.75,172.75,0,0001,101340.06
2020-09-17 16:00:00,-43.75,172.75,0,0001,101309.375
2020-09-17 17:00:00,-43.75,172.75,0,0001,101351.56
2020-09-17 18:00:00,-43.75,172.75,0,0001,101350.69
2020-09-17 19:00:00,-43.75,172.75,0,0001,101397.0
2020-09-17 20:00:00,-43.75,172.75,0,0001,101439.0
2020-09-17 21:00:00,-43.75,172.75,0,0001,101402.06
2020-09-17 22:00:00,-43.75,172.75,0,0001,101428.44
2020-09-17 23:00:00,-43.75,172.75,0,0001,101311.875
2020-09-18 00:00:00,-43.75,172.75,0,0001,101235.875
2020-09-18 01:00:00,-43.75,172.75,0,0001,101068.5
2020-09-18 02:00:00,-43.75,172.75,0,0001,100974.19
2020-09-18 03:00:00,-43.75,172.75,0,0001,100926.25
2020-09-18 04:00:00,-43.75,172.75,0,0001,100895.81
2020-09-18 05:00:00,-43.75,172.75,0,0001,100905.44
2020-09-18 06:00:00,-43.75,172.75,0,0001,100958.06
2020-09-18 07:00:00,-43.75,172.75,0,0001,101017.56
2020-09-18 08:00:00,-43.75,172.75,0,0001,101124.19
2020-09-18 09:00:00,-43.75,172.75,0,0001,101174.31
2020-09-18 10:00:00,-43.75,172.75,0,0001,101268.69
2020-09-18 11:00:00,-43.75,172.75,0,0001,101312.75
2020-09-18 12:00:00,-43.75,172.75,0,0001,101354.94
2020-09-18 13:00:00,-43.75,172.75,0,0001,101432.75
2020-09-18 14:00:00,-43.75,172.75,0,0001,101474.875
2020-09-18 15:00:00,-43.75,172.75,0,0001,101503.81
2020-09-18 16:00:00,-43.75,172.75,0,0001,101558.56
2020-09-18 17:00:00,-43.75,172.75,0,0001,101655.75
2020-09-18 18:00:00,-43.75,172.75,0,0001,101782.44
2020-09-18 19:00:00,-43.75,172.75,0,0001,101876.81
2020-09-18 20:00:00,-43.75,172.75,0,0001,101996.69
2020-09-18 21:00:00,-43.75,172.75,0,0001,102057.19
2020-09-18 22:00:00,-43.75,172.75,0,0001,102150.19
2020-09-18 23:00:00,-43.75,172.75,0,0001,102188.125
2020-09-19 00:00:00,-43.75,172.75,0,0001,102220.0
2020-09-19 01:00:00,-43.75,172.75,0,0001,102239.56
2020-09-19 02:00:00,-43.75,172.75,0,0001,102257.06
2020-09-19 03:00:00,-43.75,172.75,0,0001,102347.56
2020-09-19 04:00:00,-43.75,172.75,0,0001,102351.19
2020-09-19 05:00:00,-43.75,172.75,0,0001,102418.625
2020-09-19 06:00:00,-43.75,172.75,0,0001,102487.69
2020-09-19 07:00:00,-43.75,172.75,0,0001,102583.0
2020-09-19 08:00:00,-43.75,172.75,0,0001,102633.19
2020-09-19 09:00:00,-43.75,172.75,0,0001,102686.375
2020-09-19 10:00:00,-43.75,172.75,0,0001,102724.0
2020-09-19 11:00:00,-43.75,172.75,0,0001,102739.44
2020-09-19 12:00:00,-43.75,172.75,0,0001,102713.81
2020-09-19 13:00:00,-43.75,172.75,0,0001,102711.0
2020-09-19 14:00:00,-43.75,172.75,0,0001,102713.31
2020-09-19 15:00:00,-43.75,172.75,0,0001,102682.625
2020-09-19 16:00:00,-43.75,172.75,0,0001,102687.31
2020-09-19 17:00:00,-43.75,172.75,0,0001,102686.44
2020-09-19 18:00:00,-43.75,172.75,0,0001,102724.69
2020-09-19 19:00:00,-43.75,172.75,0,0001,102730.125
2020-09-19 20:00:00,-43.75,172.75,0,0001,102759.375
2020-09-19 21:00:00,-43.75,172.75,0,0001,102722.81
2020-09-19 22:00:00,-43.75,172.75,0,0001,102731.75
2020-09-19 23:00:00,-43.75,172.75,0,0001,102667.125
2020-09-20 00:00:00,-43.75,172.75,0,0001,102617.5
2020-09-20 01:00:00,-43.75,172.75,0,0001,102523.69
2020-09-20 02:00:00,-43.75,172.75,0,0001,102488.19
2020-09-20 03:00:00,-43.75,172.75,0,0001,102466.94
2020-09-20 04:00:00,-43.75,172.75,0,0001,102420.81
2020-09-20 05:00:00,-43.75,172.75,0,0001,102456.125
2020-09-20 06:00:00,-43.75,172.75,0,0001,102451.875
2020-09-20 07:00:00,-43.75,172.75,0,0001,102467.5
2020-09-20 08:00:00,-43.75,172.75,0,0001,102479.31
2020-09-20 09:00:00,-43.75,172.75,0,0001,102495.125
2020-09-20 10:00:00,-43.75,172.75,0,0001,102510.5
2020-09-20 11:00:00,-43.75,172.75,0,0001,102498.44
2020-09-20 12:00:00,-43.75,172.75,0,0001,102508.875
2020-09-20 13:00:00,-43.75,172.75,0,0001,102476.69
2020-09-20 14:00:00,-43.75,172.75,0,0001,102484.81
2020-09-20 15:00:00,-43.75,172.75,0,0001,102401.31
2020-09-20 16:00:00,-43.75,172.75,0,0001,102345.75
2020-09-20 17:00:00,-43.75,172.75,0,0001,102331.31
2020-09-20 18:00:00,-43.75,172.75,0,0001,102356.44
2020-09-20 19:00:00,-43.75,172.75,0,0001,102338.69
2020-09-20 20:00:00,-43.75,172.75,0,0001,102381.875
2020-09-20 21:00:00,-43.75,172.75,0,0001,102345.375
2020-09-20 22:00:00,-43.75,172.75,0,0001,102304.81
2020-09-20 23:00:00,-43.75,172.75,0,0001,102241.5
2020-09-21 00:00:00,-43.75,172.75,0,0001,102136.81
2020-09-21 01:00:00,-43.75,172.75,0,0001,102072.06
2020-09-21 02:00:00,-43.75,172.75,0,0001,102002.81
2020-09-21 03:00:00,-43.75,172.75,0,0001,101933.0
2020-09-21 04:00:00,-43.75,172.75,0,0001,101899.31
2020-09-21 05:00:00,-43.75,172.75,0,0001,101861.19
2020-09-21 06:00:00,-43.75,172.75,0,0001,101873.25
2020-09-21 07:00:00,-43.75,172.75,0,0001,101861.125
2020-09-21 08:00:00,-43.75,172.75,0,0001,101862.5
2020-09-21 09:00:00,-43.75,172.75,0,0001,101875.125
2020-09-21 10:00:00,-43.75,172.75,0,0001,101813.56
2020-09-21 11:00:00,-43.75,172.75,0,0001,101770.81
2020-09-21 12:00:00,-43.75,172.75,0,0001,101697.81
2020-09-21 13:00:00,-43.75,172.75,0,0001,101655.0
2020-09-21 14:00:00,-43.75,172.75,0,0001,101594.5
2020-09-21 15:00:00,-43.75,172.75,0,0001,101510.94
2020-09-21 16:00:00,-43.75,172.75,0,0001,101468.94
2020-09-21 17:00:00,-43.75,172.75,0,0001,101467.56
2020-09-21 18:00:00,-43.75,172.75,0,0001,101451.19
2020-09-21 19:00:00,-43.75,172.75,0,0001,101440.06
2020-09-21 20:00:00,-43.75,172.75,0,0001,101412.31
2020-09-21 21:00:00,-43.75,172.75,0,0001,101384.5
2020-09-21 22:00:00,-43.75,172.75,0,0001,101346.19
2020-09-21 23:00:00,-43.75,172.75,0,0001,101240.875
2020-09-22 00:00:00,-43.75,172.75,0,0001,101152.375
2020-09-22 01:00:00,-43.75,172.75,0,0001,101024.31
2020-09-22 02:00:00,-43.75,172.75,0,0001,100935.94
2020-09-22 03:00:00,-43.75,172.75,0,0001,100885.81
2020-09-22 04:00:00,-43.75,172.75,0,0001,100847.44
2020-09-22 05:00:00,-43.75,172.75,0,0001,100804.375
2020-09-22 06:00:00,-43.75,172.75,0,0001,100746.19
2020-09-22 07:00:00,-43.75,172.75,0,0001,100710.06
2020-09-22 08:00:00,-43.75,172.75,0,0001,100693.875
2020-09-22 09:00:00,-43.75,172.75,0,0001,100626.19
2020-09-22 10:00:00,-43.75,172.75,0,0001,100516.25
2020-09-22 11:00:00,-43.75,172.75,0,0001,100487.94
2020-09-22 12:00:00,-43.75,172.75,0,0001,100411.56
2020-09-22 13:00:00,-43.75,172.75,0,0001,100399.25
2020-09-22 14:00:00,-43.75,172.75,0,0001,100277.5
2020-09-22 15:00:00,-43.75,172.75,0,0001,100146.31
2020-09-22 16:00:00,-43.75,172.75,0,0001,100076.375
2020-09-22 17:00:00,-43.75,172.75,0,0001,100107.625
2020-09-22 18:00:00,-43.75,172.75,0,0001,100197.875
2020-09-22 19:00:00,-43.75,172.75,0,0001,100207.44
2020-09-22 20:00:00,-43.75,172.75,0,0001,100226.69
2020-09-22 21:00:00,-43.75,172.75,0,0001,100164.25
2020-09-22 22:00:00,-43.75,172.75,0,0001,100091.5
2020-09-22 23:00:00,-43.75,172.75,0,0001,100070.5
2020-09-23 00:00:00,-43.75,172.75,0,0001,100005.25
2020-09-23 01:00:00,-43.75,172.75,0,0001,99921.875
2020-09-23 02:00:00,-43.75,172.75,0,0001,99844.5
2020-09-23 03:00:00,-43.75,172.75,0,0001,99846.25
2020-09-23 04:00:00,-43.75,172.75,0,0001,99803.69
2020-09-23 05:00:00,-43.75,172.75,0,0001,99851.81
2020-09-23 06:00:00,-43.75,172.75,0,0001,99875.69
2020-09-23 07:00:00,-43.75,172.75,0,0001,99954.69
2020-09-23 08:00:00,-43.75,172.75,0,0001,100031.94
2020-09-23 09:00:00,-43.75,172.75,0,0001,100093.5
2020-09-23 10:00:00,-43.75,172.75,0,0001,100192.875
2020-09-23 11:00:00,-43.75,172.75,0,0001,100254.0
2020-09-23 12:00:00,-43.75,172.75,0,0001,100270.5
2020-09-23 13:00:00,-43.75,172.75,0,0001,100299.875
2020-09-23 14:00:00,-43.75,172.75,0,0001,100285.625
2020-09-23 15:00:00,-43.75,172.75,0,0001,100256.06
2020-09-23 16:00:00,-43.75,172.75,0,0001,100179.125
2020-09-23 17:00:00,-43.75,172.75,0,0001,100195.75
2020-09-23 18:00:00,-43.75,172.75,0,0001,100209.125
2020-09-23 19:00:00,-43.75,172.75,0,0001,100201.44
2020-09-23 20:00:00,-43.75,172.75,0,0001,100192.75
2020-09-23 21:00:00,-43.75,172.75,0,0001,100170.06
2020-09-23 22:00:00,-43.75,172.75,0,0001,100091.69
2020-09-23 23:00:00,-43.75,172.75,0,0001,100065.56
2020-09-24 00:00:00,-43.75,172.75,0,0001,100048.875
2020-09-24 01:00:00,-43.75,172.75,0,0001,100002.125
2020-09-24 02:00:00,-43.75,172.75,0,0001,99971.375
2020-09-24 03:00:00,-43.75,172.75,0,0001,99997.0
2020-09-24 04:00:00,-43.75,172.75,0,0001,99997.44
2020-09-24 05:00:00,-43.75,172.75,0,0001,99991.0
2020-09-24 06:00:00,-43.75,172.75,0,0001,99979.75
2020-09-24 07:00:00,-43.75,172.75,0,0001,100033.31
2020-09-24 08:00:00,-43.75,172.75,0,0001,100099.875
2020-09-24 09:00:00,-43.75,172.75,0,0001,100133.44
2020-09-24 10:00:00,-43.75,172.75,0,0001,100141.56
2020-09-24 11:00:00,-43.75,172.75,0,0001,100166.31
2020-09-24 12:00:00,-43.75,172.75,0,0001,100187.0
2020-09-24 13:00:00,-43.75,172.75,0,0001,100191.56
2020-09-24 14:00:00,-43.75,172.75,0,0001,100162.06
2020-09-24 15:00:00,-43.75,172.75,0,0001,100148.25
2020-09-24 16:00:00,-43.75,172.75,0,0001,100086.69
2020-09-24 17:00:00,-43.75,172.75,0,0001,100086.5
2020-09-24 18:00:00,-43.75,172.75,0,0001,100085.19
2020-09-24 19:00:00,-43.75,172.75,0,0001,100093.44
2020-09-24 20:00:00,-43.75,172.75,0,0001,100116.875
2020-09-24 21:00:00,-43.75,172.75,0,0001,100162.0
2020-09-24 22:00:00,-43.75,172.75,0,0001,100179.875
2020-09-24 23:00:00,-43.75,172.75,0,0001,100205.0
2020-09-25 00:00:00,-43.75,172.75,0,0001,100238.19
2020-09-25 01:00:00,-43.75,172.75,0,0001,100242.25
2020-09-25 02:00:00,-43.75,172.75,0,0001,100255.5
2020-09-25 03:00:00,-43.75,172.75,0,0001,100283.875
2020-09-25 04:00:00,-43.75,172.75,0,0001,100302.56
2020-09-25 05:00:00,-43.75,172.75,0,0001,100402.5
2020-09-25 06:00:00,-43.75,172.75,0,0001,100481.125
2020-09-25 07:00:00,-43.75,172.75,0,0001,100658.69
2020-09-25 08:00:00,-43.75,172.75,0,0001,100795.5
2020-09-25 09:00:00,-43.75,172.75,0,0001,100910.5
2020-09-25 10:00:00,-43.75,172.75,0,0001,100997.69
2020-09-25 11:00:00,-43.75,172.75,0,0001,101057.56
2020-09-25 12:00:00,-43.75,172.75,0,0001,101038.75
2020-09-25 13:00:00,-43.75,172.75,0,0001,101092.94
2020-09-25 14:00:00,-43.75,172.75,0,0001,101040.31
2020-09-25 15:00:00,-43.75,172.75,0,0001,101007.25
2020-09-25 16:00:00,-43.75,172.75,0,0001,101010.06
2020-09-25 17:00:00,-43.75,172.75,0,0001,101033.5
2020-09-25 18:00:00,-43.75,172.75,0,0001,101029.625
2020-09-25 19:00:00,-43.75,172.75,0,0001,101021.0
2020-09-25 20:00:00,-43.75,172.75,0,0001,100998.56
2020-09-25 21:00:00,-43.75,172.75,0,0001,101029.56
2020-09-25 22:00:00,-43.75,172.75,0,0001,100953.19
2020-09-25 23:00:00,-43.75,172.75,0,0001,100944.5
2020-09-26 00:00:00,-43.75,172.75,0,0001,100831.75
2020-09-26 01:00:00,-43.75,172.75,0,0001,100717.625
2020-09-26 02:00:00,-43.75,172.75,0,0001,100577.31
2020-09-26 03:00:00,-43.75,172.75,0,0001,100482.94
2020-09-26 04:00:00,-43.75,172.75,0,0001,100383.0
2020-09-26 05:00:00,-43.75,172.75,0,0001,100254.19
2020-09-26 06:00:00,-43.75,172.75,0,0001,100211.25
2020-09-26 07:00:00,-43.75,172.75,0,0001,100073.19
2020-09-26 08:00:00,-43.75,172.75,0,0001,99978.56
2020-09-26 09:00:00,-43.75,172.75,0,0001,99859.25
2020-09-26 10:00:00,-43.75,172.75,0,0001,99645.81
2020-09-26 11:00:00,-43.75,172.75,0,0001,99508.875
2020-09-26 12:00:00,-43.75,172.75,0,0001,99347.375
2020-09-26 13:00:00,-43.75,172.75,0,0001,99119.125
2020-09-26 14:00:00,-43.75,172.75,0,0001,98950.81
2020-09-26 15:00:00,-43.75,172.75,0,0001,98754.5
2020-09-26 16:00:00,-43.75,172.75,0,0001,98682.625
2020-09-26 17:00:00,-43.75,172.75,0,0001,98643.5
2020-09-26 18:00:00,-43.75,172.75,0,0001,98601.75
2020-09-26 19:00:00,-43.75,172.75,0,0001,98435.125
2020-09-26 20:00:00,-43.75,172.75,0,0001,98303.19
2020-09-26 21:00:00,-43.75,172.75,0,0001,98179.875
2020-09-26 22:00:00,-43.75,172.75,0,0001,98050.19
2020-09-26 23:00:00,-43.75,172.75,0,0001,97971.44
2020-09-27 00:00:00,-43.75,172.75,0,0001,97987.125
2020-09-27 01:00:00,-43.75,172.75,0,0001,98121.31
2020-09-27 02:00:00,-43.75,172.75,0,0001,98394.625
2020-09-27 03:00:00,-43.75,172.75,0,0001,98638.875
2020-09-27 04:00:00,-43.75,172.75,0,0001,98812.69
2020-09-27 05:00:00,-43.75,172.75,0,0001,98854.56
2020-09-27 06:00:00,-43.75,172.75,0,0001,98902.31
2020-09-27 07:00:00,-43.75,172.75,0,0001,98921.56
2020-09-27 08:00:00,-43.75,172.75,0,0001,98955.06
2020-09-27 09:00:00,-43.75,172.75,0,0001,98976.31
2020-09-27 10:00:00,-43.75,172.75,0,0001,99031.56
2020-09-27 11:00:00,-43.75,172.75,0,0001,99029.625
2020-09-27 12:00:00,-43.75,172.75,0,0001,99058.44
2020-09-27 13:00:00,-43.75,172.75,0,0001,99077.5
2020-09-27 14:00:00,-43.75,172.75,0,0001,99074.875
2020-09-27 15:00:00,-43.75,172.75,0,0001,99060.56
2020-09-27 16:00:00,-43.75,172.75,0,0001,99100.75
2020-09-27 17:00:00,-43.75,172.75,0,0001,99179.94
2020-09-27 18:00:00,-43.75,172.75,0,0001,99226.125
2020-09-27 19:00:00,-43.75,172.75,0,0001,99203.69
2020-09-27 20:00:00,-43.75,172.75,0,0001,99098.69
2020-09-27 21:00:00,-43.75,172.75,0,0001,98947.94
2020-09-27 22:00:00,-43.75,172.75,0,0001,98886.0
2020-09-27 23:00:00,-43.75,172.75,0,0001,98705.31
2020-09-28 00:00:00,-43.75,172.75,0,0001,98550.125
2020-09-28 01:00:00,-43.75,172.75,0,0001,98477.0
2020-09-28 02:00:00,-43.75,172.75,0,0001,98494.06
2020-09-28 03:00:00,-43.75,172.75,0,0001,98572.125
2020-09-28 04:00:00,-43.75,172.75,0,0001,98746.69
2020-09-28 05:00:00,-43.75,172.75,0,0001,99000.81
2020-09-28 06:00:00,-43.75,172.75,0,0001,99153.0
2020-09-28 07:00:00,-43.75,172.75,0,0001,99206.25
2020-09-28 08:00:00,-43.75,172.75,0,0001,99275.75
2020-09-28 09:00:00,-43.75,172.75,0,0001,99302.81
2020-09-28 10:00:00,-43.75,172.75,0,0001,99325.625
2020-09-28 11:00:00,-43.75,172.75,0,0001,99297.25
2020-09-28 12:00:00,-43.75,172.75,0,0001,99295.44
2020-09-28 13:00:00,-43.75,172.75,0,0001,99283.125
2020-09-28 14:00:00,-43.75,172.75,0,0001,99288.19
2020-09-28 15:00:00,-43.75,172.75,0,0001,99301.44
2020-09-28 16:00:00,-43.75,172.75,0,0001,99300.06
2020-09-28 17:00:00,-43.75,172.75,0,0001,99361.94
2020-09-28 18:00:00,-43.75,172.75,0,0001,99442.69
2020-09-28 19:00:00,-43.75,172.75,0,0001,99589.5
2020-09-28 20:00:00,-43.75,172.75,0,0001,99722.625
2020-09-28 21:00:00,-43.75,172.75,0,0001,99802.375
2020-09-28 22:00:00,-43.75,172.75,0,0001,99909.375
2020-09-28 23:00:00,-43.75,172.75,0,0001,99988.19
2020-09-29 00:00:00,-43.75,172.75,0,0001,100065.81
2020-09-29 01:00:00,-43.75,172.75,0,0001,100145.25
2020-09-29 02:00:00,-43.75,172.75,0,0001,100206.06
2020-09-29 03:00:00,-43.75,172.75,0,0001,100261.31
2020-09-29 04:00:00,-43.75,172.75,0,0001,100324.125
2020-09-29 05:00:00,-43.75,172.75,0,0001,100400.375
2020-09-29 06:00:00,-43.75,172.75,0,0001,100459.375
2020-09-29 07:00:00,-43.75,172.75,0,0001,100538.25
2020-09-29 08:00:00,-43.75,172.75,0,0001,100643.94
2020-09-29 09:00:00,-43.75,172.75,0,0001,100734.125
2020-09-29 10:00:00,-43.75,172.75,0,0001,100811.44
2020-09-29 11:00:00,-43.75,172.75,0,0001,100867.125
2020-09-29 12:00:00,-43.75,172.75,0,0001,100916.69
2020-09-29 13:00:00,-43.75,172.75,0,0001,100980.5
2020-09-29 14:00:00,-43.75,172.75,0,0001,101016.625
2020-09-29 15:00:00,-43.75,172.75,0,0001,101036.44
2020-09-29 16:00:00,-43.75,172.75,0,0001,101093.06
2020-09-29 17:00:00,-43.75,172.75,0,0001,101199.56
2020-09-29 18:00:00,-43.75,172.75,0,0001,101306.125
2020-09-29 19:00:00,-43.75,172.75,0,0001,101401.94
2020-09-29 20:00:00,-43.75,172.75,0,0001,101518.125
2020-09-29 21:00:00,-43.75,172.75,0,0001,101611.0
2020-09-29 22:00:00,-43.75,172.75,0,0001,101678.06
2020-09-29 23:00:00,-43.75,172.75,0,0001,101720.125
2020-09-30 00:00:00,-43.75,172.75,0,0001,101736.375
2020-09-30 01:00:00,-43.75,172.75,0,0001,101744.56
2020-09-30 02:00:00,-43.75,172.75,0,0001,101723.875
2020-09-30 03:00:00,-43.75,172.75,0,0001,101735.56
2020-09-30 04:00:00,-43.75,172.75,0,0001,101730.25
2020-09-30 05:00:00,-43.75,172.75,0,0001,101771.94
2020-09-30 06:00:00,-43.75,172.75,0,0001,101823.375
2020-09-30 07:00:00,-43.75,172.75,0,0001,101880.5
2020-09-30 08:00:00,-43.75,172.75,0,0001,101998.81
2020-09-30 09:00:00,-43.75,172.75,0,0001,102068.81
2020-09-30 10:00:00,-43.75,172.75,0,0001,102137.69
2020-09-30 11:00:00,-43.75,172.75,0,0001,102157.0
2020-09-30 12:00:00,-43.75,172.75,0,0001,102202.625
2020-09-30 13:00:00,-43.75,172.75,0,0001,102239.625
2020-09-30 14:00:00,-43.75,172.75,0,0001,102252.875
2020-09-30 15:00:00,-43.75,172.75,0,0001,102252.94
2020-09-30 16:00:00,-43.75,172.75,0,0001,102263.31
2020-09-30 17:00:00,-43.75,172.75,0,0001,102295.44
2020-09-30 18:00:00,-43.75,172.75,0,0001,102339.06
2020-09-30 19:00:00,-43.75,172.75,0,0001,102372.125
2020-09-30 20:00:00,-43.75,172.75,0,0001,102444.94
2020-09-30 21:00:00,-43.75,172.75,0,0001,102451.44
2020-09-30 22:00:00,-43.75,172.75,0,0001,102493.125
2020-09-30 23:00:00,-43.75,172.75,0,0001,102451.31
2020-10-01 00:00:00,-43.75,172.75,0,0001,102409.94
2020-10-01 01:00:00,-43.75,172.75,0,0001,102369.0
2020-10-01 02:00:00,-43.75,172.75,0,0001,102337.75
2020-10-01 03:00:00,-43.75,172.75,0,0001,102297.19
2020-10-01 04:00:00,-43.75,172.75,0,0001,102298.75
2020-10-01 05:00:00,-43.75,172.75,0,0001,102310.75
2020-10-01 06:00:00,-43.75,172.75,0,0001,102317.875
2020-10-01 07:00:00,-43.75,172.75,0,0001,102346.75
2020-10-01 08:00:00,-43.75,172.75,0,0001,102372.31
2020-10-01 09:00:00,-43.75,172.75,0,0001,102414.44
2020-10-01 10:00:00,-43.75,172.75,0,0001,102393.19
2020-10-01 11:00:00,-43.75,172.75,0,0001,102397.69
2020-10-01 12:00:00,-43.75,172.75,0,0001,102389.25
2020-10-01 13:00:00,-43.75,172.75,0,0001,102393.875
2020-10-01 14:00:00,-43.75,172.75,0,0001,102340.5
2020-10-01 15:00:00,-43.75,172.75,0,0001,102314.125
2020-10-01 16:00:00,-43.75,172.75,0,0001,102281.81
2020-10-01 17:00:00,-43.75,172.75,0,0001,102264.19
2020-10-01 18:00:00,-43.75,172.75,0,0001,102259.81
2020-10-01 19:00:00,-43.75,172.75,0,0001,102287.44
2020-10-01 20:00:00,-43.75,172.75,0,0001,102306.69
2020-10-01 21:00:00,-43.75,172.75,0,0001,102295.44
2020-10-01 22:00:00,-43.75,172.75,0,0001,102230.94
2020-10-01 23:00:00,-43.75,172.75,0,0001,102178.375
2020-10-02 00:00:00,-43.75,172.75,0,0001,102098.56
2020-10-02 01:00:00,-43.75,172.75,0,0001,102019.56
2020-10-02 02:00:00,-43.75,172.75,0,0001,101913.56
2020-10-02 03:00:00,-43.75,172.75,0,0001,101912.06
2020-10-02 04:00:00,-43.75,172.75,0,0001,101878.0
2020-10-02 05:00:00,-43.75,172.75,0,0001,101912.94
2020-10-02 06:00:00,-43.75,172.75,0,0001,101931.19
2020-10-02 07:00:00,-43.75,172.75,0,0001,101980.625
2020-10-02 08:00:00,-43.75,172.75,0,0001,102037.31
2020-10-02 09:00:00,-43.75,172.75,0,0001,102038.375
2020-10-02 10:00:00,-43.75,172.75,0,0001,102031.31
2020-10-02 11:00:00,-43.75,172.75,0,0001,102026.875
2020-10-02 12:00:00,-43.75,172.75,0,0001,102032.94
2020-10-02 13:00:00,-43.75,172.75,0,0001,101985.75
2020-10-02 14:00:00,-43.75,172.75,0,0001,101964.5
2020-10-02 15:00:00,-43.75,172.75,0,0001,101894.625
2020-10-02 16:00:00,-43.75,172.75,0,0001,101845.75
2020-10-02 17:00:00,-43.75,172.75,0,0001,101838.44
2020-10-02 18:00:00,-43.75,172.75,0,0001,101850.44
2020-10-02 19:00:00,-43.75,172.75,0,0001,101929.75
2020-10-02 20:00:00,-43.75,172.75,0,0001,101974.75
2020-10-02 21:00:00,-43.75,172.75,0,0001,101992.375
2020-10-02 22:00:00,-43.75,172.75,0,0001,102013.44
2020-10-02 23:00:00,-43.75,172.75,0,0001,101991.25
2020-10-03 00:00:00,-43.75,172.75,0,0001,101963.81
2020-10-03 01:00:00,-43.75,172.75,0,0001,101949.875
2020-10-03 02:00:00,-43.75,172.75,0,0001,101942.75
2020-10-03 03:00:00,-43.75,172.75,0,0001,101919.625
2020-10-03 04:00:00,-43.75,172.75,0,0001,101906.06
2020-10-03 05:00:00,-43.75,172.75,0,0001,101866.5
2020-10-03 06:00:00,-43.75,172.75,0,0001,101890.625
2020-10-03 07:00:00,-43.75,172.75,0,0001,101908.5
2020-10-03 08:00:00,-43.75,172.75,0,0001,101949.31
2020-10-03 09:00:00,-43.75,172.75,0,0001,101940.81
2020-10-03 10:00:00,-43.75,172.75,0,0001,101898.0
2020-10-03 11:00:00,-43.75,172.75,0,0001,101851.0
2020-10-03 12:00:00,-43.75,172.75,0,0001,101925.875
2020-10-03 13:00:00,-43.75,172.75,0,0001,101951.25
2020-10-03 14:00:00,-43.75,172.75,0,0001,101916.75
2020-10-03 15:00:00,-43.75,172.75,0,0001,101811.5
2020-10-03 16:00:00,-43.75,172.75,0,0001,101802.5
2020-10-03 17:00:00,-43.75,172.75,0,0001,101766.69
2020-10-03 18:00:00,-43.75,172.75,0,0001,101811.375
2020-10-03 19:00:00,-43.75,172.75,0,0001,101849.94
2020-10-03 20:00:00,-43.75,172.75,0,0001,101867.625
2020-10-03 21:00:00,-43.75,172.75,0,0001,101974.375
2020-10-03 22:00:00,-43.75,172.75,0,0001,101981.125
2020-10-03 23:00:00,-43.75,172.75,0,0001,102063.56
2020-10-04 00:00:00,-43.75,172.75,0,0001,102192.06
2020-10-04 01:00:00,-43.75,172.75,0,0001,102321.125
2020-10-04 02:00:00,-43.75,172.75,0,0001,102423.69
2020-10-04 03:00:00,-43.75,172.75,0,0001,102486.94
2020-10-04 04:00:00,-43.75,172.75,0,0001,102540.94
2020-10-04 05:00:00,-43.75,172.75,0,0001,102535.25
2020-10-04 06:00:00,-43.75,172.75,0,0001,102547.375
2020-10-04 07:00:00,-43.75,172.75,0,0001,102567.625
2020-10-04 08:00:00,-43.75,172.75,0,0001,102554.56
2020-10-04 09:00:00,-43.75,172.75,0,0001,102544.31
2020-10-04 10:00:00,-43.75,172.75,0,0001,102524.69
2020-10-04 11:00:00,-43.75,172.75,0,0001,102519.06
2020-10-04 12:00:00,-43.75,172.75,0,0001,102427.06
2020-10-04 13:00:00,-43.75,172.75,0,0001,102382.5
2020-10-04 14:00:00,-43.75,172.75,0,0001,102292.875
2020-10-04 15:00:00,-43.75,172.75,0,0001,102162.56
2020-10-04 16:00:00,-43.75,172.75,0,0001,102076.25
2020-10-04 17:00:00,-43.75,172.75,0,0001,102035.75
2020-10-04 18:00:00,-43.75,172.75,0,0001,102070.0
2020-10-04 19:00:00,-43.75,172.75,0,0001,102076.06
2020-10-04 20:00:00,-43.75,172.75,0,0001,102060.56
2020-10-04 21:00:00,-43.75,172.75,0,0001,102020.31
2020-10-04 22:00:00,-43.75,172.75,0,0001,101922.75
2020-10-04 23:00:00,-43.75,172.75,0,0001,101838.44
2020-10-05 00:00:00,-43.75,172.75,0,0001,101759.375
2020-10-05 01:00:00,-43.75,172.75,0,0001,101648.25
2020-10-05 02:00:00,-43.75,172.75,0,0001,101549.56
2020-10-05 03:00:00,-43.75,172.75,0,0001,101454.31
2020-10-05 04:00:00,-43.75,172.75,0,0001,101402.125
2020-10-05 05:00:00,-43.75,172.75,0,0001,101342.875
2020-10-05 06:00:00,-43.75,172.75,0,0001,101323.19
2020-10-05 07:00:00,-43.75,172.75,0,0001,101287.06
2020-10-05 08:00:00,-43.75,172.75,0,0001,101304.56
2020-10-05 09:00:00,-43.75,172.75,0,0001,101302.625
2020-10-05 10:00:00,-43.75,172.75,0,0001,101142.625
2020-10-05 11:00:00,-43.75,172.75,0,0001,101095.31
2020-10-05 12:00:00,-43.75,172.75,0,0001,101056.75
2020-10-05 13:00:00,-43.75,172.75,0,0001,100998.44
2020-10-05 14:00:00,-43.75,172.75,0,0001,100887.94
2020-10-05 15:00:00,-43.75,172.75,0,0001,100777.5
2020-10-05 16:00:00,-43.75,172.75,0,0001,100738.25
2020-10-05 17:00:00,-43.75,172.75,0,0001,100705.19
2020-10-05 18:00:00,-43.75,172.75,0,0001,100711.19
2020-10-05 19:00:00,-43.75,172.75,0,0001,100776.81
2020-10-05 20:00:00,-43.75,172.75,0,0001,100830.94
2020-10-05 21:00:00,-43.75,172.75,0,0001,100952.625
2020-10-05 22:00:00,-43.75,172.75,0,0001,101218.81
2020-10-05 23:00:00,-43.75,172.75,0,0001,101282.875
2020-10-06 00:00:00,-43.75,172.75,0,0001,101286.56
2020-10-06 01:00:00,-43.75,172.75,0,0001,101245.81
2020-10-06 02:00:00,-43.75,172.75,0,0001,101207.19
2020-10-06 03:00:00,-43.75,172.75,0,0001,101188.31
2020-10-06 04:00:00,-43.75,172.75,0,0001,101188.5
2020-10-06 05:00:00,-43.75,172.75,0,0001,101219.44
2020-10-06 06:00:00,-43.75,172.75,0,0001,101233.0
2020-10-06 07:00:00,-43.75,172.75,0,0001,101283.56
2020-10-06 08:00:00,-43.75,172.75,0,0001,101293.81
2020-10-06 09:00:00,-43.75,172.75,0,0001,101333.625
2020-10-06 10:00:00,-43.75,172.75,0,0001,101356.69
2020-10-06 11:00:00,-43.75,172.75,0,0001,101327.94
2020-10-06 12:00:00,-43.75,172.75,0,0001,101267.44
2020-10-06 13:00:00,-43.75,172.75,0,0001,101199.06
2020-10-06 14:00:00,-43.75,172.75,0,0001,101080.125
2020-10-06 15:00:00,-43.75,172.75,0,0001,101024.81
2020-10-06 16:00:00,-43.75,172.75,0,0001,100982.81
2020-10-06 17:00:00,-43.75,172.75,0,0001,100985.75
2020-10-06 18:00:00,-43.75,172.75,0,0001,100972.5
2020-10-06 19:00:00,-43.75,172.75,0,0001,101009.125
2020-10-06 20:00:00,-43.75,172.75,0,0001,100989.75
2020-10-06 21:00:00,-43.75,172.75,0,0001,100991.375
2020-10-06 22:00:00,-43.75,172.75,0,0001,100981.125
2020-10-06 23:00:00,-43.75,172.75,0,0001,100946.94
2020-10-07 00:00:00,-43.75,172.75,0,0001,100955.56
2020-10-07 01:00:00,-43.75,172.75,0,0001,100942.125
2020-10-07 02:00:00,-43.75,172.75,0,0001,101006.19
2020-10-07 03:00:00,-43.75,172.75,0,0001,101105.25
2020-10-07 04:00:00,-43.75,172.75,0,0001,101216.06
2020-10-07 05:00:00,-43.75,172.75,0,0001,101315.94
2020-10-07 06:00:00,-43.75,172.75,0,0001,101428.06
2020-10-07 07:00:00,-43.75,172.75,0,0001,101562.44
2020-10-07 08:00:00,-43.75,172.75,0,0001,101680.25
2020-10-07 09:00:00,-43.75,172.75,0,0001,101811.31
2020-10-07 10:00:00,-43.75,172.75,0,0001,101951.94
2020-10-07 11:00:00,-43.75,172.75,0,0001,102024.25
2020-10-07 12:00:00,-43.75,172.75,0,0001,102084.44
2020-10-07 13:00:00,-43.75,172.75,0,0001,102099.5
2020-10-07 14:00:00,-43.75,172.75,0,0001,102106.81
2020-10-07 15:00:00,-43.75,172.75,0,0001,102123.5
2020-10-07 16:00:00,-43.75,172.75,0,0001,102168.375
2020-10-07 17:00:00,-43.75,172.75,0,0001,102238.875
2020-10-07 18:00:00,-43.75,172.75,0,0001,102300.125
2020-10-07 19:00:00,-43.75,172.75,0,0001,102385.19
2020-10-07 20:00:00,-43.75,172.75,0,0001,102449.81
2020-10-07 21:00:00,-43.75,172.75,0,0001,102490.375
2020-10-07 22:00:00,-43.75,172.75,0,0001,102538.06
2020-10-07 23:00:00,-43.75,172.75,0,0001,102563.25
2020-10-08 00:00:00,-43.75,172.75,0,0001,102566.625
2020-10-08 01:00:00,-43.75,172.75,0,0001,102593.125
2020-10-08 02:00:00,-43.75,172.75,0,0001,102607.44
2020-10-08 03:00:00,-43.75,172.75,0,0001,102653.56
2020-10-08 04:00:00,-43.75,172.75,0,0001,102681.69
2020-10-08 05:00:00,-43.75,172.75,0,0001,102724.06
2020-10-08 06:00:00,-43.75,172.75,0,0001,102787.5
2020-10-08 07:00:00,-43.75,172.75,0,0001,102860.125
2020-10-08 08:00:00,-43.75,172.75,0,0001,102967.81
2020-10-08 09:00:00,-43.75,172.75,0,0001,103045.81
2020-10-08 10:00:00,-43.75,172.75,0,0001,103107.31
2020-10-08 11:00:00,-43.75,172.75,0,0001,103147.125
2020-10-08 12:00:00,-43.75,172.75,0,0001,103178.5
2020-10-08 13:00:00,-43.75,172.75,0,0001,103221.19
2020-10-08 14:00:00,-43.75,172.75,0,0001,103233.44
2020-10-08 15:00:00,-43.75,172.75,0,0001,103191.69
2020-10-08 16:00:00,-43.75,172.75,0,0001,103228.25
2020-10-08 17:00:00,-43.75,172.75,0,0001,103242.81
2020-10-08 18:00:00,-43.75,172.75,0,0001,103306.125
2020-10-08 19:00:00,-43.75,172.75,0,0001,103326.5
2020-10-08 20:00:00,-43.75,172.75,0,0001,103372.19
2020-10-08 21:00:00,-43.75,172.75,0,0001,103359.875
2020-10-08 22:00:00,-43.75,172.75,0,0001,103437.31
2020-10-08 23:00:00,-43.75,172.75,0,0001,103412.19
2020-10-09 00:00:00,-43.75,172.75,0,0001,103375.94
2020-10-09 01:00:00,-43.75,172.75,0,0001,103338.375
2020-10-09 02:00:00,-43.75,172.75,0,0001,103300.875
2020-10-09 03:00:00,-43.75,172.75,0,0001,103286.125
2020-10-09 04:00:00,-43.75,172.75,0,0001,103246.25
2020-10-09 05:00:00,-43.75,172.75,0,0001,103290.69
2020-10-09 06:00:00,-43.75,172.75,0,0001,103273.0
2020-10-09 07:00:00,-43.75,172.75,0,0001,103306.5
2020-10-09 08:00:00,-43.75,172.75,0,0001,103365.31
2020-10-09 09:00:00,-43.75,172.75,0,0001,103380.125
2020-10-09 10:00:00,-43.75,172.75,0,0001,103369.44
2020-10-09 11:00:00,-43.75,172.75,0,0001,103368.625
2020-10-09 12:00:00,-43.75,172.75,0,0001,103328.375
2020-10-09 13:00:00,-43.75,172.75,0,0001,103309.31
2020-10-09 14:00:00,-43.75,172.75,0,0001,103292.0
2020-10-09 15:00:00,-43.75,172.75,0,0001,103199.19
2020-10-09 16:00:00,-43.75,172.75,0,0001,103170.44
2020-10-09 17:00:00,-43.75,172.75,0,0001,103181.81
2020-10-09 18:00:00,-43.75,172.75,0,0001,103174.06
2020-10-09 19:00:00,-43.75,172.75,0,0001,103176.25
2020-10-09 20:00:00,-43.75,172.75,0,0001,103164.5
2020-10-09 21:00:00,-43.75,172.75,0,0001,103134.875
2020-10-09 22:00:00,-43.75,172.75,0,0001,103071.69
2020-10-09 23:00:00,-43.75,172.75,0,0001,103010.5
2020-10-10 00:00:00,-43.75,172.75,0,0001,102935.5
2020-10-10 01:00:00,-43.75,172.75,0,0001,102898.875
2020-10-10 02:00:00,-43.75,172.75,0,0001,102794.06
2020-10-10 03:00:00,-43.75,172.75,0,0001,102749.44
2020-10-10 04:00:00,-43.75,172.75,0,0001,102674.69
2020-10-10 05:00:00,-43.75,172.75,0,0001,102657.44
2020-10-10 06:00:00,-43.75,172.75,0,0001,102632.125
2020-10-10 07:00:00,-43.75,172.75,0,0001,102597.94
2020-10-10 08:00:00,-43.75,172.75,0,0001,102591.625
2020-10-10 09:00:00,-43.75,172.75,0,0001,102576.56
2020-10-10 10:00:00,-43.75,172.75,0,0001,102470.44
2020-10-10 11:00:00,-43.75,172.75,0,0001,102401.31
2020-10-10 12:00:00,-43.75,172.75,0,0001,102295.625
2020-10-10 13:00:00,-43.75,172.75,0,0001,102232.5
2020-10-10 14:00:00,-43.75,172.75,0,0001,102142.875
2020-10-10 15:00:00,-43.75,172.75,0,0001,102002.19
2020-10-10 16:00:00,-43.75,172.75,0,0001,101955.125
2020-10-10 17:00:00,-43.75,172.75,0,0001,101918.875
2020-10-10 18:00:00,-43.75,172.75,0,0001,101892.31
2020-10-10 19:00:00,-43.75,172.75,0,0001,101860.06
2020-10-10 20:00:00,-43.75,172.75,0,0001,101797.31
2020-10-10 21:00:00,-43.75,172.75,0,0001,101746.875
2020-10-10 22:00:00,-43.75,172.75,0,0001,101629.75
2020-10-10 23:00:00,-43.75,172.75,0,0001,101510.19
2020-10-11 00:00:00,-43.75,172.75,0,0001,101426.69
2020-10-11 01:00:00,-43.75,172.75,0,0001,101314.125
2020-10-11 02:00:00,-43.75,172.75,0,0001,101282.56
2020-10-11 03:00:00,-43.75,172.75,0,0001,101227.875
2020-10-11 04:00:00,-43.75,172.75,0,0001,101169.75
2020-10-11 05:00:00,-43.75,172.75,0,0001,101131.625
2020-10-11 06:00:00,-43.75,172.75,0,0001,101200.25
2020-10-11 07:00:00,-43.75,172.75,0,0001,101220.75
2020-10-11 08:00:00,-43.75,172.75,0,0001,101312.625
2020-10-11 09:00:00,-43.75,172.75,0,0001,101343.0
2020-10-11 10:00:00,-43.75,172.75,0,0001,101286.625
2020-10-11 11:00:00,-43.75,172.75,0,0001,101315.875
2020-10-11 12:00:00,-43.75,172.75,0,0001,101358.81
2020-10-11 13:00:00,-43.75,172.75,0,0001,101388.06
2020-10-11 14:00:00,-43.75,172.75,0,0001,101395.94
2020-10-11 15:00:00,-43.75,172.75,0,0001,101405.375
2020-10-11 16:00:00,-43.75,172.75,0,0001,101446.875
2020-10-11 17:00:00,-43.75,172.75,0,0001,101496.25
2020-10-11 18:00:00,-43.75,172.75,0,0001,101579.125
2020-10-11 19:00:00,-43.75,172.75,0,0001,101652.75
2020-10-11 20:00:00,-43.75,172.75,0,0001,101733.69
2020-10-11 21:00:00,-43.75,172.75,0,0001,101781.81
2020-10-11 22:00:00,-43.75,172.75,0,0001,101857.125
2020-10-11 23:00:00,-43.75,172.75,0,0001,101878.0
2020-10-12 00:00:00,-43.75,172.75,0,0001,101932.0
2020-10-12 01:00:00,-43.75,172.75,0,0001,101956.44
2020-10-12 02:00:00,-43.75,172.75,0,0001,102000.06
2020-10-12 03:00:00,-43.75,172.75,0,0001,101992.5
2020-10-12 04:00:00,-43.75,172.75,0,0001,102038.625
2020-10-12 05:00:00,-43.75,172.75,0,0001,102063.25
2020-10-12 06:00:00,-43.75,172.75,0,0001,102149.75
2020-10-12 07:00:00,-43.75,172.75,0,0001,102186.75
2020-10-12 08:00:00,-43.75,172.75,0,0001,102250.375
2020-10-12 09:00:00,-43.75,172.75,0,0001,102265.44
2020-10-12 10:00:00,-43.75,172.75,0,0001,102297.56
2020-10-12 11:00:00,-43.75,172.75,0,0001,102283.25
2020-10-12 12:00:00,-43.75,172.75,0,0001,102249.56
2020-10-12 13:00:00,-43.75,172.75,0,0001,102211.19
2020-10-12 14:00:00,-43.75,172.75,0,0001,102180.06
2020-10-12 15:00:00,-43.75,172.75,0,0001,102092.75
2020-10-12 16:00:00,-43.75,172.75,0,0001,102061.56
2020-10-12 17:00:00,-43.75,172.75,0,0001,102002.81
2020-10-12 18:00:00,-43.75,172.75,0,0001,101998.69
2020-10-12 19:00:00,-43.75,172.75,0,0001,101956.94
2020-10-12 20:00:00,-43.75,172.75,0,0001,101954.94
2020-10-12 21:00:00,-43.75,172.75,0,0001,101926.375
2020-10-12 22:00:00,-43.75,172.75,0,0001,101843.94
2020-10-12 23:00:00,-43.75,172.75,0,0001,101749.375
2020-10-13 00:00:00,-43.75,172.75,0,0001,101667.75
2020-10-13 01:00:00,-43.75,172.75,0,0001,101522.94
2020-10-13 02:00:00,-43.75,172.75,0,0001,101476.56
2020-10-13 03:00:00,-43.75,172.75,0,0001,101363.625
2020-10-13 04:00:00,-43.75,172.75,0,0001,101306.31
2020-10-13 05:00:00,-43.75,172.75,0,0001,101214.06
2020-10-13 06:00:00,-43.75,172.75,0,0001,101155.875
2020-10-13 07:00:00,-43.75,172.75,0,0001,101065.0
2020-10-13 08:00:00,-43.75,172.75,0,0001,101052.81
2020-10-13 09:00:00,-43.75,172.75,0,0001,101034.19
2020-10-13 10:00:00,-43.75,172.75,0,0001,100974.19
2020-10-13 11:00:00,-43.75,172.75,0,0001,100937.69
2020-10-13 12:00:00,-43.75,172.75,0,0001,100921.75
2020-10-13 13:00:00,-43.75,172.75,0,0001,100945.81
2020-10-13 14:00:00,-43.75,172.75,0,0001,100985.44
2020-10-13 15:00:00,-43.75,172.75,0,0001,101029.75
2020-10-13 16:00:00,-43.75,172.75,0,0001,101194.19
2020-10-13 17:00:00,-43.75,172.75,0,0001,101363.25
2020-10-13 18:00:00,-43.75,172.75,0,0001,101485.31
2020-10-13 19:00:00,-43.75,172.75,0,0001,101613.5
2020-10-13 20:00:00,-43.75,172.75,0,0001,101681.44
2020-10-13 21:00:00,-43.75,172.75,0,0001,101748.31
2020-10-13 22:00:00,-43.75,172.75,0,0001,101830.19
2020-10-13 23:00:00,-43.75,172.75,0,0001,101825.06
2020-10-14 00:00:00,-43.75,172.75,0,0001,101876.125
2020-10-14 01:00:00,-43.75,172.75,0,0001,101909.31
2020-10-14 02:00:00,-43.75,172.75,0,0001,101916.81
2020-10-14 03:00:00,-43.75,172.75,0,0001,101945.69
2020-10-14 04:00:00,-43.75,172.75,0,0001,101987.06
2020-10-14 05:00:00,-43.75,172.75,0,0001,102077.94
2020-10-14 06:00:00,-43.75,172.75,0,0001,102179.875
2020-10-14 07:00:00,-43.75,172.75,0,0001,102272.5
2020-10-14 08:00:00,-43.75,172.75,0,0001,102368.56
2020-10-14 09:00:00,-43.75,172.75,0,0001,102471.69
2020-10-14 10:00:00,-43.75,172.75,0,0001,102574.56
2020-10-14 11:00:00,-43.75,172.75,0,0001,102634.625
2020-10-14 12:00:00,-43.75,172.75,0,0001,102698.69
2020-10-14 13:00:00,-43.75,172.75,0,0001,102744.75
2020-10-14 14:00:00,-43.75,172.75,0,0001,102759.875
2020-10-14 15:00:00,-43.75,172.75,0,0001,102766.75
2020-10-14 16:00:00,-43.75,172.75,0,0001,102794.94
2020-10-14 17:00:00,-43.75,172.75,0,0001,102880.75
2020-10-14 18:00:00,-43.75,172.75,0,0001,102926.69
2020-10-14 19:00:00,-43.75,172.75,0,0001,103017.44
2020-10-14 20:00:00,-43.75,172.75,0,0001,103046.125
2020-10-14 21:00:00,-43.75,172.75,0,0001,103100.06
2020-10-14 22:00:00,-43.75,172.75,0,0001,103134.31
2020-10-14 23:00:00,-43.75,172.75,0,0001,103074.94
2020-10-15 00:00:00,-43.75,172.75,0,0001,103070.19
2020-10-15 01:00:00,-43.75,172.75,0,0001,103013.75
2020-10-15 02:00:00,-43.75,172.75,0,0001,102982.81
2020-10-15 03:00:00,-43.75,172.75,0,0001,102927.81
2020-10-15 04:00:00,-43.75,172.75,0,0001,102905.94
2020-10-15 05:00:00,-43.75,172.75,0,0001,102850.31
2020-10-15 06:00:00,-43.75,172.75,0,0001,102841.875
2020-10-15 07:00:00,-43.75,172.75,0,0001,102861.25
2020-10-15 08:00:00,-43.75,172.75,0,0001,102898.75
2020-10-15 09:00:00,-43.75,172.75,0,0001,102882.0
2020-10-15 10:00:00,-43.75,172.75,0,0001,102853.875
2020-10-15 11:00:00,-43.75,172.75,0,0001,102736.44
2020-10-15 12:00:00,-43.75,172.75,0,0001,102706.75
2020-10-15 13:00:00,-43.75,172.75,0,0001,102630.5
2020-10-15 14:00:00,-43.75,172.75,0,0001,102537.44
2020-10-15 15:00:00,-43.75,172.75,0,0001,102410.75
2020-10-15 16:00:00,-43.75,172.75,0,0001,102305.75
2020-10-15 17:00:00,-43.75,172.75,0,0001,102210.5
2020-10-15 18:00:00,-43.75,172.75,0,0001,102163.69
2020-10-15 19:00:00,-43.75,172.75,0,0001,101997.44
2020-10-15 20:00:00,-43.75,172.75,0,0001,101874.06
2020-10-15 21:00:00,-43.75,172.75,0,0001,101797.19
2020-10-15 22:00:00,-43.75,172.75,0,0001,101645.44
2020-10-15 23:00:00,-43.75,172.75,0,0001,101523.25
2020-10-16 00:00:00,-43.75,172.75,0,0001,101426.31
2020-10-16 01:00:00,-43.75,172.75,0,0001,101331.19
2020-10-16 02:00:00,-43.75,172.75,0,0001,101265.75
2020-10-16 03:00:00,-43.75,172.75,0,0001,101193.31
2020-10-16 04:00:00,-43.75,172.75,0,0001,101124.44
2020-10-16 05:00:00,-43.75,172.75,0,0001,101116.94
2020-10-16 06:00:00,-43.75,172.75,0,0001,101131.625
2020-10-16 07:00:00,-43.75,172.75,0,0001,101179.56
2020-10-16 08:00:00,-43.75,172.75,0,0001,101271.0
2020-10-16 09:00:00,-43.75,172.75,0,0001,101356.875
2020-10-16 10:00:00,-43.75,172.75,0,0001,101364.25
2020-10-16 11:00:00,-43.75,172.75,0,0001,101431.56
2020-10-16 12:00:00,-43.75,172.75,0,0001,101576.0
2020-10-16 13:00:00,-43.75,172.75,0,0001,101646.0
2020-10-16 14:00:00,-43.75,172.75,0,0001,101702.875
2020-10-16 15:00:00,-43.75,172.75,0,0001,101724.875
2020-10-16 16:00:00,-43.75,172.75,0,0001,101773.44
2020-10-16 17:00:00,-43.75,172.75,0,0001,101850.19
2020-10-16 18:00:00,-43.75,172.75,0,0001,101922.75
2020-10-16 19:00:00,-43.75,172.75,0,0001,101978.56
2020-10-16 20:00:00,-43.75,172.75,0,0001,102014.19
2020-10-16 21:00:00,-43.75,172.75,0,0001,102043.25
2020-10-16 22:00:00,-43.75,172.75,0,0001,102090.5
2020-10-16 23:00:00,-43.75,172.75,0,0001,102011.19
2020-10-17 00:00:00,-43.75,172.75,0,0001,101960.94
2020-10-17 01:00:00,-43.75,172.75,0,0001,101956.56
2020-10-17 02:00:00,-43.75,172.75,0,0001,101900.125
2020-10-17 03:00:00,-43.75,172.75,0,0001,101861.19
2020-10-17 04:00:00,-43.75,172.75,0,0001,101810.56
2020-10-17 05:00:00,-43.75,172.75,0,0001,101824.0
2020-10-17 06:00:00,-43.75,172.75,0,0001,101795.31
2020-10-17 07:00:00,-43.75,172.75,0,0001,101788.875
2020-10-17 08:00:00,-43.75,172.75,0,0001,101798.19
2020-10-17 09:00:00,-43.75,172.75,0,0001,101792.56
2020-10-17 10:00:00,-43.75,172.75,0,0001,101736.375
2020-10-17 11:00:00,-43.75,172.75,0,0001,101697.69
2020-10-17 12:00:00,-43.75,172.75,0,0001,101664.25
2020-10-17 13:00:00,-43.75,172.75,0,0001,101572.19
2020-10-17 14:00:00,-43.75,172.75,0,0001,101480.5
2020-10-17 15:00:00,-43.75,172.75,0,0001,101433.0
2020-10-17 16:00:00,-43.75,172.75,0,0001,101387.125
2020-10-17 17:00:00,-43.75,172.75,0,0001,101400.19
2020-10-17 18:00:00,-43.75,172.75,0,0001,101433.69
2020-10-17 19:00:00,-43.75,172.75,0,0001,101456.75
2020-10-17 20:00:00,-43.75,172.75,0,0001,101466.0
2020-10-17 21:00:00,-43.75,172.75,0,0001,101435.94
2020-10-17 22:00:00,-43.75,172.75,0,0001,101401.19
2020-10-17 23:00:00,-43.75,172.75,0,0001,101377.69
2020-10-18 00:00:00,-43.75,172.75,0,0001,101330.0
2020-10-18 01:00:00,-43.75,172.75,0,0001,101294.56
2020-10-18 02:00:00,-43.75,172.75,0,0001,101262.19
2020-10-18 03:00:00,-43.75,172.75,0,0001,101241.0
2020-10-18 04:00:00,-43.75,172.75,0,0001,101203.69
2020-10-18 05:00:00,-43.75,172.75,0,0001,101212.94
2020-10-18 06:00:00,-43.75,172.75,0,0001,101248.81
2020-10-18 07:00:00,-43.75,172.75,0,0001,101236.0
2020-10-18 08:00:00,-43.75,172.75,0,0001,101270.375
2020-10-18 09:00:00,-43.75,172.75,0,0001,101213.19
2020-10-18 10:00:00,-43.75,172.75,0,0001,101155.625
2020-10-18 11:00:00,-43.75,172.75,0,0001,101142.31
2020-10-18 12:00:00,-43.75,172.75,0,0001,101067.19
2020-10-18 13:00:00,-43.75,172.75,0,0001,100939.06
2020-10-18 14:00:00,-43.75,172.75,0,0001,100777.375
2020-10-18 15:00:00,-43.75,172.75,0,0001,100686.94
2020-10-18 16:00:00,-43.75,172.75,0,0001,100560.81
2020-10-18 17:00:00,-43.75,172.75,0,0001,100536.44
2020-10-18 18:00:00,-43.75,172.75,0,0001,100474.75
2020-10-18 19:00:00,-43.75,172.75,0,0001,100452.56
2020-10-18 20:00:00,-43.75,172.75,0,0001,100398.06
2020-10-18 21:00:00,-43.75,172.75,0,0001,100333.375
2020-10-18 22:00:00,-43.75,172.75,0,0001,100205.875
2020-10-18 23:00:00,-43.75,172.75,0,0001,100138.625
2020-10-19 00:00:00,-43.75,172.75,0,0001,100029.375
2020-10-19 01:00:00,-43.75,172.75,0,0001,99967.56
2020-10-19 02:00:00,-43.75,172.75,0,0001,99820.875
2020-10-19 03:00:00,-43.75,172.75,0,0001,99701.875
2020-10-19 04:00:00,-43.75,172.75,0,0001,99652.625
2020-10-19 05:00:00,-43.75,172.75,0,0001,99727.625
2020-10-19 06:00:00,-43.75,172.75,0,0001,99970.06
2020-10-19 07:00:00,-43.75,172.75,0,0001,100203.56
2020-10-19 08:00:00,-43.75,172.75,0,0001,100385.25
2020-10-19 09:00:00,-43.75,172.75,0,0001,100500.625
2020-10-19 10:00:00,-43.75,172.75,0,0001,100582.31
2020-10-19 11:00:00,-43.75,172.75,0,0001,100655.25
2020-10-19 12:00:00,-43.75,172.75,0,0001,100706.625
2020-10-19 13:00:00,-43.75,172.75,0,0001,100749.69
2020-10-19 14:00:00,-43.75,172.75,0,0001,100750.875
2020-10-19 15:00:00,-43.75,172.75,0,0001,100765.75
2020-10-19 16:00:00,-43.75,172.75,0,0001,100793.875
2020-10-19 17:00:00,-43.75,172.75,0,0001,100868.5
2020-10-19 18:00:00,-43.75,172.75,0,0001,100942.5
2020-10-19 19:00:00,-43.75,172.75,0,0001,101039.125
2020-10-19 20:00:00,-43.75,172.75,0,0001,101108.875
2020-10-19 21:00:00,-43.75,172.75,0,0001,101185.5
2020-10-19 22:00:00,-43.75,172.75,0,0001,101289.94
2020-10-19 23:00:00,-43.75,172.75,0,0001,101332.25
2020-10-20 00:00:00,-43.75,172.75,0,0001,101395.81
2020-10-20 01:00:00,-43.75,172.75,0,0001,101449.56
2020-10-20 02:00:00,-43.75,172.75,0,0001,101460.0
2020-10-20 03:00:00,-43.75,172.75,0,0001,101504.625
2020-10-20 04:00:00,-43.75,172.75,0,0001,101526.44
2020-10-20 05:00:00,-43.75,172.75,0,0001,101590.06
2020-10-20 06:00:00,-43.75,172.75,0,0001,101684.125
2020-10-20 07:00:00,-43.75,172.75,0,0001,101778.25
2020-10-20 08:00:00,-43.75,172.75,0,0001,101852.625
2020-10-20 09:00:00,-43.75,172.75,0,0001,101915.625
2020-10-20 10:00:00,-43.75,172.75,0,0001,101935.5
2020-10-20 11:00:00,-43.75,172.75,0,0001,101964.44
2020-10-20 12:00:00,-43.75,172.75,0,0001,101942.44
2020-10-20 13:00:00,-43.75,172.75,0,0001,101903.81
2020-10-20 14:00:00,-43.75,172.75,0,0001,101886.625
2020-10-20 15:00:00,-43.75,172.75,0,0001,101835.06
2020-10-20 16:00:00,-43.75,172.75,0,0001,101839.0
2020-10-20 17:00:00,-43.75,172.75,0,0001,101832.625
2020-10-20 18:00:00,-43.75,172.75,0,0001,101852.81
2020-10-20 19:00:00,-43.75,172.75,0,0001,101860.56
2020-10-20 20:00:00,-43.75,172.75,0,0001,101879.06
2020-10-20 21:00:00,-43.75,172.75,0,0001,101884.19
2020-10-20 22:00:00,-43.75,172.75,0,0001,101857.75
2020-10-20 23:00:00,-43.75,172.75,0,0001,101811.125
2020-10-21 00:00:00,-43.75,172.75,0,0001,101786.19
2020-10-21 01:00:00,-43.75,172.75,0,0001,101758.56
2020-10-21 02:00:00,-43.75,172.75,0,0001,101728.5
2020-10-21 03:00:00,-43.75,172.75,0,0001,101694.56
2020-10-21 04:00:00,-43.75,172.75,0,0001,101665.69
2020-10-21 05:00:00,-43.75,172.75,0,0001,101670.625
2020-10-21 06:00:00,-43.75,172.75,0,0001,101713.06
2020-10-21 07:00:00,-43.75,172.75,0,0001,101750.5
2020-10-21 08:00:00,-43.75,172.75,0,0001,101813.69
2020-10-21 09:00:00,-43.75,172.75,0,0001,101881.81
2020-10-21 10:00:00,-43.75,172.75,0,0001,101939.44
2020-10-21 11:00:00,-43.75,172.75,0,0001,101966.625
2020-10-21 12:00:00,-43.75,172.75,0,0001,102010.94
2020-10-21 13:00:00,-43.75,172.75,0,0001,102019.25
2020-10-21 14:00:00,-43.75,172.75,0,0001,102002.875
2020-10-21 15:00:00,-43.75,172.75,0,0001,101997.25
2020-10-21 16:00:00,-43.75,172.75,0,0001,102025.375
2020-10-21 17:00:00,-43.75,172.75,0,0001,102065.5
2020-10-21 18:00:00,-43.75,172.75,0,0001,102128.75
2020-10-21 19:00:00,-43.75,172.75,0,0001,102165.625
2020-10-21 20:00:00,-43.75,172.75,0,0001,102180.81
2020-10-21 21:00:00,-43.75,172.75,0,0001,102175.81
2020-10-21 22:00:00,-43.75,172.75,0,0001,102183.31
2020-10-21 23:00:00,-43.75,172.75,0,0001,102140.625
2020-10-22 00:00:00,-43.75,172.75,0,0001,102102.0
2020-10-22 01:00:00,-43.75,172.75,0,0001,102050.56
2020-10-22 02:00:00,-43.75,172.75,0,0001,102021.25
2020-10-22 03:00:00,-43.75,172.75,0,0001,101999.375
2020-10-22 04:00:00,-43.75,172.75,0,0001,101973.94
2020-10-22 05:00:00,-43.75,172.75,0,0001,101999.25
2020-10-22 06:00:00,-43.75,172.75,0,0001,102063.75
2020-10-22 07:00:00,-43.75,172.75,0,0001,102107.94
2020-10-22 08:00:00,-43.75,172.75,0,0001,102160.375
2020-10-22 09:00:00,-43.75,172.75,0,0001,102211.75
2020-10-22 10:00:00,-43.75,172.75,0,0001,102222.69
2020-10-22 11:00:00,-43.75,172.75,0,0001,102213.875
2020-10-22 12:00:00,-43.75,172.75,0,0001,102214.19
2020-10-22 13:00:00,-43.75,172.75,0,0001,102195.69
2020-10-22 14:00:00,-43.75,172.75,0,0001,102158.375
2020-10-22 15:00:00,-43.75,172.75,0,0001,102163.31
2020-10-22 16:00:00,-43.75,172.75,0,0001,102158.0
2020-10-22 17:00:00,-43.75,172.75,0,0001,102199.44
2020-10-22 18:00:00,-43.75,172.75,0,0001,102243.5
2020-10-22 19:00:00,-43.75,172.75,0,0001,102266.56
2020-10-22 20:00:00,-43.75,172.75,0,0001,102279.375
2020-10-22 21:00:00,-43.75,172.75,0,0001,102288.875
2020-10-22 22:00:00,-43.75,172.75,0,0001,102312.94
2020-10-22 23:00:00,-43.75,172.75,0,0001,102286.56
2020-10-23 00:00:00,-43.75,172.75,0,0001,102261.0
2020-10-23 01:00:00,-43.75,172.75,0,0001,102191.56
2020-10-23 02:00:00,-43.75,172.75,0,0001,102169.31
2020-10-23 03:00:00,-43.75,172.75,0,0001,102122.0
2020-10-23 04:00:00,-43.75,172.75,0,0001,102097.44
2020-10-23 05:00:00,-43.75,172.75,0,0001,102104.0
2020-10-23 06:00:00,-43.75,172.75,0,0001,102161.94
2020-10-23 07:00:00,-43.75,172.75,0,0001,102174.25
2020-10-23 08:00:00,-43.75,172.75,0,0001,102238.5
2020-10-23 09:00:00,-43.75,172.75,0,0001,102235.25
2020-10-23 10:00:00,-43.75,172.75,0,0001,102206.375
2020-10-23 11:00:00,-43.75,172.75,0,0001,102182.31
2020-10-23 12:00:00,-43.75,172.75,0,0001,102142.06
2020-10-23 13:00:00,-43.75,172.75,0,0001,102120.44
2020-10-23 14:00:00,-43.75,172.75,0,0001,102067.44
2020-10-23 15:00:00,-43.75,172.75,0,0001,102078.0
2020-10-23 16:00:00,-43.75,172.75,0,0001,102069.125
2020-10-23 17:00:00,-43.75,172.75,0,0001,102087.75
2020-10-23 18:00:00,-43.75,172.75,0,0001,102127.0
2020-10-23 19:00:00,-43.75,172.75,0,0001,102113.56
2020-10-23 20:00:00,-43.75,172.75,0,0001,102119.875
2020-10-23 21:00:00,-43.75,172.75,0,0001,102090.56
2020-10-23 22:00:00,-43.75,172.75,0,0001,102110.125
2020-10-23 23:00:00,-43.75,172.75,0,0001,102099.56
2020-10-24 00:00:00,-43.75,172.75,0,0001,102015.94
2020-10-24 01:00:00,-43.75,172.75,0,0001,101968.375
2020-10-24 02:00:00,-43.75,172.75,0,0001,101920.81
2020-10-24 03:00:00,-43.75,172.75,0,0001,101866.0
2020-10-24 04:00:00,-43.75,172.75,0,0001,101797.5
2020-10-24 05:00:00,-43.75,172.75,0,0001,101774.69
2020-10-24 06:00:00,-43.75,172.75,0,0001,101796.25
2020-10-24 07:00:00,-43.75,172.75,0,0001,101757.5
2020-10-24 08:00:00,-43.75,172.75,0,0001,101774.44
2020-10-24 09:00:00,-43.75,172.75,0,0001,101793.06
2020-10-24 10:00:00,-43.75,172.75,0,0001,101743.375
2020-10-24 11:00:00,-43.75,172.75,0,0001,101694.375
2020-10-24 12:00:00,-43.75,172.75,0,0001,101651.875
2020-10-24 13:00:00,-43.75,172.75,0,0001,101581.625
2020-10-24 14:00:00,-43.75,172.75,0,0001,101504.44
2020-10-24 15:00:00,-43.75,172.75,0,0001,101432.375
2020-10-24 16:00:00,-43.75,172.75,0,0001,101396.19
2020-10-24 17:00:00,-43.75,172.75,0,0001,101344.56
2020-10-24 18:00:00,-43.75,172.75,0,0001,101347.625
2020-10-24 19:00:00,-43.75,172.75,0,0001,101322.19
2020-10-24 20:00:00,-43.75,172.75,0,0001,101349.44
2020-10-24 21:00:00,-43.75,172.75,0,0001,101301.75
2020-10-24 22:00:00,-43.75,172.75,0,0001,101245.875
2020-10-24 23:00:00,-43.75,172.75,0,0001,101237.44
2020-10-25 00:00:00,-43.75,172.75,0,0001,101209.125
2020-10-25 01:00:00,-43.75,172.75,0,0001,101190.94
2020-10-25 02:00:00,-43.75,172.75,0,0001,101157.375
2020-10-25 03:00:00,-43.75,172.75,0,0001,101119.75
2020-10-25 04:00:00,-43.75,172.75,0,0001,101110.94
2020-10-25 05:00:00,-43.75,172.75,0,0001,101117.625
2020-10-25 06:00:00,-43.75,172.75,0,0001,101200.875
2020-10-25 07:00:00,-43.75,172.75,0,0001,101249.94
2020-10-25 08:00:00,-43.75,172.75,0,0001,101364.0
2020-10-25 09:00:00,-43.75,172.75,0,0001,101400.06
2020-10-25 10:00:00,-43.75,172.75,0,0001,101325.31
2020-10-25 11:00:00,-43.75,172.75,0,0001,101372.06
2020-10-25 12:00:00,-43.75,172.75,0,0001,101375.875
2020-10-25 13:00:00,-43.75,172.75,0,0001,101347.25
2020-10-25 14:00:00,-43.75,172.75,0,0001,101385.69
2020-10-25 15:00:00,-43.75,172.75,0,0001,101431.94
2020-10-25 16:00:00,-43.75,172.75,0,0001,101538.94
2020-10-25 17:00:00,-43.75,172.75,0,0001,101624.69
2020-10-25 18:00:00,-43.75,172.75,0,0001,101727.94
2020-10-25 19:00:00,-43.75,172.75,0,0001,101812.625
2020-10-25 20:00:00,-43.75,172.75,0,0001,101882.44
2020-10-25 21:00:00,-43.75,172.75,0,0001,101965.31
2020-10-25 22:00:00,-43.75,172.75,0,0001,102010.0
2020-10-25 23:00:00,-43.75,172.75,0,0001,102058.19
2020-10-26 00:00:00,-43.75,172.75,0,0001,102099.125
2020-10-26 01:00:00,-43.75,172.75,0,0001,102112.25
2020-10-26 02:00:00,-43.75,172.75,0,0001,102101.56
2020-10-26 03:00:00,-43.75,172.75,0,0001,102131.625
2020-10-26 04:00:00,-43.75,172.75,0,0001,102137.0
2020-10-26 05:00:00,-43.75,172.75,0,0001,102207.94
2020-10-26 06:00:00,-43.75,172.75,0,0001,102269.94
2020-10-26 07:00:00,-43.75,172.75,0,0001,102355.31
2020-10-26 08:00:00,-43.75,172.75,0,0001,102406.56
2020-10-26 09:00:00,-43.75,172.75,0,0001,102472.19
2020-10-26 10:00:00,-43.75,172.75,0,0001,102510.06
2020-10-26 11:00:00,-43.75,172.75,0,0001,102513.56
2020-10-26 12:00:00,-43.75,172.75,0,0001,102507.875
2020-10-26 13:00:00,-43.75,172.75,0,0001,102495.5
2020-10-26 14:00:00,-43.75,172.75,0,0001,102437.0
2020-10-26 15:00:00,-43.75,172.75,0,0001,102424.81
2020-10-26 16:00:00,-43.75,172.75,0,0001,102466.44
2020-10-26 17:00:00,-43.75,172.75,0,0001,102491.31
2020-10-26 18:00:00,-43.75,172.75,0,0001,102566.81
2020-10-26 19:00:00,-43.75,172.75,0,0001,102658.94
2020-10-26 20:00:00,-43.75,172.75,0,0001,102740.81
2020-10-26 21:00:00,-43.75,172.75,0,0001,102812.81
2020-10-26 22:00:00,-43.75,172.75,0,0001,102879.06
2020-10-26 23:00:00,-43.75,172.75,0,0001,102896.25
2020-10-27 00:00:00,-43.75,172.75,0,0001,102945.625
2020-10-27 01:00:00,-43.75,172.75,0,0001,102990.44
2020-10-27 02:00:00,-43.75,172.75,0,0001,102997.875
2020-10-27 03:00:00,-43.75,172.75,0,0001,102994.44
2020-10-27 04:00:00,-43.75,172.75,0,0001,103050.25
2020-10-27 05:00:00,-43.75,172.75,0,0001,103076.56
2020-10-27 06:00:00,-43.75,172.75,0,0001,103130.44
2020-10-27 07:00:00,-43.75,172.75,0,0001,103185.06
2020-10-27 08:00:00,-43.75,172.75,0,0001,103245.81
2020-10-27 09:00:00,-43.75,172.75,0,0001,103313.375
2020-10-27 10:00:00,-43.75,172.75,0,0001,103331.06
2020-10-27 11:00:00,-43.75,172.75,0,0001,103340.75
2020-10-27 12:00:00,-43.75,172.75,0,0001,103322.75
2020-10-27 13:00:00,-43.75,172.75,0,0001,103300.81
2020-10-27 14:00:00,-43.75,172.75,0,0001,103263.44
2020-10-27 15:00:00,-43.75,172.75,0,0001,103216.56
2020-10-27 16:00:00,-43.75,172.75,0,0001,103186.875
2020-10-27 17:00:00,-43.75,172.75,0,0001,103176.19
2020-10-27 18:00:00,-43.75,172.75,0,0001,103213.25
2020-10-27 19:00:00,-43.75,172.75,0,0001,103221.625
2020-10-27 20:00:00,-43.75,172.75,0,0001,103197.625
2020-10-27 21:00:00,-43.75,172.75,0,0001,103195.875
2020-10-27 22:00:00,-43.75,172.75,0,0001,103186.69
2020-10-27 23:00:00,-43.75,172.75,0,0001,103104.06
2020-10-28 00:00:00,-43.75,172.75,0,0001,103016.875
2020-10-28 01:00:00,-43.75,172.75,0,0001,102967.69
2020-10-28 02:00:00,-43.75,172.75,0,0001,102881.625
2020-10-28 03:00:00,-43.75,172.75,0,0001,102821.06
2020-10-28 04:00:00,-43.75,172.75,0,0001,102758.44
2020-10-28 05:00:00,-43.75,172.75,0,0001,102714.75
2020-10-28 06:00:00,-43.75,172.75,0,0001,102673.19
2020-10-28 07:00:00,-43.75,172.75,0,0001,102687.0
2020-10-28 08:00:00,-43.75,172.75,0,0001,102724.0
2020-10-28 09:00:00,-43.75,172.75,0,0001,102733.75
2020-10-28 10:00:00,-43.75,172.75,0,0001,102696.375
2020-10-28 11:00:00,-43.75,172.75,0,0001,102685.69
2020-10-28 12:00:00,-43.75,172.75,0,0001,102637.25
2020-10-28 13:00:00,-43.75,172.75,0,0001,102622.125
2020-10-28 14:00:00,-43.75,172.75,0,0001,102579.56
2020-10-28 15:00:00,-43.75,172.75,0,0001,102517.5
2020-10-28 16:00:00,-43.75,172.75,0,0001,102527.5
2020-10-28 17:00:00,-43.75,172.75,0,0001,102522.81
2020-10-28 18:00:00,-43.75,172.75,0,0001,102546.125
2020-10-28 19:00:00,-43.75,172.75,0,0001,102586.19
2020-10-28 20:00:00,-43.75,172.75,0,0001,102618.375
2020-10-28 21:00:00,-43.75,172.75,0,0001,102618.125
2020-10-28 22:00:00,-43.75,172.75,0,0001,102636.06
2020-10-28 23:00:00,-43.75,172.75,0,0001,102616.56
2020-10-29 00:00:00,-43.75,172.75,0,0001,102522.19
2020-10-29 01:00:00,-43.75,172.75,0,0001,102535.44
2020-10-29 02:00:00,-43.75,172.75,0,0001,102470.25
2020-10-29 03:00:00,-43.75,172.75,0,0001,102445.94
2020-10-29 04:00:00,-43.75,172.75,0,0001,102373.56
2020-10-29 05:00:00,-43.75,172.75,0,0001,102386.375
2020-10-29 06:00:00,-43.75,172.75,0,0001,102382.56
2020-10-29 07:00:00,-43.75,172.75,0,0001,102357.56
2020-10-29 08:00:00,-43.75,172.75,0,0001,102374.0
2020-10-29 09:00:00,-43.75,172.75,0,0001,102363.94
2020-10-29 10:00:00,-43.75,172.75,0,0001,102351.44
2020-10-29 11:00:00,-43.75,172.75,0,0001,102297.94
2020-10-29 12:00:00,-43.75,172.75,0,0001,102243.5
2020-10-29 13:00:00,-43.75,172.75,0,0001,102192.625
2020-10-29 14:00:00,-43.75,172.75,0,0001,102115.25
2020-10-29 15:00:00,-43.75,172.75,0,0001,102018.75
2020-10-29 16:00:00,-43.75,172.75,0,0001,101967.81
2020-10-29 17:00:00,-43.75,172.75,0,0001,101930.125
2020-10-29 18:00:00,-43.75,172.75,0,0001,101890.125
2020-10-29 19:00:00,-43.75,172.75,0,0001,101852.81
2020-10-29 20:00:00,-43.75,172.75,0,0001,101790.75
2020-10-29 21:00:00,-43.75,172.75,0,0001,101744.56
2020-10-29 22:00:00,-43.75,172.75,0,0001,101642.81
2020-10-29 23:00:00,-43.75,172.75,0,0001,101535.56
2020-10-30 00:00:00,-43.75,172.75,0,0001,101440.31
2020-10-30 01:00:00,-43.75,172.75,0,0001,101327.75
2020-10-30 02:00:00,-43.75,172.75,0,0001,101240.75
2020-10-30 03:00:00,-43.75,172.75,0,0001,101163.19
2020-10-30 04:00:00,-43.75,172.75,0,0001,101099.125
2020-10-30 05:00:00,-43.75,172.75,0,0001,101059.25
2020-10-30 06:00:00,-43.75,172.75,0,0001,101057.0
2020-10-30 07:00:00,-43.75,172.75,0,0001,101046.0
2020-10-30 08:00:00,-43.75,172.75,0,0001,101076.375
2020-10-30 09:00:00,-43.75,172.75,0,0001,101072.0
2020-10-30 10:00:00,-43.75,172.75,0,0001,100990.94
2020-10-30 11:00:00,-43.75,172.75,0,0001,100976.375
2020-10-30 12:00:00,-43.75,172.75,0,0001,100911.75
2020-10-30 13:00:00,-43.75,172.75,0,0001,100870.31
2020-10-30 14:00:00,-43.75,172.75,0,0001,100791.375
2020-10-30 15:00:00,-43.75,172.75,0,0001,100686.625
2020-10-30 16:00:00,-43.75,172.75,0,0001,100646.875
2020-10-30 17:00:00,-43.75,172.75,0,0001,100606.19
2020-10-30 18:00:00,-43.75,172.75,0,0001,100593.56
2020-10-30 19:00:00,-43.75,172.75,0,0001,100576.19
2020-10-30 20:00:00,-43.75,172.75,0,0001,100481.31
2020-10-30 21:00:00,-43.75,172.75,0,0001,100474.56
2020-10-30 22:00:00,-43.75,172.75,0,0001,100377.19
2020-10-30 23:00:00,-43.75,172.75,0,0001,100306.625
2020-10-31 00:00:00,-43.75,172.75,0,0001,100203.44
2020-10-31 01:00:00,-43.75,172.75,0,0001,100170.81
2020-10-31 02:00:00,-43.75,172.75,0,0001,100117.44
2020-10-31 03:00:00,-43.75,172.75,0,0001,100102.25
2020-10-31 04:00:00,-43.75,172.75,0,0001,100096.125
2020-10-31 05:00:00,-43.75,172.75,0,0001,100090.375
2020-10-31 06:00:00,-43.75,172.75,0,0001,100178.44
2020-10-31 07:00:00,-43.75,172.75,0,0001,100382.69
2020-10-31 08:00:00,-43.75,172.75,0,0001,100669.125
2020-10-31 09:00:00,-43.75,172.75,0,0001,100802.56
2020-10-31 10:00:00,-43.75,172.75,0,0001,100954.81
2020-10-31 11:00:00,-43.75,172.75,0,0001,101080.25
2020-10-31 12:00:00,-43.75,172.75,0,0001,101129.81
2020-10-31 13:00:00,-43.75,172.75,0,0001,101208.875
2020-10-31 14:00:00,-43.75,172.75,0,0001,101221.75
2020-10-31 15:00:00,-43.75,172.75,0,0001,101247.31
2020-10-31 16:00:00,-43.75,172.75,0,0001,101242.81
2020-10-31 17:00:00,-43.75,172.75,0,0001,101294.81
2020-10-31 18:00:00,-43.75,172.75,0,0001,101407.44
2020-10-31 19:00:00,-43.75,172.75,0,0001,101442.5
2020-10-31 20:00:00,-43.75,172.75,0,0001,101524.25
2020-10-31 21:00:00,-43.75,172.75,0,0001,101517.25
2020-10-31 22:00:00,-43.75,172.75,0,0001,101588.94
2020-10-31 23:00:00,-43.75,172.75,0,0001,101540.81
2020-11-01 00:00:00,-43.75,172.75,0,0001,101549.375
2020-11-01 01:00:00,-43.75,172.75,0,0001,101554.125
2020-11-01 02:00:00,-43.75,172.75,0,0001,101513.5
2020-11-01 03:00:00,-43.75,172.75,0,0001,101507.19
2020-11-01 04:00:00,-43.75,172.75,0,0001,101468.875
2020-11-01 05:00:00,-43.75,172.75,0,0001,101486.81
2020-11-01 06:00:00,-43.75,172.75,0,0001,101540.56
2020-11-01 07:00:00,-43.75,172.75,0,0001,101594.625
2020-11-01 08:00:00,-43.75,172.75,0,0001,101695.25
2020-11-01 09:00:00,-43.75,172.75,0,0001,101780.625
2020-11-01 10:00:00,-43.75,172.75,0,0001,101841.125
2020-11-01 11:00:00,-43.75,172.75,0,0001,101916.625
2020-11-01 12:00:00,-43.75,172.75,0,0001,102032.31
2020-11-01 13:00:00,-43.75,172.75,0,0001,102106.75
2020-11-01 14:00:00,-43.75,172.75,0,0001,102164.0
2020-11-01 15:00:00,-43.75,172.75,0,0001,102211.19
2020-11-01 16:00:00,-43.75,172.75,0,0001,102272.25
2020-11-01 17:00:00,-43.75,172.75,0,0001,102361.44
2020-11-01 18:00:00,-43.75,172.75,0,0001,102449.81
2020-11-01 19:00:00,-43.75,172.75,0,0001,102527.94
2020-11-01 20:00:00,-43.75,172.75,0,0001,102597.875
2020-11-01 21:00:00,-43.75,172.75,0,0001,102615.5
2020-11-01 22:00:00,-43.75,172.75,0,0001,102689.0
2020-11-01 23:00:00,-43.75,172.75,0,0001,102665.44
2020-11-02 00:00:00,-43.75,172.75,0,0001,102668.25
2020-11-02 01:00:00,-43.75,172.75,0,0001,102685.875
2020-11-02 02:00:00,-43.75,172.75,0,0001,102689.625
2020-11-02 03:00:00,-43.75,172.75,0,0001,102741.94
2020-11-02 04:00:00,-43.75,172.75,0,0001,102752.19
2020-11-02 05:00:00,-43.75,172.75,0,0001,102806.44
2020-11-02 06:00:00,-43.75,172.75,0,0001,102850.125
2020-11-02 07:00:00,-43.75,172.75,0,0001,102930.06
2020-11-02 08:00:00,-43.75,172.75,0,0001,102979.56
2020-11-02 09:00:00,-43.75,172.75,0,0001,103036.125
2020-11-02 10:00:00,-43.75,172.75,0,0001,103067.44
2020-11-02 11:00:00,-43.75,172.75,0,0001,103051.25
2020-11-02 12:00:00,-43.75,172.75,0,0001,103040.125
2020-11-02 13:00:00,-43.75,172.75,0,0001,103043.0
2020-11-02 14:00:00,-43.75,172.75,0,0001,102990.69
2020-11-02 15:00:00,-43.75,172.75,0,0001,102935.125
2020-11-02 16:00:00,-43.75,172.75,0,0001,102955.06
2020-11-02 17:00:00,-43.75,172.75,0,0001,102893.5
2020-11-02 18:00:00,-43.75,172.75,0,0001,102908.75
2020-11-02 19:00:00,-43.75,172.75,0,0001,102878.625
2020-11-02 20:00:00,-43.75,172.75,0,0001,102865.94
2020-11-02 21:00:00,-43.75,172.75,0,0001,102833.69
2020-11-02 22:00:00,-43.75,172.75,0,0001,102817.5
2020-11-02 23:00:00,-43.75,172.75,0,0001,102774.44
2020-11-03 00:00:00,-43.75,172.75,0,0001,102692.06
2020-11-03 01:00:00,-43.75,172.75,0,0001,102617.31
2020-11-03 02:00:00,-43.75,172.75,0,0001,102545.94
2020-11-03 03:00:00,-43.75,172.75,0,0001,102442.75
2020-11-03 04:00:00,-43.75,172.75,0,0001,102342.5
2020-11-03 05:00:00,-43.75,172.75,0,0001,102280.0
2020-11-03 06:00:00,-43.75,172.75,0,0001,102220.31
2020-11-03 07:00:00,-43.75,172.75,0,0001,102199.31
2020-11-03 08:00:00,-43.75,172.75,0,0001,102194.875
2020-11-03 09:00:00,-43.75,172.75,0,0001,102203.19
2020-11-03 10:00:00,-43.75,172.75,0,0001,102179.31
2020-11-03 11:00:00,-43.75,172.75,0,0001,102169.06
2020-11-03 12:00:00,-43.75,172.75,0,0001,102089.25
2020-11-03 13:00:00,-43.75,172.75,0,0001,102041.31
2020-11-03 14:00:00,-43.75,172.75,0,0001,101963.69
2020-11-03 15:00:00,-43.75,172.75,0,0001,101935.94
2020-11-03 16:00:00,-43.75,172.75,0,0001,101931.375
2020-11-03 17:00:00,-43.75,172.75,0,0001,101941.81
2020-11-03 18:00:00,-43.75,172.75,0,0001,101993.56
2020-11-03 19:00:00,-43.75,172.75,0,0001,101973.06
2020-11-03 20:00:00,-43.75,172.75,0,0001,101983.31
2020-11-03 21:00:00,-43.75,172.75,0,0001,101952.0
2020-11-03 22:00:00,-43.75,172.75,0,0001,101912.31
2020-11-03 23:00:00,-43.75,172.75,0,0001,101837.56
2020-11-04 00:00:00,-43.75,172.75,0,0001,101748.125
2020-11-04 01:00:00,-43.75,172.75,0,0001,101656.31
2020-11-04 02:00:00,-43.75,172.75,0,0001,101595.81
2020-11-04 03:00:00,-43.75,172.75,0,0001,101480.25
2020-11-04 04:00:00,-43.75,172.75,0,0001,101387.19
2020-11-04 05:00:00,-43.75,172.75,0,0001,101350.75
2020-11-04 06:00:00,-43.75,172.75,0,0001,101336.5
2020-11-04 07:00:00,-43.75,172.75,0,0001,101338.5
2020-11-04 08:00:00,-43.75,172.75,0,0001,101325.81
2020-11-04 09:00:00,-43.75,172.75,0,0001,101371.5
2020-11-04 10:00:00,-43.75,172.75,0,0001,101278.25
2020-11-04 11:00:00,-43.75,172.75,0,0001,101229.375
2020-11-04 12:00:00,-43.75,172.75,0,0001,101192.375
2020-11-04 13:00:00,-43.75,172.75,0,0001,101142.125
2020-11-04 14:00:00,-43.75,172.75,0,0001,101044.375
2020-11-04 15:00:00,-43.75,172.75,0,0001,100919.06
2020-11-04 16:00:00,-43.75,172.75,0,0001,100867.56
2020-11-04 17:00:00,-43.75,172.75,0,0001,100832.81
2020-11-04 18:00:00,-43.75,172.75,0,0001,100782.375
2020-11-04 19:00:00,-43.75,172.75,0,0001,100752.875
2020-11-04 20:00:00,-43.75,172.75,0,0001,100800.31
2020-11-04 21:00:00,-43.75,172.75,0,0001,100743.75
2020-11-04 22:00:00,-43.75,172.75,0,0001,100609.69
2020-11-04 23:00:00,-43.75,172.75,0,0001,100611.94
2020-11-05 00:00:00,-43.75,172.75,0,0001,100517.75
2020-11-05 01:00:00,-43.75,172.75,0,0001,100462.19
2020-11-05 02:00:00,-43.75,172.75,0,0001,100416.94
2020-11-05 03:00:00,-43.75,172.75,0,0001,100315.44
2020-11-05 04:00:00,-43.75,172.75,0,0001,100250.69
2020-11-05 05:00:00,-43.75,172.75,0,0001,100230.69
2020-11-05 06:00:00,-43.75,172.75,0,0001,100214.5
2020-11-05 07:00:00,-43.75,172.75,0,0001,100237.94
2020-11-05 08:00:00,-43.75,172.75,0,0001,100285.5
2020-11-05 09:00:00,-43.75,172.75,0,0001,100361.625
2020-11-05 10:00:00,-43.75,172.75,0,0001,100459.0
2020-11-05 11:00:00,-43.75,172.75,0,0001,100498.44
2020-11-05 12:00:00,-43.75,172.75,0,0001,100526.31
2020-11-05 13:00:00,-43.75,172.75,0,0001,100475.875
2020-11-05 14:00:00,-43.75,172.75,0,0001,100535.81
2020-11-05 15:00:00,-43.75,172.75,0,0001,100523.19
2020-11-05 16:00:00,-43.75,172.75,0,0001,100554.125
2020-11-05 17:00:00,-43.75,172.75,0,0001,100614.31
2020-11-05 18:00:00,-43.75,172.75,0,0001,100676.0
2020-11-05 19:00:00,-43.75,172.75,0,0001,100776.0
2020-11-05 20:00:00,-43.75,172.75,0,0001,100892.44
2020-11-05 21:00:00,-43.75,172.75,0,0001,100958.25
2020-11-05 22:00:00,-43.75,172.75,0,0001,101003.56
2020-11-05 23:00:00,-43.75,172.75,0,0001,101036.31
2020-11-06 00:00:00,-43.75,172.75,0,0001,101052.875
2020-11-06 01:00:00,-43.75,172.75,0,0001,101043.69
2020-11-06 02:00:00,-43.75,172.75,0,0001,101049.44
2020-11-06 03:00:00,-43.75,172.75,0,0001,101038.56
2020-11-06 04:00:00,-43.75,172.75,0,0001,100977.31
2020-11-06 05:00:00,-43.75,172.75,0,0001,100997.25
2020-11-06 06:00:00,-43.75,172.75,0,0001,100965.5
2020-11-06 07:00:00,-43.75,172.75,0,0001,101003.19
2020-11-06 08:00:00,-43.75,172.75,0,0001,101013.5
2020-11-06 09:00:00,-43.75,172.75,0,0001,100985.31
2020-11-06 10:00:00,-43.75,172.75,0,0001,100958.125
2020-11-06 11:00:00,-43.75,172.75,0,0001,100903.06
2020-11-06 12:00:00,-43.75,172.75,0,0001,100843.31
2020-11-06 13:00:00,-43.75,172.75,0,0001,100761.06
2020-11-06 14:00:00,-43.75,172.75,0,0001,100667.69
2020-11-06 15:00:00,-43.75,172.75,0,0001,100590.375
2020-11-06 16:00:00,-43.75,172.75,0,0001,100522.56
2020-11-06 17:00:00,-43.75,172.75,0,0001,100498.75
2020-11-06 18:00:00,-43.75,172.75,0,0001,100509.125
2020-11-06 19:00:00,-43.75,172.75,0,0001,100480.94
2020-11-06 20:00:00,-43.75,172.75,0,0001,100430.25
2020-11-06 21:00:00,-43.75,172.75,0,0001,100424.125
2020-11-06 22:00:00,-43.75,172.75,0,0001,100428.875
2020-11-06 23:00:00,-43.75,172.75,0,0001,100372.25
2020-11-07 00:00:00,-43.75,172.75,0,0001,100370.69
2020-11-07 01:00:00,-43.75,172.75,0,0001,100378.06
2020-11-07 02:00:00,-43.75,172.75,0,0001,100320.31
2020-11-07 03:00:00,-43.75,172.75,0,0001,100274.625
2020-11-07 04:00:00,-43.75,172.75,0,0001,100199.125
2020-11-07 05:00:00,-43.75,172.75,0,0001,100178.69
2020-11-07 06:00:00,-43.75,172.75,0,0001,100169.31
2020-11-07 07:00:00,-43.75,172.75,0,0001,100194.31
2020-11-07 08:00:00,-43.75,172.75,0,0001,100179.69
2020-11-07 09:00:00,-43.75,172.75,0,0001,100193.375
2020-11-07 10:00:00,-43.75,172.75,0,0001,100174.75
2020-11-07 11:00:00,-43.75,172.75,0,0001,100146.375
2020-11-07 12:00:00,-43.75,172.75,0,0001,100112.69
2020-11-07 13:00:00,-43.75,172.75,0,0001,100028.25
2020-11-07 14:00:00,-43.75,172.75,0,0001,99952.81
2020-11-07 15:00:00,-43.75,172.75,0,0001,99923.75
2020-11-07 16:00:00,-43.75,172.75,0,0001,99910.81
2020-11-07 17:00:00,-43.75,172.75,0,0001,99961.31
2020-11-07 18:00:00,-43.75,172.75,0,0001,100113.19
2020-11-07 19:00:00,-43.75,172.75,0,0001,100250.875
2020-11-07 20:00:00,-43.75,172.75,0,0001,100386.625
2020-11-07 21:00:00,-43.75,172.75,0,0001,100541.19
2020-11-07 22:00:00,-43.75,172.75,0,0001,100674.06
2020-11-07 23:00:00,-43.75,172.75,0,0001,100763.0
2020-11-08 00:00:00,-43.75,172.75,0,0001,100796.44
2020-11-08 01:00:00,-43.75,172.75,0,0001,100852.5
2020-11-08 02:00:00,-43.75,172.75,0,0001,100915.625
2020-11-08 03:00:00,-43.75,172.75,0,0001,100996.875
2020-11-08 04:00:00,-43.75,172.75,0,0001,101063.19
2020-11-08 05:00:00,-43.75,172.75,0,0001,101133.875
2020-11-08 06:00:00,-43.75,172.75,0,0001,101251.31
2020-11-08 07:00:00,-43.75,172.75,0,0001,101356.75
2020-11-08 08:00:00,-43.75,172.75,0,0001,101437.94
2020-11-08 09:00:00,-43.75,172.75,0,0001,101551.81
2020-11-08 10:00:00,-43.75,172.75,0,0001,101581.31
2020-11-08 11:00:00,-43.75,172.75,0,0001,101647.875
2020-11-08 12:00:00,-43.75,172.75,0,0001,101635.19
2020-11-08 13:00:00,-43.75,172.75,0,0001,101630.875
2020-11-08 14:00:00,-43.75,172.75,0,0001,101686.0
2020-11-08 15:00:00,-43.75,172.75,0,0001,101702.625
2020-11-08 16:00:00,-43.75,172.75,0,0001,101772.94
2020-11-08 17:00:00,-43.75,172.75,0,0001,101789.31
2020-11-08 18:00:00,-43.75,172.75,0,0001,101885.81
2020-11-08 19:00:00,-43.75,172.75,0,0001,101951.375
2020-11-08 20:00:00,-43.75,172.75,0,0001,101993.19
2020-11-08 21:00:00,-43.75,172.75,0,0001,102043.44
2020-11-08 22:00:00,-43.75,172.75,0,0001,102072.375
2020-11-08 23:00:00,-43.75,172.75,0,0001,102053.375
2020-11-09 00:00:00,-43.75,172.75,0,0001,102044.31
2020-11-09 01:00:00,-43.75,172.75,0,0001,102047.81
2020-11-09 02:00:00,-43.75,172.75,0,0001,102049.75
2020-11-09 03:00:00,-43.75,172.75,0,0001,102045.56
2020-11-09 04:00:00,-43.75,172.75,0,0001,102026.19
2020-11-09 05:00:00,-43.75,172.75,0,0001,102059.25
2020-11-09 06:00:00,-43.75,172.75,0,0001,102070.875
2020-11-09 07:00:00,-43.75,172.75,0,0001,102152.125
2020-11-09 08:00:00,-43.75,172.75,0,0001,102176.31
2020-11-09 09:00:00,-43.75,172.75,0,0001,102241.31
2020-11-09 10:00:00,-43.75,172.75,0,0001,102243.5
2020-11-09 11:00:00,-43.75,172.75,0,0001,102252.0
2020-11-09 12:00:00,-43.75,172.75,0,0001,102202.875
2020-11-09 13:00:00,-43.75,172.75,0,0001,102206.69
2020-11-09 14:00:00,-43.75,172.75,0,0001,102209.31
2020-11-09 15:00:00,-43.75,172.75,0,0001,102185.31
2020-11-09 16:00:00,-43.75,172.75,0,0001,102172.125
2020-11-09 17:00:00,-43.75,172.75,0,0001,102189.5
2020-11-09 18:00:00,-43.75,172.75,0,0001,102228.69
2020-11-09 19:00:00,-43.75,172.75,0,0001,102216.31
2020-11-09 20:00:00,-43.75,172.75,0,0001,102222.875
2020-11-09 21:00:00,-43.75,172.75,0,0001,102208.31
2020-11-09 22:00:00,-43.75,172.75,0,0001,102239.25
2020-11-09 23:00:00,-43.75,172.75,0,0001,102169.625
2020-11-10 00:00:00,-43.75,172.75,0,0001,102122.25
2020-11-10 01:00:00,-43.75,172.75,0,0001,102102.875
2020-11-10 02:00:00,-43.75,172.75,0,0001,102064.19
2020-11-10 03:00:00,-43.75,172.75,0,0001,102001.0
2020-11-10 04:00:00,-43.75,172.75,0,0001,101967.69
2020-11-10 05:00:00,-43.75,172.75,0,0001,101965.69
2020-11-10 06:00:00,-43.75,172.75,0,0001,101966.625
2020-11-10 07:00:00,-43.75,172.75,0,0001,101940.625
2020-11-10 08:00:00,-43.75,172.75,0,0001,101946.0
2020-11-10 09:00:00,-43.75,172.75,0,0001,101956.81
2020-11-10 10:00:00,-43.75,172.75,0,0001,101927.75
2020-11-10 11:00:00,-43.75,172.75,0,0001,101898.75
2020-11-10 12:00:00,-43.75,172.75,0,0001,101869.56
2020-11-10 13:00:00,-43.75,172.75,0,0001,101835.25
2020-11-10 14:00:00,-43.75,172.75,0,0001,101791.375
2020-11-10 15:00:00,-43.75,172.75,0,0001,101745.19
2020-11-10 16:00:00,-43.75,172.75,0,0001,101695.0
2020-11-10 17:00:00,-43.75,172.75,0,0001,101706.375
2020-11-10 18:00:00,-43.75,172.75,0,0001,101697.69
2020-11-10 19:00:00,-43.75,172.75,0,0001,101754.19
2020-11-10 20:00:00,-43.75,172.75,0,0001,101713.375
2020-11-10 21:00:00,-43.75,172.75,0,0001,101734.875
2020-11-10 22:00:00,-43.75,172.75,0,0001,101723.19
2020-11-10 23:00:00,-43.75,172.75,0,0001,101726.5
2020-11-11 00:00:00,-43.75,172.75,0,0001,101674.75
2020-11-11 01:00:00,-43.75,172.75,0,0001,101654.56
2020-11-11 02:00:00,-43.75,172.75,0,0001,101591.625
2020-11-11 03:00:00,-43.75,172.75,0,0001,101545.69
2020-11-11 04:00:00,-43.75,172.75,0,0001,101513.75
2020-11-11 05:00:00,-43.75,172.75,0,0001,101490.5
2020-11-11 06:00:00,-43.75,172.75,0,0001,101511.56
2020-11-11 07:00:00,-43.75,172.75,0,0001,101579.75
2020-11-11 08:00:00,-43.75,172.75,0,0001,101638.94
2020-11-11 09:00:00,-43.75,172.75,0,0001,101706.25
2020-11-11 10:00:00,-43.75,172.75,0,0001,101738.25
2020-11-11 11:00:00,-43.75,172.75,0,0001,101723.125
2020-11-11 12:00:00,-43.75,172.75,0,0001,101705.25
2020-11-11 13:00:00,-43.75,172.75,0,0001,101647.875
2020-11-11 14:00:00,-43.75,172.75,0,0001,101621.94
2020-11-11 15:00:00,-43.75,172.75,0,0001,101578.81
2020-11-11 16:00:00,-43.75,172.75,0,0001,101572.56
2020-11-11 17:00:00,-43.75,172.75,0,0001,101566.81
2020-11-11 18:00:00,-43.75,172.75,0,0001,101578.875
2020-11-11 19:00:00,-43.75,172.75,0,0001,101609.75
2020-11-11 20:00:00,-43.75,172.75,0,0001,101655.19
2020-11-11 21:00:00,-43.75,172.75,0,0001,101671.44
2020-11-11 22:00:00,-43.75,172.75,0,0001,101647.31
2020-11-11 23:00:00,-43.75,172.75,0,0001,101639.125
2020-11-12 00:00:00,-43.75,172.75,0,0001,101597.44
2020-11-12 01:00:00,-43.75,172.75,0,0001,101608.19
2020-11-12 02:00:00,-43.75,172.75,0,0001,101609.125
2020-11-12 03:00:00,-43.75,172.75,0,0001,101618.625
2020-11-12 04:00:00,-43.75,172.75,0,0001,101637.94
2020-11-12 05:00:00,-43.75,172.75,0,0001,101660.0
2020-11-12 06:00:00,-43.75,172.75,0,0001,101694.75
2020-11-12 07:00:00,-43.75,172.75,0,0001,101767.81
2020-11-12 08:00:00,-43.75,172.75,0,0001,101822.56
2020-11-12 09:00:00,-43.75,172.75,0,0001,101844.75
2020-11-12 10:00:00,-43.75,172.75,0,0001,101840.44
2020-11-12 11:00:00,-43.75,172.75,0,0001,101840.0
2020-11-12 12:00:00,-43.75,172.75,0,0001,101776.56
2020-11-12 13:00:00,-43.75,172.75,0,0001,101704.625
2020-11-12 14:00:00,-43.75,172.75,0,0001,101628.125
2020-11-12 15:00:00,-43.75,172.75,0,0001,101590.875
2020-11-12 16:00:00,-43.75,172.75,0,0001,101573.56
2020-11-12 17:00:00,-43.75,172.75,0,0001,101542.81
2020-11-12 18:00:00,-43.75,172.75,0,0001,101542.5
2020-11-12 19:00:00,-43.75,172.75,0,0001,101565.44
2020-11-12 20:00:00,-43.75,172.75,0,0001,101540.94
2020-11-12 21:00:00,-43.75,172.75,0,0001,101550.375
2020-11-12 22:00:00,-43.75,172.75,0,0001,101543.44
2020-11-12 23:00:00,-43.75,172.75,0,0001,101486.0
2020-11-13 00:00:00,-43.75,172.75,0,0001,101416.44
2020-11-13 01:00:00,-43.75,172.75,0,0001,101386.44
2020-11-13 02:00:00,-43.75,172.75,0,0001,101277.56
2020-11-13 03:00:00,-43.75,172.75,0,0001,101196.375
2020-11-13 04:00:00,-43.75,172.75,0,0001,101095.31
2020-11-13 05:00:00,-43.75,172.75,0,0001,101044.125
2020-11-13 06:00:00,-43.75,172.75,0,0001,101024.75
2020-11-13 07:00:00,-43.75,172.75,0,0001,101071.0
2020-11-13 08:00:00,-43.75,172.75,0,0001,101094.5
2020-11-13 09:00:00,-43.75,172.75,0,0001,101147.31
2020-11-13 10:00:00,-43.75,172.75,0,0001,101104.31
2020-11-13 11:00:00,-43.75,172.75,0,0001,101087.69
2020-11-13 12:00:00,-43.75,172.75,0,0001,101080.25
2020-11-13 13:00:00,-43.75,172.75,0,0001,101062.56
2020-11-13 14:00:00,-43.75,172.75,0,0001,101033.31
2020-11-13 15:00:00,-43.75,172.75,0,0001,101050.5
2020-11-13 16:00:00,-43.75,172.75,0,0001,101051.44
2020-11-13 17:00:00,-43.75,172.75,0,0001,101100.25
2020-11-13 18:00:00,-43.75,172.75,0,0001,101114.0
2020-11-13 19:00:00,-43.75,172.75,0,0001,101158.56
2020-11-13 20:00:00,-43.75,172.75,0,0001,101144.06
2020-11-13 21:00:00,-43.75,172.75,0,0001,101138.44
2020-11-13 22:00:00,-43.75,172.75,0,0001,101169.75
2020-11-13 23:00:00,-43.75,172.75,0,0001,101129.125
2020-11-14 00:00:00,-43.75,172.75,0,0001,101106.25
2020-11-14 01:00:00,-43.75,172.75,0,0001,101085.0
2020-11-14 02:00:00,-43.75,172.75,0,0001,101042.56
2020-11-14 03:00:00,-43.75,172.75,0,0001,100995.5
2020-11-14 04:00:00,-43.75,172.75,0,0001,100964.875
2020-11-14 05:00:00,-43.75,172.75,0,0001,100970.94
2020-11-14 06:00:00,-43.75,172.75,0,0001,100989.375
2020-11-14 07:00:00,-43.75,172.75,0,0001,101010.19
2020-11-14 08:00:00,-43.75,172.75,0,0001,101092.81
2020-11-14 09:00:00,-43.75,172.75,0,0001,101131.19
2020-11-14 10:00:00,-43.75,172.75,0,0001,101188.81
2020-11-14 11:00:00,-43.75,172.75,0,0001,101209.56
2020-11-14 12:00:00,-43.75,172.75,0,0001,101198.875
2020-11-14 13:00:00,-43.75,172.75,0,0001,101185.875
2020-11-14 14:00:00,-43.75,172.75,0,0001,101171.44
2020-11-14 15:00:00,-43.75,172.75,0,0001,101163.875
2020-11-14 16:00:00,-43.75,172.75,0,0001,101171.625
2020-11-14 17:00:00,-43.75,172.75,0,0001,101135.125
2020-11-14 18:00:00,-43.75,172.75,0,0001,101172.19
2020-11-14 19:00:00,-43.75,172.75,0,0001,101216.625
2020-11-14 20:00:00,-43.75,172.75,0,0001,101235.69
2020-11-14 21:00:00,-43.75,172.75,0,0001,101268.69
2020-11-14 22:00:00,-43.75,172.75,0,0001,101231.81
2020-11-14 23:00:00,-43.75,172.75,0,0001,101217.31
2020-11-15 00:00:00,-43.75,172.75,0,0001,101180.06
2020-11-15 01:00:00,-43.75,172.75,0,0001,101159.125
2020-11-15 02:00:00,-43.75,172.75,0,0001,101096.31
2020-11-15 03:00:00,-43.75,172.75,0,0001,101061.81
2020-11-15 04:00:00,-43.75,172.75,0,0001,101043.0
2020-11-15 05:00:00,-43.75,172.75,0,0001,101027.06
2020-11-15 06:00:00,-43.75,172.75,0,0001,101023.94
2020-11-15 07:00:00,-43.75,172.75,0,0001,101015.69
2020-11-15 08:00:00,-43.75,172.75,0,0001,101004.81
2020-11-15 09:00:00,-43.75,172.75,0,0001,101022.125
2020-11-15 10:00:00,-43.75,172.75,0,0001,101020.25
2020-11-15 11:00:00,-43.75,172.75,0,0001,100988.375
2020-11-15 12:00:00,-43.75,172.75,0,0001,100924.5
2020-11-15 13:00:00,-43.75,172.75,0,0001,100857.125
2020-11-15 14:00:00,-43.75,172.75,0,0001,100768.44
2020-11-15 15:00:00,-43.75,172.75,0,0001,100687.25
2020-11-15 16:00:00,-43.75,172.75,0,0001,100604.625
2020-11-15 17:00:00,-43.75,172.75,0,0001,100574.81
2020-11-15 18:00:00,-43.75,172.75,0,0001,100565.625
2020-11-15 19:00:00,-43.75,172.75,0,0001,100539.375
2020-11-15 20:00:00,-43.75,172.75,0,0001,100547.19
2020-11-15 21:00:00,-43.75,172.75,0,0001,100548.125
2020-11-15 22:00:00,-43.75,172.75,0,0001,100549.75
2020-11-15 23:00:00,-43.75,172.75,0,0001,100545.5
2020-11-16 00:00:00,-43.75,172.75,0,0001,100539.94
2020-11-16 01:00:00,-43.75,172.75,0,0001,100703.69
2020-11-16 02:00:00,-43.75,172.75,0,0001,100832.125
2020-11-16 03:00:00,-43.75,172.75,0,0001,100898.19
2020-11-16 04:00:00,-43.75,172.75,0,0001,100903.56
2020-11-16 05:00:00,-43.75,172.75,0,0001,100929.31
2020-11-16 06:00:00,-43.75,172.75,0,0001,100977.5
2020-11-16 07:00:00,-43.75,172.75,0,0001,101093.44
2020-11-16 08:00:00,-43.75,172.75,0,0001,101120.81
2020-11-16 09:00:00,-43.75,172.75,0,0001,101142.19
2020-11-16 10:00:00,-43.75,172.75,0,0001,101227.375
2020-11-16 11:00:00,-43.75,172.75,0,0001,101185.125
2020-11-16 12:00:00,-43.75,172.75,0,0001,101173.44
2020-11-16 13:00:00,-43.75,172.75,0,0001,101049.625
2020-11-16 14:00:00,-43.75,172.75,0,0001,100991.06
2020-11-16 15:00:00,-43.75,172.75,0,0001,100842.125
2020-11-16 16:00:00,-43.75,172.75,0,0001,100715.375
2020-11-16 17:00:00,-43.75,172.75,0,0001,100684.94
2020-11-16 18:00:00,-43.75,172.75,0,0001,100652.75
2020-11-16 19:00:00,-43.75,172.75,0,0001,100557.125
2020-11-16 20:00:00,-43.75,172.75,0,0001,100474.625
2020-11-16 21:00:00,-43.75,172.75,0,0001,100474.0
2020-11-16 22:00:00,-43.75,172.75,0,0001,100353.625
2020-11-16 23:00:00,-43.75,172.75,0,0001,100331.125
2020-11-17 00:00:00,-43.75,172.75,0,0001,100287.19
2020-11-17 01:00:00,-43.75,172.75,0,0001,100176.81
2020-11-17 02:00:00,-43.75,172.75,0,0001,100063.5
2020-11-17 03:00:00,-43.75,172.75,0,0001,100021.375
2020-11-17 04:00:00,-43.75,172.75,0,0001,99974.125
2020-11-17 05:00:00,-43.75,172.75,0,0001,99934.25
2020-11-17 06:00:00,-43.75,172.75,0,0001,99894.81
2020-11-17 07:00:00,-43.75,172.75,0,0001,99889.25
2020-11-17 08:00:00,-43.75,172.75,0,0001,99916.44
2020-11-17 09:00:00,-43.75,172.75,0,0001,99948.94
2020-11-17 10:00:00,-43.75,172.75,0,0001,99918.25
2020-11-17 11:00:00,-43.75,172.75,0,0001,99960.06
2020-11-17 12:00:00,-43.75,172.75,0,0001,100011.81
2020-11-17 13:00:00,-43.75,172.75,0,0001,100043.44
2020-11-17 14:00:00,-43.75,172.75,0,0001,100067.19
2020-11-17 15:00:00,-43.75,172.75,0,0001,100170.5
2020-11-17 16:00:00,-43.75,172.75,0,0001,100265.125
2020-11-17 17:00:00,-43.75,172.75,0,0001,100419.81
2020-11-17 18:00:00,-43.75,172.75,0,0001,100553.94
2020-11-17 19:00:00,-43.75,172.75,0,0001,100656.125
2020-11-17 20:00:00,-43.75,172.75,0,0001,100751.31
2020-11-17 21:00:00,-43.75,172.75,0,0001,100829.81
2020-11-17 22:00:00,-43.75,172.75,0,0001,100892.75
2020-11-17 23:00:00,-43.75,172.75,0,0001,100934.875
2020-11-18 00:00:00,-43.75,172.75,0,0001,100951.125
2020-11-18 01:00:00,-43.75,172.75,0,0001,101037.94
2020-11-18 02:00:00,-43.75,172.75,0,0001,101093.625
2020-11-18 03:00:00,-43.75,172.75,0,0001,101135.81
2020-11-18 04:00:00,-43.75,172.75,0,0001,101136.875
2020-11-18 05:00:00,-43.75,172.75,0,0001,101166.125
2020-11-18 06:00:00,-43.75,172.75,0,0001,101243.94
2020-11-18 07:00:00,-43.75,172.75,0,0001,101344.75
2020-11-18 08:00:00,-43.75,172.75,0,0001,101383.125
2020-11-18 09:00:00,-43.75,172.75,0,0001,101486.81
2020-11-18 10:00:00,-43.75,172.75,0,0001,101544.81
2020-11-18 11:00:00,-43.75,172.75,0,0001,101582.69
2020-11-18 12:00:00,-43.75,172.75,0,0001,101655.5
2020-11-18 13:00:00,-43.75,172.75,0,0001,101657.5
2020-11-18 14:00:00,-43.75,172.75,0,0001,101674.625
2020-11-18 15:00:00,-43.75,172.75,0,0001,101682.875
2020-11-18 16:00:00,-43.75,172.75,0,0001,101722.81
2020-11-18 17:00:00,-43.75,172.75,0,0001,101767.31
2020-11-18 18:00:00,-43.75,172.75,0,0001,101808.31
2020-11-18 19:00:00,-43.75,172.75,0,0001,101892.69
2020-11-18 20:00:00,-43.75,172.75,0,0001,101908.375
2020-11-18 21:00:00,-43.75,172.75,0,0001,101947.44
2020-11-18 22:00:00,-43.75,172.75,0,0001,101944.125
2020-11-18 23:00:00,-43.75,172.75,0,0001,101930.375
2020-11-19 00:00:00,-43.75,172.75,0,0001,101915.69
2020-11-19 01:00:00,-43.75,172.75,0,0001,101939.56
2020-11-19 02:00:00,-43.75,172.75,0,0001,101942.25
2020-11-19 03:00:00,-43.75,172.75,0,0001,101949.81
2020-11-19 04:00:00,-43.75,172.75,0,0001,101922.69
2020-11-19 05:00:00,-43.75,172.75,0,0001,101914.125
2020-11-19 06:00:00,-43.75,172.75,0,0001,101950.375
2020-11-19 07:00:00,-43.75,172.75,0,0001,101977.5
2020-11-19 08:00:00,-43.75,172.75,0,0001,102040.125
2020-11-19 09:00:00,-43.75,172.75,0,0001,102035.5
2020-11-19 10:00:00,-43.75,172.75,0,0001,102039.625
2020-11-19 11:00:00,-43.75,172.75,0,0001,102027.625
2020-11-19 12:00:00,-43.75,172.75,0,0001,102019.75
2020-11-19 13:00:00,-43.75,172.75,0,0001,101975.625
2020-11-19 14:00:00,-43.75,172.75,0,0001,101915.44
2020-11-19 15:00:00,-43.75,172.75,0,0001,101847.75
2020-11-19 16:00:00,-43.75,172.75,0,0001,101807.75
2020-11-19 17:00:00,-43.75,172.75,0,0001,101782.5
2020-11-19 18:00:00,-43.75,172.75,0,0001,101814.44
2020-11-19 19:00:00,-43.75,172.75,0,0001,101824.75
2020-11-19 20:00:00,-43.75,172.75,0,0001,101822.375
2020-11-19 21:00:00,-43.75,172.75,0,0001,101844.31
2020-11-19 22:00:00,-43.75,172.75,0,0001,101835.125
2020-11-19 23:00:00,-43.75,172.75,0,0001,101829.0
2020-11-20 00:00:00,-43.75,172.75,0,0001,101788.81
2020-11-20 01:00:00,-43.75,172.75,0,0001,101777.375
2020-11-20 02:00:00,-43.75,172.75,0,0001,101741.94
2020-11-20 03:00:00,-43.75,172.75,0,0001,101675.5
2020-11-20 04:00:00,-43.75,172.75,0,0001,101630.75
2020-11-20 05:00:00,-43.75,172.75,0,0001,101586.125
2020-11-20 06:00:00,-43.75,172.75,0,0001,101570.0
2020-11-20 07:00:00,-43.75,172.75,0,0001,101564.0
2020-11-20 08:00:00,-43.75,172.75,0,0001,101509.31
2020-11-20 09:00:00,-43.75,172.75,0,0001,101495.875
2020-11-20 10:00:00,-43.75,172.75,0,0001,101395.25
2020-11-20 11:00:00,-43.75,172.75,0,0001,101361.0
2020-11-20 12:00:00,-43.75,172.75,0,0001,101278.5
2020-11-20 13:00:00,-43.75,172.75,0,0001,101201.69
2020-11-20 14:00:00,-43.75,172.75,0,0001,101120.125
2020-11-20 15:00:00,-43.75,172.75,0,0001,101030.25
2020-11-20 16:00:00,-43.75,172.75,0,0001,100909.81
2020-11-20 17:00:00,-43.75,172.75,0,0001,100814.75
2020-11-20 18:00:00,-43.75,172.75,0,0001,100759.94
2020-11-20 19:00:00,-43.75,172.75,0,0001,100736.5
2020-11-20 20:00:00,-43.75,172.75,0,0001,100656.19
2020-11-20 21:00:00,-43.75,172.75,0,0001,100582.5
2020-11-20 22:00:00,-43.75,172.75,0,0001,100457.31
2020-11-20 23:00:00,-43.75,172.75,0,0001,100312.94
2020-11-21 00:00:00,-43.75,172.75,0,0001,100217.875
2020-11-21 01:00:00,-43.75,172.75,0,0001,100146.56
2020-11-21 02:00:00,-43.75,172.75,0,0001,100114.31
2020-11-21 03:00:00,-43.75,172.75,0,0001,100043.875
2020-11-21 04:00:00,-43.75,172.75,0,0001,100054.875
2020-11-21 05:00:00,-43.75,172.75,0,0001,100254.25
2020-11-21 06:00:00,-43.75,172.75,0,0001,100379.125
2020-11-21 07:00:00,-43.75,172.75,0,0001,100462.875
2020-11-21 08:00:00,-43.75,172.75,0,0001,100512.56
2020-11-21 09:00:00,-43.75,172.75,0,0001,100605.81
2020-11-21 10:00:00,-43.75,172.75,0,0001,100692.75
2020-11-21 11:00:00,-43.75,172.75,0,0001,100753.5
2020-11-21 12:00:00,-43.75,172.75,0,0001,100805.375
2020-11-21 13:00:00,-43.75,172.75,0,0001,100862.0
2020-11-21 14:00:00,-43.75,172.75,0,0001,100936.19
2020-11-21 15:00:00,-43.75,172.75,0,0001,100975.0
2020-11-21 16:00:00,-43.75,172.75,0,0001,101028.31
2020-11-21 17:00:00,-43.75,172.75,0,0001,101096.94
2020-11-21 18:00:00,-43.75,172.75,0,0001,101145.94
2020-11-21 19:00:00,-43.75,172.75,0,0001,101221.125
2020-11-21 20:00:00,-43.75,172.75,0,0001,101282.5
2020-11-21 21:00:00,-43.75,172.75,0,0001,101337.94
2020-11-21 22:00:00,-43.75,172.75,0,0001,101422.25
2020-11-21 23:00:00,-43.75,172.75,0,0001,101451.25
2020-11-22 00:00:00,-43.75,172.75,0,0001,101478.06
2020-11-22 01:00:00,-43.75,172.75,0,0001,101498.75
2020-11-22 02:00:00,-43.75,172.75,0,0001,101535.94
2020-11-22 03:00:00,-43.75,172.75,0,0001,101527.875
2020-11-22 04:00:00,-43.75,172.75,0,0001,101548.625
2020-11-22 05:00:00,-43.75,172.75,0,0001,101544.5
2020-11-22 06:00:00,-43.75,172.75,0,0001,101601.19
2020-11-22 07:00:00,-43.75,172.75,0,0001,101620.44
2020-11-22 08:00:00,-43.75,172.75,0,0001,101706.25
2020-11-22 09:00:00,-43.75,172.75,0,0001,101769.81
2020-11-22 10:00:00,-43.75,172.75,0,0001,101802.375
2020-11-22 11:00:00,-43.75,172.75,0,0001,101776.0
2020-11-22 12:00:00,-43.75,172.75,0,0001,101749.5
2020-11-22 13:00:00,-43.75,172.75,0,0001,101707.69
2020-11-22 14:00:00,-43.75,172.75,0,0001,101663.375
2020-11-22 15:00:00,-43.75,172.75,0,0001,101615.0
2020-11-22 16:00:00,-43.75,172.75,0,0001,101610.875
2020-11-22 17:00:00,-43.75,172.75,0,0001,101620.625
2020-11-22 18:00:00,-43.75,172.75,0,0001,101630.75
2020-11-22 19:00:00,-43.75,172.75,0,0001,101652.31
2020-11-22 20:00:00,-43.75,172.75,0,0001,101638.125
2020-11-22 21:00:00,-43.75,172.75,0,0001,101629.81
2020-11-22 22:00:00,-43.75,172.75,0,0001,101596.875
2020-11-22 23:00:00,-43.75,172.75,0,0001,101539.625
2020-11-23 00:00:00,-43.75,172.75,0,0001,101510.69
2020-11-23 01:00:00,-43.75,172.75,0,0001,101485.125
2020-11-23 02:00:00,-43.75,172.75,0,0001,101430.56
2020-11-23 03:00:00,-43.75,172.75,0,0001,101406.44
2020-11-23 04:00:00,-43.75,172.75,0,0001,101374.125
2020-11-23 05:00:00,-43.75,172.75,0,0001,101353.375
2020-11-23 06:00:00,-43.75,172.75,0,0001,101361.75
2020-11-23 07:00:00,-43.75,172.75,0,0001,101385.19
2020-11-23 08:00:00,-43.75,172.75,0,0001,101389.125
2020-11-23 09:00:00,-43.75,172.75,0,0001,101441.75
2020-11-23 10:00:00,-43.75,172.75,0,0001,101443.75
2020-11-23 11:00:00,-43.75,172.75,0,0001,101408.875
2020-11-23 12:00:00,-43.75,172.75,0,0001,101371.94
2020-11-23 13:00:00,-43.75,172.75,0,0001,101338.81
2020-11-23 14:00:00,-43.75,172.75,0,0001,101310.94
2020-11-23 15:00:00,-43.75,172.75,0,0001,101236.06
2020-11-23 16:00:00,-43.75,172.75,0,0001,101247.56
2020-11-23 17:00:00,-43.75,172.75,0,0001,101267.19
2020-11-23 18:00:00,-43.75,172.75,0,0001,101242.06
2020-11-23 19:00:00,-43.75,172.75,0,0001,101266.0
2020-11-23 20:00:00,-43.75,172.75,0,0001,101222.375
2020-11-23 21:00:00,-43.75,172.75,0,0001,101240.875
2020-11-23 22:00:00,-43.75,172.75,0,0001,101227.56
2020-11-23 23:00:00,-43.75,172.75,0,0001,101216.31
2020-11-24 00:00:00,-43.75,172.75,0,0001,101187.31
2020-11-24 01:00:00,-43.75,172.75,0,0001,101119.25
2020-11-24 02:00:00,-43.75,172.75,0,0001,101138.0
2020-11-24 03:00:00,-43.75,172.75,0,0001,101095.125
2020-11-24 04:00:00,-43.75,172.75,0,0001,101084.44
2020-11-24 05:00:00,-43.75,172.75,0,0001,101075.19
2020-11-24 06:00:00,-43.75,172.75,0,0001,101091.375
2020-11-24 07:00:00,-43.75,172.75,0,0001,101175.81
2020-11-24 08:00:00,-43.75,172.75,0,0001,101188.375
2020-11-24 09:00:00,-43.75,172.75,0,0001,101254.625
2020-11-24 10:00:00,-43.75,172.75,0,0001,101331.875
2020-11-24 11:00:00,-43.75,172.75,0,0001,101313.94
2020-11-24 12:00:00,-43.75,172.75,0,0001,101292.75
2020-11-24 13:00:00,-43.75,172.75,0,0001,101257.19
2020-11-24 14:00:00,-43.75,172.75,0,0001,101266.5
2020-11-24 15:00:00,-43.75,172.75,0,0001,101222.75
2020-11-24 16:00:00,-43.75,172.75,0,0001,101249.69
2020-11-24 17:00:00,-43.75,172.75,0,0001,101270.69
2020-11-24 18:00:00,-43.75,172.75,0,0001,101319.56
2020-11-24 19:00:00,-43.75,172.75,0,0001,101343.31
2020-11-24 20:00:00,-43.75,172.75,0,0001,101366.375
2020-11-24 21:00:00,-43.75,172.75,0,0001,101385.06
2020-11-24 22:00:00,-43.75,172.75,0,0001,101374.125
2020-11-24 23:00:00,-43.75,172.75,0,0001,101369.94
2020-11-25 00:00:00,-43.75,172.75,0,0001,101369.69
2020-11-25 01:00:00,-43.75,172.75,0,0001,101374.625
2020-11-25 02:00:00,-43.75,172.75,0,0001,101352.5
2020-11-25 03:00:00,-43.75,172.75,0,0001,101323.19
2020-11-25 04:00:00,-43.75,172.75,0,0001,101307.94
2020-11-25 05:00:00,-43.75,172.75,0,0001,101292.5
2020-11-25 06:00:00,-43.75,172.75,0,0001,101297.125
2020-11-25 07:00:00,-43.75,172.75,0,0001,101335.125
2020-11-25 08:00:00,-43.75,172.75,0,0001,101342.75
2020-11-25 09:00:00,-43.75,172.75,0,0001,101373.31
2020-11-25 10:00:00,-43.75,172.75,0,0001,101438.125
2020-11-25 11:00:00,-43.75,172.75,0,0001,101385.75
2020-11-25 12:00:00,-43.75,172.75,0,0001,101308.81
2020-11-25 13:00:00,-43.75,172.75,0,0001,101259.0
2020-11-25 14:00:00,-43.75,172.75,0,0001,101191.81
2020-11-25 15:00:00,-43.75,172.75,0,0001,101116.31
2020-11-25 16:00:00,-43.75,172.75,0,0001,101080.625
2020-11-25 17:00:00,-43.75,172.75,0,0001,101052.25
2020-11-25 18:00:00,-43.75,172.75,0,0001,101021.81
2020-11-25 19:00:00,-43.75,172.75,0,0001,101007.625
2020-11-25 20:00:00,-43.75,172.75,0,0001,100957.81
2020-11-25 21:00:00,-43.75,172.75,0,0001,100936.625
2020-11-25 22:00:00,-43.75,172.75,0,0001,100880.94
2020-11-25 23:00:00,-43.75,172.75,0,0001,100787.56
2020-11-26 00:00:00,-43.75,172.75,0,0001,100692.19
2020-11-26 01:00:00,-43.75,172.75,0,0001,100603.125
2020-11-26 02:00:00,-43.75,172.75,0,0001,100530.44
2020-11-26 03:00:00,-43.75,172.75,0,0001,100454.375
2020-11-26 04:00:00,-43.75,172.75,0,0001,100374.44
2020-11-26 05:00:00,-43.75,172.75,0,0001,100354.375
2020-11-26 06:00:00,-43.75,172.75,0,0001,100289.125
2020-11-26 07:00:00,-43.75,172.75,0,0001,100305.69
2020-11-26 08:00:00,-43.75,172.75,0,0001,100334.69
2020-11-26 09:00:00,-43.75,172.75,0,0001,100330.125
2020-11-26 10:00:00,-43.75,172.75,0,0001,100323.69
2020-11-26 11:00:00,-43.75,172.75,0,0001,100245.375
2020-11-26 12:00:00,-43.75,172.75,0,0001,100178.31
2020-11-26 13:00:00,-43.75,172.75,0,0001,100089.25
2020-11-26 14:00:00,-43.75,172.75,0,0001,99985.69
2020-11-26 15:00:00,-43.75,172.75,0,0001,99946.625
2020-11-26 16:00:00,-43.75,172.75,0,0001,99882.69
2020-11-26 17:00:00,-43.75,172.75,0,0001,99869.0
2020-11-26 18:00:00,-43.75,172.75,0,0001,99890.06
2020-11-26 19:00:00,-43.75,172.75,0,0001,99916.56
2020-11-26 20:00:00,-43.75,172.75,0,0001,99959.44
2020-11-26 21:00:00,-43.75,172.75,0,0001,100025.31
2020-11-26 22:00:00,-43.75,172.75,0,0001,100179.94
2020-11-26 23:00:00,-43.75,172.75,0,0001,100327.75
2020-11-27 00:00:00,-43.75,172.75,0,0001,100385.875
2020-11-27 01:00:00,-43.75,172.75,0,0001,100473.875
2020-11-27 02:00:00,-43.75,172.75,0,0001,100556.81
2020-11-27 03:00:00,-43.75,172.75,0,0001,100633.375
2020-11-27 04:00:00,-43.75,172.75,0,0001,100710.94
2020-11-27 05:00:00,-43.75,172.75,0,0001,100815.125
2020-11-27 06:00:00,-43.75,172.75,0,0001,100894.56
2020-11-27 07:00:00,-43.75,172.75,0,0001,101040.625
2020-11-27 08:00:00,-43.75,172.75,0,0001,101127.125
2020-11-27 09:00:00,-43.75,172.75,0,0001,101230.06
2020-11-27 10:00:00,-43.75,172.75,0,0001,101301.625
2020-11-27 11:00:00,-43.75,172.75,0,0001,101324.06
2020-11-27 12:00:00,-43.75,172.75,0,0001,101331.19
2020-11-27 13:00:00,-43.75,172.75,0,0001,101351.31
2020-11-27 14:00:00,-43.75,172.75,0,0001,101373.31
2020-11-27 15:00:00,-43.75,172.75,0,0001,101352.19
2020-11-27 16:00:00,-43.75,172.75,0,0001,101366.75
2020-11-27 17:00:00,-43.75,172.75,0,0001,101378.125
2020-11-27 18:00:00,-43.75,172.75,0,0001,101375.19
2020-11-27 19:00:00,-43.75,172.75,0,0001,101379.625
2020-11-27 20:00:00,-43.75,172.75,0,0001,101372.19
2020-11-27 21:00:00,-43.75,172.75,0,0001,101341.31
2020-11-27 22:00:00,-43.75,172.75,0,0001,101283.875
2020-11-27 23:00:00,-43.75,172.75,0,0001,101208.69
2020-11-28 00:00:00,-43.75,172.75,0,0001,101093.0
2020-11-28 01:00:00,-43.75,172.75,0,0001,100888.75
2020-11-28 02:00:00,-43.75,172.75,0,0001,100707.25
2020-11-28 03:00:00,-43.75,172.75,0,0001,100549.5
2020-11-28 04:00:00,-43.75,172.75,0,0001,100444.625
2020-11-28 05:00:00,-43.75,172.75,0,0001,100379.31
2020-11-28 06:00:00,-43.75,172.75,0,0001,100322.06
2020-11-28 07:00:00,-43.75,172.75,0,0001,100263.125
2020-11-28 08:00:00,-43.75,172.75,0,0001,100183.0
2020-11-28 09:00:00,-43.75,172.75,0,0001,100128.31
2020-11-28 10:00:00,-43.75,172.75,0,0001,100096.94
2020-11-28 11:00:00,-43.75,172.75,0,0001,99994.5
2020-11-28 12:00:00,-43.75,172.75,0,0001,99905.31
2020-11-28 13:00:00,-43.75,172.75,0,0001,99808.56
2020-11-28 14:00:00,-43.75,172.75,0,0001,99749.94
2020-11-28 15:00:00,-43.75,172.75,0,0001,99720.25
2020-11-28 16:00:00,-43.75,172.75,0,0001,99714.56
2020-11-28 17:00:00,-43.75,172.75,0,0001,99786.75
2020-11-28 18:00:00,-43.75,172.75,0,0001,99884.125
2020-11-28 19:00:00,-43.75,172.75,0,0001,100001.06
2020-11-28 20:00:00,-43.75,172.75,0,0001,100038.56
2020-11-28 21:00:00,-43.75,172.75,0,0001,100128.06
2020-11-28 22:00:00,-43.75,172.75,0,0001,100199.5
2020-11-28 23:00:00,-43.75,172.75,0,0001,100260.125
2020-11-29 00:00:00,-43.75,172.75,0,0001,100310.125
2020-11-29 01:00:00,-43.75,172.75,0,0001,100325.75
2020-11-29 02:00:00,-43.75,172.75,0,0001,100346.56
2020-11-29 03:00:00,-43.75,172.75,0,0001,100333.0
2020-11-29 04:00:00,-43.75,172.75,0,0001,100331.5
2020-11-29 05:00:00,-43.75,172.75,0,0001,100304.81
2020-11-29 06:00:00,-43.75,172.75,0,0001,100344.94
2020-11-29 07:00:00,-43.75,172.75,0,0001,100412.94
2020-11-29 08:00:00,-43.75,172.75,0,0001,100451.31
2020-11-29 09:00:00,-43.75,172.75,0,0001,100416.94
2020-11-29 10:00:00,-43.75,172.75,0,0001,100425.0
2020-11-29 11:00:00,-43.75,172.75,0,0001,100386.06
2020-11-29 12:00:00,-43.75,172.75,0,0001,100289.625
2020-11-29 13:00:00,-43.75,172.75,0,0001,100199.125
2020-11-29 14:00:00,-43.75,172.75,0,0001,100098.81
2020-11-29 15:00:00,-43.75,172.75,0,0001,99967.81
2020-11-29 16:00:00,-43.75,172.75,0,0001,99877.44
2020-11-29 17:00:00,-43.75,172.75,0,0001,99823.375
2020-11-29 18:00:00,-43.75,172.75,0,0001,99686.31
2020-11-29 19:00:00,-43.75,172.75,0,0001,99607.5
2020-11-29 20:00:00,-43.75,172.75,0,0001,99620.75
2020-11-29 21:00:00,-43.75,172.75,0,0001,99662.56
2020-11-29 22:00:00,-43.75,172.75,0,0001,99651.94
2020-11-29 23:00:00,-43.75,172.75,0,0001,99736.25
2020-11-30 00:00:00,-43.75,172.75,0,0001,99792.94
2020-11-30 01:00:00,-43.75,172.75,0,0001,99854.19
2020-11-30 02:00:00,-43.75,172.75,0,0001,99864.31
2020-11-30 03:00:00,-43.75,172.75,0,0001,99950.125
2020-11-30 04:00:00,-43.75,172.75,0,0001,100027.75
2020-11-30 05:00:00,-43.75,172.75,0,0001,100113.94
2020-11-30 06:00:00,-43.75,172.75,0,0001,100255.375
2020-11-30 07:00:00,-43.75,172.75,0,0001,100364.69
2020-11-30 08:00:00,-43.75,172.75,0,0001,100506.31
2020-11-30 09:00:00,-43.75,172.75,0,0001,100672.19
2020-11-30 10:00:00,-43.75,172.75,0,0001,100831.94
2020-11-30 11:00:00,-43.75,172.75,0,0001,100949.125
2020-11-30 12:00:00,-43.75,172.75,0,0001,101047.81
2020-11-30 13:00:00,-43.75,172.75,0,0001,101108.75
2020-11-30 14:00:00,-43.75,172.75,0,0001,101194.0
2020-11-30 15:00:00,-43.75,172.75,0,0001,101256.94
2020-11-30 16:00:00,-43.75,172.75,0,0001,101373.44
2020-11-30 17:00:00,-43.75,172.75,0,0001,101504.44
2020-11-30 18:00:00,-43.75,172.75,0,0001,101598.44
2020-11-30 19:00:00,-43.75,172.75,0,0001,101672.69
2020-11-30 20:00:00,-43.75,172.75,0,0001,101742.5
2020-11-30 21:00:00,-43.75,172.75,0,0001,101802.06
2020-11-30 22:00:00,-43.75,172.75,0,0001,101825.375
2020-11-30 23:00:00,-43.75,172.75,0,0001,101883.375
2020-12-01 00:00:00,-43.75,172.75,0,0001,101901.875
2020-12-01 01:00:00,-43.75,172.75,0,0001,101924.625
2020-12-01 02:00:00,-43.75,172.75,0,0001,101922.625
2020-12-01 03:00:00,-43.75,172.75,0,0001,101936.19
2020-12-01 04:00:00,-43.75,172.75,0,0001,101924.56
2020-12-01 05:00:00,-43.75,172.75,0,0001,101901.75
2020-12-01 06:00:00,-43.75,172.75,0,0001,101900.81
2020-12-01 07:00:00,-43.75,172.75,0,0001,101941.94
2020-12-01 08:00:00,-43.75,172.75,0,0001,101948.81
2020-12-01 09:00:00,-43.75,172.75,0,0001,101968.19
2020-12-01 10:00:00,-43.75,172.75,0,0001,101945.94
2020-12-01 11:00:00,-43.75,172.75,0,0001,101908.875
2020-12-01 12:00:00,-43.75,172.75,0,0001,101817.75
2020-12-01 13:00:00,-43.75,172.75,0,0001,101743.81
2020-12-01 14:00:00,-43.75,172.75,0,0001,101654.625
2020-12-01 15:00:00,-43.75,172.75,0,0001,101551.19
2020-12-01 16:00:00,-43.75,172.75,0,0001,101462.125
2020-12-01 17:00:00,-43.75,172.75,0,0001,101397.06
2020-12-01 18:00:00,-43.75,172.75,0,0001,101313.69
2020-12-01 19:00:00,-43.75,172.75,0,0001,101265.125
2020-12-01 20:00:00,-43.75,172.75,0,0001,101233.06
2020-12-01 21:00:00,-43.75,172.75,0,0001,101167.31
2020-12-01 22:00:00,-43.75,172.75,0,0001,101054.94
2020-12-01 23:00:00,-43.75,172.75,0,0001,100896.5
2020-12-02 00:00:00,-43.75,172.75,0,0001,100803.94
2020-12-02 01:00:00,-43.75,172.75,0,0001,100606.06
2020-12-02 02:00:00,-43.75,172.75,0,0001,100499.5
2020-12-02 03:00:00,-43.75,172.75,0,0001,100432.25
2020-12-02 04:00:00,-43.75,172.75,0,0001,100246.375
2020-12-02 05:00:00,-43.75,172.75,0,0001,100162.44
2020-12-02 06:00:00,-43.75,172.75,0,0001,100143.25
2020-12-02 07:00:00,-43.75,172.75,0,0001,100193.5
2020-12-02 08:00:00,-43.75,172.75,0,0001,100198.69
2020-12-02 09:00:00,-43.75,172.75,0,0001,100205.56
2020-12-02 10:00:00,-43.75,172.75,0,0001,100152.75
2020-12-02 11:00:00,-43.75,172.75,0,0001,100131.125
2020-12-02 12:00:00,-43.75,172.75,0,0001,100065.375
2020-12-02 13:00:00,-43.75,172.75,0,0001,100001.69
2020-12-02 14:00:00,-43.75,172.75,0,0001,100021.125
2020-12-02 15:00:00,-43.75,172.75,0,0001,100091.75
2020-12-02 16:00:00,-43.75,172.75,0,0001,100187.31
2020-12-02 17:00:00,-43.75,172.75,0,0001,100240.25
2020-12-02 18:00:00,-43.75,172.75,0,0001,100346.19
2020-12-02 19:00:00,-43.75,172.75,0,0001,100478.94
2020-12-02 20:00:00,-43.75,172.75,0,0001,100590.625
2020-12-02 21:00:00,-43.75,172.75,0,0001,100693.875
2020-12-02 22:00:00,-43.75,172.75,0,0001,100683.625
2020-12-02 23:00:00,-43.75,172.75,0,0001,100695.0
2020-12-03 00:00:00,-43.75,172.75,0,0001,100707.19
2020-12-03 01:00:00,-43.75,172.75,0,0001,100750.125
2020-12-03 02:00:00,-43.75,172.75,0,0001,100767.75
2020-12-03 03:00:00,-43.75,172.75,0,0001,100781.625
2020-12-03 04:00:00,-43.75,172.75,0,0001,100826.44
2020-12-03 05:00:00,-43.75,172.75,0,0001,100876.75
2020-12-03 06:00:00,-43.75,172.75,0,0001,100886.5
2020-12-03 07:00:00,-43.75,172.75,0,0001,100935.81
2020-12-03 08:00:00,-43.75,172.75,0,0001,100923.75
2020-12-03 09:00:00,-43.75,172.75,0,0001,100945.19
2020-12-03 10:00:00,-43.75,172.75,0,0001,100986.0
2020-12-03 11:00:00,-43.75,172.75,0,0001,100964.875
2020-12-03 12:00:00,-43.75,172.75,0,0001,100989.44
2020-12-03 13:00:00,-43.75,172.75,0,0001,100942.06
2020-12-03 14:00:00,-43.75,172.75,0,0001,100912.875
2020-12-03 15:00:00,-43.75,172.75,0,0001,100841.25
2020-12-03 16:00:00,-43.75,172.75,0,0001,100792.125
2020-12-03 17:00:00,-43.75,172.75,0,0001,100804.125
2020-12-03 18:00:00,-43.75,172.75,0,0001,100757.81
2020-12-03 19:00:00,-43.75,172.75,0,0001,100769.25
2020-12-03 20:00:00,-43.75,172.75,0,0001,100762.0
2020-12-03 21:00:00,-43.75,172.75,0,0001,100699.69
2020-12-03 22:00:00,-43.75,172.75,0,0001,100633.0
2020-12-03 23:00:00,-43.75,172.75,0,0001,100555.44
2020-12-04 00:00:00,-43.75,172.75,0,0001,100471.0
2020-12-04 01:00:00,-43.75,172.75,0,0001,100397.875
2020-12-04 02:00:00,-43.75,172.75,0,0001,100360.25
2020-12-04 03:00:00,-43.75,172.75,0,0001,100332.06
2020-12-04 04:00:00,-43.75,172.75,0,0001,100285.19
2020-12-04 05:00:00,-43.75,172.75,0,0001,100293.56
2020-12-04 06:00:00,-43.75,172.75,0,0001,100289.69
2020-12-04 07:00:00,-43.75,172.75,0,0001,100335.94
2020-12-04 08:00:00,-43.75,172.75,0,0001,100338.81
2020-12-04 09:00:00,-43.75,172.75,0,0001,100380.0
2020-12-04 10:00:00,-43.75,172.75,0,0001,100406.81
2020-12-04 11:00:00,-43.75,172.75,0,0001,100414.875
2020-12-04 12:00:00,-43.75,172.75,0,0001,100406.375
2020-12-04 13:00:00,-43.75,172.75,0,0001,100374.44
2020-12-04 14:00:00,-43.75,172.75,0,0001,100363.0
2020-12-04 15:00:00,-43.75,172.75,0,0001,100309.75
2020-12-04 16:00:00,-43.75,172.75,0,0001,100275.06
2020-12-04 17:00:00,-43.75,172.75,0,0001,100242.44
2020-12-04 18:00:00,-43.75,172.75,0,0001,100230.75
2020-12-04 19:00:00,-43.75,172.75,0,0001,100184.875
2020-12-04 20:00:00,-43.75,172.75,0,0001,100142.44
2020-12-04 21:00:00,-43.75,172.75,0,0001,100059.19
2020-12-04 22:00:00,-43.75,172.75,0,0001,99964.0
2020-12-04 23:00:00,-43.75,172.75,0,0001,99840.81
2020-12-05 00:00:00,-43.75,172.75,0,0001,99739.125
2020-12-05 01:00:00,-43.75,172.75,0,0001,99699.44
2020-12-05 02:00:00,-43.75,172.75,0,0001,99627.06
2020-12-05 03:00:00,-43.75,172.75,0,0001,99585.81
2020-12-05 04:00:00,-43.75,172.75,0,0001,99563.0
2020-12-05 05:00:00,-43.75,172.75,0,0001,99604.81
2020-12-05 06:00:00,-43.75,172.75,0,0001,99831.5
2020-12-05 07:00:00,-43.75,172.75,0,0001,100002.19
2020-12-05 08:00:00,-43.75,172.75,0,0001,100166.06
2020-12-05 09:00:00,-43.75,172.75,0,0001,100315.31
2020-12-05 10:00:00,-43.75,172.75,0,0001,100468.44
2020-12-05 11:00:00,-43.75,172.75,0,0001,100556.0
2020-12-05 12:00:00,-43.75,172.75,0,0001,100607.625
2020-12-05 13:00:00,-43.75,172.75,0,0001,100621.125
2020-12-05 14:00:00,-43.75,172.75,0,0001,100681.75
2020-12-05 15:00:00,-43.75,172.75,0,0001,100744.19
2020-12-05 16:00:00,-43.75,172.75,0,0001,100800.69
2020-12-05 17:00:00,-43.75,172.75,0,0001,100878.44
2020-12-05 18:00:00,-43.75,172.75,0,0001,100932.625
2020-12-05 19:00:00,-43.75,172.75,0,0001,100962.94
2020-12-05 20:00:00,-43.75,172.75,0,0001,100978.0
2020-12-05 21:00:00,-43.75,172.75,0,0001,100997.81
2020-12-05 22:00:00,-43.75,172.75,0,0001,100992.44
2020-12-05 23:00:00,-43.75,172.75,0,0001,100930.94
2020-12-06 00:00:00,-43.75,172.75,0,0001,100901.19
2020-12-06 01:00:00,-43.75,172.75,0,0001,100787.31
2020-12-06 02:00:00,-43.75,172.75,0,0001,100797.625
2020-12-06 03:00:00,-43.75,172.75,0,0001,100770.25
2020-12-06 04:00:00,-43.75,172.75,0,0001,100694.06
2020-12-06 05:00:00,-43.75,172.75,0,0001,100552.56
2020-12-06 06:00:00,-43.75,172.75,0,0001,100518.625
2020-12-06 07:00:00,-43.75,172.75,0,0001,100485.06
2020-12-06 08:00:00,-43.75,172.75,0,0001,100435.125
2020-12-06 09:00:00,-43.75,172.75,0,0001,100381.0
2020-12-06 10:00:00,-43.75,172.75,0,0001,100162.75
2020-12-06 11:00:00,-43.75,172.75,0,0001,100128.56
2020-12-06 12:00:00,-43.75,172.75,0,0001,100040.69
2020-12-06 13:00:00,-43.75,172.75,0,0001,99915.5
2020-12-06 14:00:00,-43.75,172.75,0,0001,99786.75
2020-12-06 15:00:00,-43.75,172.75,0,0001,99661.69
2020-12-06 16:00:00,-43.75,172.75,0,0001,99661.5
2020-12-06 17:00:00,-43.75,172.75,0,0001,99663.5
2020-12-06 18:00:00,-43.75,172.75,0,0001,99730.44
2020-12-06 19:00:00,-43.75,172.75,0,0001,99797.31
2020-12-06 20:00:00,-43.75,172.75,0,0001,99864.375
2020-12-06 21:00:00,-43.75,172.75,0,0001,99895.31
2020-12-06 22:00:00,-43.75,172.75,0,0001,99871.625
2020-12-06 23:00:00,-43.75,172.75,0,0001,99904.31
2020-12-07 00:00:00,-43.75,172.75,0,0001,99901.625
2020-12-07 01:00:00,-43.75,172.75,0,0001,99931.31
2020-12-07 02:00:00,-43.75,172.75,0,0001,99969.56
2020-12-07 03:00:00,-43.75,172.75,0,0001,100009.19
2020-12-07 04:00:00,-43.75,172.75,0,0001,100021.81
2020-12-07 05:00:00,-43.75,172.75,0,0001,100062.0
2020-12-07 06:00:00,-43.75,172.75,0,0001,100170.375
2020-12-07 07:00:00,-43.75,172.75,0,0001,100246.0
2020-12-07 08:00:00,-43.75,172.75,0,0001,100277.31
2020-12-07 09:00:00,-43.75,172.75,0,0001,100295.81
2020-12-07 10:00:00,-43.75,172.75,0,0001,100329.5
2020-12-07 11:00:00,-43.75,172.75,0,0001,100292.0
2020-12-07 12:00:00,-43.75,172.75,0,0001,100270.94
2020-12-07 13:00:00,-43.75,172.75,0,0001,100194.125
2020-12-07 14:00:00,-43.75,172.75,0,0001,100140.0
2020-12-07 15:00:00,-43.75,172.75,0,0001,100098.19
2020-12-07 16:00:00,-43.75,172.75,0,0001,100025.44
2020-12-07 17:00:00,-43.75,172.75,0,0001,99970.06
2020-12-07 18:00:00,-43.75,172.75,0,0001,99957.81
2020-12-07 19:00:00,-43.75,172.75,0,0001,99956.56
2020-12-07 20:00:00,-43.75,172.75,0,0001,99967.69
2020-12-07 21:00:00,-43.75,172.75,0,0001,99970.0
2020-12-07 22:00:00,-43.75,172.75,0,0001,99988.875
2020-12-07 23:00:00,-43.75,172.75,0,0001,100006.25
2020-12-08 00:00:00,-43.75,172.75,0,0001,100031.0
2020-12-08 01:00:00,-43.75,172.75,0,0001,100088.44
2020-12-08 02:00:00,-43.75,172.75,0,0001,100131.81
2020-12-08 03:00:00,-43.75,172.75,0,0001,100152.375
2020-12-08 04:00:00,-43.75,172.75,0,0001,100171.75
2020-12-08 05:00:00,-43.75,172.75,0,0001,100186.375
2020-12-08 06:00:00,-43.75,172.75,0,0001,100238.125
2020-12-08 07:00:00,-43.75,172.75,0,0001,100355.31
2020-12-08 08:00:00,-43.75,172.75,0,0001,100426.0
2020-12-08 09:00:00,-43.75,172.75,0,0001,100493.19
2020-12-08 10:00:00,-43.75,172.75,0,0001,100562.31
2020-12-08 11:00:00,-43.75,172.75,0,0001,100605.125
2020-12-08 12:00:00,-43.75,172.75,0,0001,100646.25
2020-12-08 13:00:00,-43.75,172.75,0,0001,100681.06
2020-12-08 14:00:00,-43.75,172.75,0,0001,100722.0
2020-12-08 15:00:00,-43.75,172.75,0,0001,100706.69
2020-12-08 16:00:00,-43.75,172.75,0,0001,100700.5
2020-12-08 17:00:00,-43.75,172.75,0,0001,100713.56
2020-12-08 18:00:00,-43.75,172.75,0,0001,100736.06
2020-12-08 19:00:00,-43.75,172.75,0,0001,100782.75
2020-12-08 20:00:00,-43.75,172.75,0,0001,100815.875
2020-12-08 21:00:00,-43.75,172.75,0,0001,100793.0
2020-12-08 22:00:00,-43.75,172.75,0,0001,100729.94
2020-12-08 23:00:00,-43.75,172.75,0,0001,100714.125
2020-12-09 00:00:00,-43.75,172.75,0,0001,100645.25
2020-12-09 01:00:00,-43.75,172.75,0,0001,100625.25
2020-12-09 02:00:00,-43.75,172.75,0,0001,100580.875
2020-12-09 03:00:00,-43.75,172.75,0,0001,100570.19
2020-12-09 04:00:00,-43.75,172.75,0,0001,100565.875
2020-12-09 05:00:00,-43.75,172.75,0,0001,100557.06
2020-12-09 06:00:00,-43.75,172.75,0,0001,100567.25
2020-12-09 07:00:00,-43.75,172.75,0,0001,100627.31
2020-12-09 08:00:00,-43.75,172.75,0,0001,100623.875
2020-12-09 09:00:00,-43.75,172.75,0,0001,100665.25
2020-12-09 10:00:00,-43.75,172.75,0,0001,100660.875
2020-12-09 11:00:00,-43.75,172.75,0,0001,100642.5
2020-12-09 12:00:00,-43.75,172.75,0,0001,100604.94
2020-12-09 13:00:00,-43.75,172.75,0,0001,100559.31
2020-12-09 14:00:00,-43.75,172.75,0,0001,100535.69
2020-12-09 15:00:00,-43.75,172.75,0,0001,100480.125
2020-12-09 16:00:00,-43.75,172.75,0,0001,100498.31
2020-12-09 17:00:00,-43.75,172.75,0,0001,100512.69
2020-12-09 18:00:00,-43.75,172.75,0,0001,100567.31
2020-12-09 19:00:00,-43.75,172.75,0,0001,100608.75
2020-12-09 20:00:00,-43.75,172.75,0,0001,100628.94
2020-12-09 21:00:00,-43.75,172.75,0,0001,100647.75
2020-12-09 22:00:00,-43.75,172.75,0,0001,100611.125
2020-12-09 23:00:00,-43.75,172.75,0,0001,100580.375
2020-12-10 00:00:00,-43.75,172.75,0,0001,100548.75
2020-12-10 01:00:00,-43.75,172.75,0,0001,100523.31
2020-12-10 02:00:00,-43.75,172.75,0,0001,100475.75
2020-12-10 03:00:00,-43.75,172.75,0,0001,100457.44
2020-12-10 04:00:00,-43.75,172.75,0,0001,100407.06
2020-12-10 05:00:00,-43.75,172.75,0,0001,100427.25
2020-12-10 06:00:00,-43.75,172.75,0,0001,100426.25
2020-12-10 07:00:00,-43.75,172.75,0,0001,100483.44
2020-12-10 08:00:00,-43.75,172.75,0,0001,100492.125
2020-12-10 09:00:00,-43.75,172.75,0,0001,100528.06
2020-12-10 10:00:00,-43.75,172.75,0,0001,100514.125
2020-12-10 11:00:00,-43.75,172.75,0,0001,100488.19
2020-12-10 12:00:00,-43.75,172.75,0,0001,100456.56
2020-12-10 13:00:00,-43.75,172.75,0,0001,100407.375
2020-12-10 14:00:00,-43.75,172.75,0,0001,100311.81
2020-12-10 15:00:00,-43.75,172.75,0,0001,100272.625
2020-12-10 16:00:00,-43.75,172.75,0,0001,100184.06
2020-12-10 17:00:00,-43.75,172.75,0,0001,100122.75
2020-12-10 18:00:00,-43.75,172.75,0,0001,100062.0
2020-12-10 19:00:00,-43.75,172.75,0,0001,100025.44
2020-12-10 20:00:00,-43.75,172.75,0,0001,99986.75
2020-12-10 21:00:00,-43.75,172.75,0,0001,99981.625
2020-12-10 22:00:00,-43.75,172.75,0,0001,99982.25
2020-12-10 23:00:00,-43.75,172.75,0,0001,100195.06
2020-12-11 00:00:00,-43.75,172.75,0,0001,100545.19
2020-12-11 01:00:00,-43.75,172.75,0,0001,100661.81
2020-12-11 02:00:00,-43.75,172.75,0,0001,100702.75
2020-12-11 03:00:00,-43.75,172.75,0,0001,100690.69
2020-12-11 04:00:00,-43.75,172.75,0,0001,100640.625
2020-12-11 05:00:00,-43.75,172.75,0,0001,100530.5
2020-12-11 06:00:00,-43.75,172.75,0,0001,100516.69
2020-12-11 07:00:00,-43.75,172.75,0,0001,100507.875
2020-12-11 08:00:00,-43.75,172.75,0,0001,100540.69
2020-12-11 09:00:00,-43.75,172.75,0,0001,100533.75
2020-12-11 10:00:00,-43.75,172.75,0,0001,100577.5
2020-12-11 11:00:00,-43.75,172.75,0,0001,100584.375
2020-12-11 12:00:00,-43.75,172.75,0,0001,100657.0
2020-12-11 13:00:00,-43.75,172.75,0,0001,100719.69
2020-12-11 14:00:00,-43.75,172.75,0,0001,100839.375
2020-12-11 15:00:00,-43.75,172.75,0,0001,100921.25
2020-12-11 16:00:00,-43.75,172.75,0,0001,101010.69
2020-12-11 17:00:00,-43.75,172.75,0,0001,101092.19
2020-12-11 18:00:00,-43.75,172.75,0,0001,101203.25
2020-12-11 19:00:00,-43.75,172.75,0,0001,101283.75
2020-12-11 20:00:00,-43.75,172.75,0,0001,101382.94
2020-12-11 21:00:00,-43.75,172.75,0,0001,101405.31
2020-12-11 22:00:00,-43.75,172.75,0,0001,101452.44
2020-12-11 23:00:00,-43.75,172.75,0,0001,101434.625
2020-12-12 00:00:00,-43.75,172.75,0,0001,101403.375
2020-12-12 01:00:00,-43.75,172.75,0,0001,101358.56
2020-12-12 02:00:00,-43.75,172.75,0,0001,101281.5
2020-12-12 03:00:00,-43.75,172.75,0,0001,101237.375
2020-12-12 04:00:00,-43.75,172.75,0,0001,101181.44
2020-12-12 05:00:00,-43.75,172.75,0,0001,101172.0
2020-12-12 06:00:00,-43.75,172.75,0,0001,101160.44
2020-12-12 07:00:00,-43.75,172.75,0,0001,101200.81
2020-12-12 08:00:00,-43.75,172.75,0,0001,101272.19
2020-12-12 09:00:00,-43.75,172.75,0,0001,101348.5
2020-12-12 10:00:00,-43.75,172.75,0,0001,101492.25
2020-12-12 11:00:00,-43.75,172.75,0,0001,101546.31
2020-12-12 12:00:00,-43.75,172.75,0,0001,101607.44
2020-12-12 13:00:00,-43.75,172.75,0,0001,101630.25
2020-12-12 14:00:00,-43.75,172.75,0,0001,101642.56
2020-12-12 15:00:00,-43.75,172.75,0,0001,101613.56
2020-12-12 16:00:00,-43.75,172.75,0,0001,101647.44
2020-12-12 17:00:00,-43.75,172.75,0,0001,101695.375
2020-12-12 18:00:00,-43.75,172.75,0,0001,101768.56
2020-12-12 19:00:00,-43.75,172.75,0,0001,101851.0
2020-12-12 20:00:00,-43.75,172.75,0,0001,101908.25
2020-12-12 21:00:00,-43.75,172.75,0,0001,101972.25
2020-12-12 22:00:00,-43.75,172.75,0,0001,102025.25
2020-12-12 23:00:00,-43.75,172.75,0,0001,102073.19
2020-12-13 00:00:00,-43.75,172.75,0,0001,102096.875
2020-12-13 01:00:00,-43.75,172.75,0,0001,102102.375
2020-12-13 02:00:00,-43.75,172.75,0,0001,102119.44
2020-12-13 03:00:00,-43.75,172.75,0,0001,102173.375
2020-12-13 04:00:00,-43.75,172.75,0,0001,102165.875
2020-12-13 05:00:00,-43.75,172.75,0,0001,102207.31
2020-12-13 06:00:00,-43.75,172.75,0,0001,102245.875
2020-12-13 07:00:00,-43.75,172.75,0,0001,102337.56
2020-12-13 08:00:00,-43.75,172.75,0,0001,102369.375
2020-12-13 09:00:00,-43.75,172.75,0,0001,102460.5
2020-12-13 10:00:00,-43.75,172.75,0,0001,102493.94
2020-12-13 11:00:00,-43.75,172.75,0,0001,102509.625
2020-12-13 12:00:00,-43.75,172.75,0,0001,102500.69
2020-12-13 13:00:00,-43.75,172.75,0,0001,102488.94
2020-12-13 14:00:00,-43.75,172.75,0,0001,102487.94
2020-12-13 15:00:00,-43.75,172.75,0,0001,102469.06
2020-12-13 16:00:00,-43.75,172.75,0,0001,102487.125
2020-12-13 17:00:00,-43.75,172.75,0,0001,102491.5
2020-12-13 18:00:00,-43.75,172.75,0,0001,102547.625
2020-12-13 19:00:00,-43.75,172.75,0,0001,102591.5
2020-12-13 20:00:00,-43.75,172.75,0,0001,102630.06
2020-12-13 21:00:00,-43.75,172.75,0,0001,102659.06
2020-12-13 22:00:00,-43.75,172.75,0,0001,102655.19
2020-12-13 23:00:00,-43.75,172.75,0,0001,102654.75
2020-12-14 00:00:00,-43.75,172.75,0,0001,102630.0
2020-12-14 01:00:00,-43.75,172.75,0,0001,102608.44
2020-12-14 02:00:00,-43.75,172.75,0,0001,102572.81
2020-12-14 03:00:00,-43.75,172.75,0,0001,102545.69
2020-12-14 04:00:00,-43.75,172.75,0,0001,102494.94
2020-12-14 05:00:00,-43.75,172.75,0,0001,102458.56
2020-12-14 06:00:00,-43.75,172.75,0,0001,102453.25
2020-12-14 07:00:00,-43.75,172.75,0,0001,102547.19
2020-12-14 08:00:00,-43.75,172.75,0,0001,102577.875
2020-12-14 09:00:00,-43.75,172.75,0,0001,102654.44
2020-12-14 10:00:00,-43.75,172.75,0,0001,102669.25
2020-12-14 11:00:00,-43.75,172.75,0,0001,102635.0
2020-12-14 12:00:00,-43.75,172.75,0,0001,102606.44
2020-12-14 13:00:00,-43.75,172.75,0,0001,102512.56
2020-12-14 14:00:00,-43.75,172.75,0,0001,102463.375
2020-12-14 15:00:00,-43.75,172.75,0,0001,102373.0
2020-12-14 16:00:00,-43.75,172.75,0,0001,102336.75
2020-12-14 17:00:00,-43.75,172.75,0,0001,102291.375
2020-12-14 18:00:00,-43.75,172.75,0,0001,102265.44
2020-12-14 19:00:00,-43.75,172.75,0,0001,102247.56
2020-12-14 20:00:00,-43.75,172.75,0,0001,102178.75
2020-12-14 21:00:00,-43.75,172.75,0,0001,102165.56
2020-12-14 22:00:00,-43.75,172.75,0,0001,102080.06
2020-12-14 23:00:00,-43.75,172.75,0,0001,102007.0
2020-12-15 00:00:00,-43.75,172.75,0,0001,101942.25
2020-12-15 01:00:00,-43.75,172.75,0,0001,101859.94
2020-12-15 02:00:00,-43.75,172.75,0,0001,101811.19
2020-12-15 03:00:00,-43.75,172.75,0,0001,101746.31
2020-12-15 04:00:00,-43.75,172.75,0,0001,101695.125
2020-12-15 05:00:00,-43.75,172.75,0,0001,101647.5
2020-12-15 06:00:00,-43.75,172.75,0,0001,101612.19
2020-12-15 07:00:00,-43.75,172.75,0,0001,101616.25
2020-12-15 08:00:00,-43.75,172.75,0,0001,101596.06
2020-12-15 09:00:00,-43.75,172.75,0,0001,101614.375
2020-12-15 10:00:00,-43.75,172.75,0,0001,101649.75
2020-12-15 11:00:00,-43.75,172.75,0,0001,101627.81
2020-12-15 12:00:00,-43.75,172.75,0,0001,101620.75
2020-12-15 13:00:00,-43.75,172.75,0,0001,101514.5
2020-12-15 14:00:00,-43.75,172.75,0,0001,101476.94
2020-12-15 15:00:00,-43.75,172.75,0,0001,101431.0
2020-12-15 16:00:00,-43.75,172.75,0,0001,101402.25
2020-12-15 17:00:00,-43.75,172.75,0,0001,101395.81
2020-12-15 18:00:00,-43.75,172.75,0,0001,101405.94
2020-12-15 19:00:00,-43.75,172.75,0,0001,101468.625
2020-12-15 20:00:00,-43.75,172.75,0,0001,101475.69
2020-12-15 21:00:00,-43.75,172.75,0,0001,101539.25
2020-12-15 22:00:00,-43.75,172.75,0,0001,101549.19
2020-12-15 23:00:00,-43.75,172.75,0,0001,101614.31
2020-12-16 00:00:00,-43.75,172.75,0,0001,101671.31
2020-12-16 01:00:00,-43.75,172.75,0,0001,101649.19
2020-12-16 02:00:00,-43.75,172.75,0,0001,101613.19
2020-12-16 03:00:00,-43.75,172.75,0,0001,101589.625
2020-12-16 04:00:00,-43.75,172.75,0,0001,101570.75
2020-12-16 05:00:00,-43.75,172.75,0,0001,101527.875
2020-12-16 06:00:00,-43.75,172.75,0,0001,101560.31
2020-12-16 07:00:00,-43.75,172.75,0,0001,101580.44
2020-12-16 08:00:00,-43.75,172.75,0,0001,101628.56
2020-12-16 09:00:00,-43.75,172.75,0,0001,101651.56
2020-12-16 10:00:00,-43.75,172.75,0,0001,101686.5
2020-12-16 11:00:00,-43.75,172.75,0,0001,101659.0
2020-12-16 12:00:00,-43.75,172.75,0,0001,101684.94
2020-12-16 13:00:00,-43.75,172.75,0,0001,101640.06
2020-12-16 14:00:00,-43.75,172.75,0,0001,101641.81
2020-12-16 15:00:00,-43.75,172.75,0,0001,101645.0
2020-12-16 16:00:00,-43.75,172.75,0,0001,101676.5
2020-12-16 17:00:00,-43.75,172.75,0,0001,101749.375
2020-12-16 18:00:00,-43.75,172.75,0,0001,101864.875
2020-12-16 19:00:00,-43.75,172.75,0,0001,101930.94
2020-12-16 20:00:00,-43.75,172.75,0,0001,102051.25
2020-12-16 21:00:00,-43.75,172.75,0,0001,102138.94
2020-12-16 22:00:00,-43.75,172.75,0,0001,102188.44
2020-12-16 23:00:00,-43.75,172.75,0,0001,102214.5
2020-12-17 00:00:00,-43.75,172.75,0,0001,102250.31
2020-12-17 01:00:00,-43.75,172.75,0,0001,102279.19
2020-12-17 02:00:00,-43.75,172.75,0,0001,102269.375
2020-12-17 03:00:00,-43.75,172.75,0,0001,102291.625
2020-12-17 04:00:00,-43.75,172.75,0,0001,102257.625
2020-12-17 05:00:00,-43.75,172.75,0,0001,102251.06
2020-12-17 06:00:00,-43.75,172.75,0,0001,102216.94
2020-12-17 07:00:00,-43.75,172.75,0,0001,102259.625
2020-12-17 08:00:00,-43.75,172.75,0,0001,102306.625
2020-12-17 09:00:00,-43.75,172.75,0,0001,102302.75
2020-12-17 10:00:00,-43.75,172.75,0,0001,102297.44
2020-12-17 11:00:00,-43.75,172.75,0,0001,102235.875
2020-12-17 12:00:00,-43.75,172.75,0,0001,102207.375
2020-12-17 13:00:00,-43.75,172.75,0,0001,102160.0
2020-12-17 14:00:00,-43.75,172.75,0,0001,102053.69
2020-12-17 15:00:00,-43.75,172.75,0,0001,101952.875
2020-12-17 16:00:00,-43.75,172.75,0,0001,101926.31
2020-12-17 17:00:00,-43.75,172.75,0,0001,101889.31
2020-12-17 18:00:00,-43.75,172.75,0,0001,101881.125
2020-12-17 19:00:00,-43.75,172.75,0,0001,101829.0
2020-12-17 20:00:00,-43.75,172.75,0,0001,101801.25
2020-12-17 21:00:00,-43.75,172.75,0,0001,101710.69
2020-12-17 22:00:00,-43.75,172.75,0,0001,101656.125
2020-12-17 23:00:00,-43.75,172.75,0,0001,101594.06
2020-12-18 00:00:00,-43.75,172.75,0,0001,101496.56
2020-12-18 01:00:00,-43.75,172.75,0,0001,101401.125
2020-12-18 02:00:00,-43.75,172.75,0,0001,101323.94
2020-12-18 03:00:00,-43.75,172.75,0,0001,101246.0
2020-12-18 04:00:00,-43.75,172.75,0,0001,101179.56
2020-12-18 05:00:00,-43.75,172.75,0,0001,101138.56
2020-12-18 06:00:00,-43.75,172.75,0,0001,101110.56
2020-12-18 07:00:00,-43.75,172.75,0,0001,101126.81
2020-12-18 08:00:00,-43.75,172.75,0,0001,101167.19
2020-12-18 09:00:00,-43.75,172.75,0,0001,101201.375
2020-12-18 10:00:00,-43.75,172.75,0,0001,101165.69
2020-12-18 11:00:00,-43.75,172.75,0,0001,101157.56
2020-12-18 12:00:00,-43.75,172.75,0,0001,101145.875
2020-12-18 13:00:00,-43.75,172.75,0,0001,101106.31
2020-12-18 14:00:00,-43.75,172.75,0,0001,101073.69
2020-12-18 15:00:00,-43.75,172.75,0,0001,101009.19
2020-12-18 16:00:00,-43.75,172.75,0,0001,100999.0
2020-12-18 17:00:00,-43.75,172.75,0,0001,100982.31
2020-12-18 18:00:00,-43.75,172.75,0,0001,100989.125
2020-12-18 19:00:00,-43.75,172.75,0,0001,100999.75
2020-12-18 20:00:00,-43.75,172.75,0,0001,100968.75
2020-12-18 21:00:00,-43.75,172.75,0,0001,100979.25
2020-12-18 22:00:00,-43.75,172.75,0,0001,100921.44
2020-12-18 23:00:00,-43.75,172.75,0,0001,100847.125
2020-12-19 00:00:00,-43.75,172.75,0,0001,100856.625
2020-12-19 01:00:00,-43.75,172.75,0,0001,100822.69
2020-12-19 02:00:00,-43.75,172.75,0,0001,100837.5
2020-12-19 03:00:00,-43.75,172.75,0,0001,100828.75
2020-12-19 04:00:00,-43.75,172.75,0,0001,100809.25
2020-12-19 05:00:00,-43.75,172.75,0,0001,100833.375
2020-12-19 06:00:00,-43.75,172.75,0,0001,100831.25
2020-12-19 07:00:00,-43.75,172.75,0,0001,100898.625
2020-12-19 08:00:00,-43.75,172.75,0,0001,100985.06
2020-12-19 09:00:00,-43.75,172.75,0,0001,100998.19
2020-12-19 10:00:00,-43.75,172.75,0,0001,101029.06
2020-12-19 11:00:00,-43.75,172.75,0,0001,101061.625
2020-12-19 12:00:00,-43.75,172.75,0,0001,101105.69
2020-12-19 13:00:00,-43.75,172.75,0,0001,101107.0
2020-12-19 14:00:00,-43.75,172.75,0,0001,101130.56
2020-12-19 15:00:00,-43.75,172.75,0,0001,101167.0
2020-12-19 16:00:00,-43.75,172.75,0,0001,101240.19
2020-12-19 17:00:00,-43.75,172.75,0,0001,101295.19
2020-12-19 18:00:00,-43.75,172.75,0,0001,101421.69
2020-12-19 19:00:00,-43.75,172.75,0,0001,101542.06
2020-12-19 20:00:00,-43.75,172.75,0,0001,101679.75
2020-12-19 21:00:00,-43.75,172.75,0,0001,101778.0
2020-12-19 22:00:00,-43.75,172.75,0,0001,101880.625
2020-12-19 23:00:00,-43.75,172.75,0,0001,101912.69
2020-12-20 00:00:00,-43.75,172.75,0,0001,101947.875
2020-12-20 01:00:00,-43.75,172.75,0,0001,101948.5
2020-12-20 02:00:00,-43.75,172.75,0,0001,101949.625
2020-12-20 03:00:00,-43.75,172.75,0,0001,101958.19
2020-12-20 04:00:00,-43.75,172.75,0,0001,101954.44
2020-12-20 05:00:00,-43.75,172.75,0,0001,101997.0
2020-12-20 06:00:00,-43.75,172.75,0,0001,102038.375
2020-12-20 07:00:00,-43.75,172.75,0,0001,102106.56
2020-12-20 08:00:00,-43.75,172.75,0,0001,102171.125
2020-12-20 09:00:00,-43.75,172.75,0,0001,102199.56
2020-12-20 10:00:00,-43.75,172.75,0,0001,102253.69
2020-12-20 11:00:00,-43.75,172.75,0,0001,102253.19
2020-12-20 12:00:00,-43.75,172.75,0,0001,102242.75
2020-12-20 13:00:00,-43.75,172.75,0,0001,102194.0
2020-12-20 14:00:00,-43.75,172.75,0,0001,102184.375
2020-12-20 15:00:00,-43.75,172.75,0,0001,102148.31
2020-12-20 16:00:00,-43.75,172.75,0,0001,102118.94
2020-12-20 17:00:00,-43.75,172.75,0,0001,102101.625
2020-12-20 18:00:00,-43.75,172.75,0,0001,102124.94
2020-12-20 19:00:00,-43.75,172.75,0,0001,102167.5
2020-12-20 20:00:00,-43.75,172.75,0,0001,102166.75
2020-12-20 21:00:00,-43.75,172.75,0,0001,102132.125
2020-12-20 22:00:00,-43.75,172.75,0,0001,102095.69
2020-12-20 23:00:00,-43.75,172.75,0,0001,101992.125
2020-12-21 00:00:00,-43.75,172.75,0,0001,101920.69
2020-12-21 01:00:00,-43.75,172.75,0,0001,101854.56
2020-12-21 02:00:00,-43.75,172.75,0,0001,101778.875
2020-12-21 03:00:00,-43.75,172.75,0,0001,101701.44
2020-12-21 04:00:00,-43.75,172.75,0,0001,101612.06
2020-12-21 05:00:00,-43.75,172.75,0,0001,101518.0
2020-12-21 06:00:00,-43.75,172.75,0,0001,101469.19
2020-12-21 07:00:00,-43.75,172.75,0,0001,101455.625
2020-12-21 08:00:00,-43.75,172.75,0,0001,101415.625
2020-12-21 09:00:00,-43.75,172.75,0,0001,101404.75
2020-12-21 10:00:00,-43.75,172.75,0,0001,101348.81
2020-12-21 11:00:00,-43.75,172.75,0,0001,101337.0
2020-12-21 12:00:00,-43.75,172.75,0,0001,101249.44
2020-12-21 13:00:00,-43.75,172.75,0,0001,101149.19
2020-12-21 14:00:00,-43.75,172.75,0,0001,101045.44
2020-12-21 15:00:00,-43.75,172.75,0,0001,100966.06
2020-12-21 16:00:00,-43.75,172.75,0,0001,100969.125
2020-12-21 17:00:00,-43.75,172.75,0,0001,100934.25
2020-12-21 18:00:00,-43.75,172.75,0,0001,100933.5
2020-12-21 19:00:00,-43.75,172.75,0,0001,100932.25
2020-12-21 20:00:00,-43.75,172.75,0,0001,100949.625
2020-12-21 21:00:00,-43.75,172.75,0,0001,100951.875
2020-12-21 22:00:00,-43.75,172.75,0,0001,100897.69
2020-12-21 23:00:00,-43.75,172.75,0,0001,100912.06
2020-12-22 00:00:00,-43.75,172.75,0,0001,100925.875
2020-12-22 01:00:00,-43.75,172.75,0,0001,100913.81
2020-12-22 02:00:00,-43.75,172.75,0,0001,100836.75
2020-12-22 03:00:00,-43.75,172.75,0,0001,100799.25
2020-12-22 04:00:00,-43.75,172.75,0,0001,100730.375
2020-12-22 05:00:00,-43.75,172.75,0,0001,100701.44
2020-12-22 06:00:00,-43.75,172.75,0,0001,100740.75
2020-12-22 07:00:00,-43.75,172.75,0,0001,100766.94
2020-12-22 08:00:00,-43.75,172.75,0,0001,100825.94
2020-12-22 09:00:00,-43.75,172.75,0,0001,100863.69
2020-12-22 10:00:00,-43.75,172.75,0,0001,100840.0
2020-12-22 11:00:00,-43.75,172.75,0,0001,100835.875
2020-12-22 12:00:00,-43.75,172.75,0,0001,100833.875
2020-12-22 13:00:00,-43.75,172.75,0,0001,100737.69
2020-12-22 14:00:00,-43.75,172.75,0,0001,100679.44
2020-12-22 15:00:00,-43.75,172.75,0,0001,100625.81
2020-12-22 16:00:00,-43.75,172.75,0,0001,100584.56
2020-12-22 17:00:00,-43.75,172.75,0,0001,100538.94
2020-12-22 18:00:00,-43.75,172.75,0,0001,100501.94
2020-12-22 19:00:00,-43.75,172.75,0,0001,100483.25
2020-12-22 20:00:00,-43.75,172.75,0,0001,100464.94
2020-12-22 21:00:00,-43.75,172.75,0,0001,100420.44
2020-12-22 22:00:00,-43.75,172.75,0,0001,100369.44
2020-12-22 23:00:00,-43.75,172.75,0,0001,100344.625
2020-12-23 00:00:00,-43.75,172.75,0,0001,100260.69
2020-12-23 01:00:00,-43.75,172.75,0,0001,100167.31
2020-12-23 02:00:00,-43.75,172.75,0,0001,100072.25
2020-12-23 03:00:00,-43.75,172.75,0,0001,100004.19
2020-12-23 04:00:00,-43.75,172.75,0,0001,99915.19
2020-12-23 05:00:00,-43.75,172.75,0,0001,99812.875
2020-12-23 06:00:00,-43.75,172.75,0,0001,99751.5
2020-12-23 07:00:00,-43.75,172.75,0,0001,99712.44
2020-12-23 08:00:00,-43.75,172.75,0,0001,99679.125
2020-12-23 09:00:00,-43.75,172.75,0,0001,99613.56
2020-12-23 10:00:00,-43.75,172.75,0,0001,99528.0
2020-12-23 11:00:00,-43.75,172.75,0,0001,99415.31
2020-12-23 12:00:00,-43.75,172.75,0,0001,99330.06
2020-12-23 13:00:00,-43.75,172.75,0,0001,99252.81
2020-12-23 14:00:00,-43.75,172.75,0,0001,99184.94
2020-12-23 15:00:00,-43.75,172.75,0,0001,99076.81
2020-12-23 16:00:00,-43.75,172.75,0,0001,99062.19
2020-12-23 17:00:00,-43.75,172.75,0,0001,99106.125
2020-12-23 18:00:00,-43.75,172.75,0,0001,99139.0
2020-12-23 19:00:00,-43.75,172.75,0,0001,99145.44
2020-12-23 20:00:00,-43.75,172.75,0,0001,99224.625
2020-12-23 21:00:00,-43.75,172.75,0,0001,99239.25
2020-12-23 22:00:00,-43.75,172.75,0,0001,99305.625
2020-12-23 23:00:00,-43.75,172.75,0,0001,99408.69
2020-12-24 00:00:00,-43.75,172.75,0,0001,99489.19
2020-12-24 01:00:00,-43.75,172.75,0,0001,99543.06
2020-12-24 02:00:00,-43.75,172.75,0,0001,99592.69
2020-12-24 03:00:00,-43.75,172.75,0,0001,99683.06
2020-12-24 04:00:00,-43.75,172.75,0,0001,99727.06
2020-12-24 05:00:00,-43.75,172.75,0,0001,99796.5
2020-12-24 06:00:00,-43.75,172.75,0,0001,99848.69
2020-12-24 07:00:00,-43.75,172.75,0,0001,99959.125
2020-12-24 08:00:00,-43.75,172.75,0,0001,100021.125
2020-12-24 09:00:00,-43.75,172.75,0,0001,100130.25
2020-12-24 10:00:00,-43.75,172.75,0,0001,100173.375
2020-12-24 11:00:00,-43.75,172.75,0,0001,100263.0
2020-12-24 12:00:00,-43.75,172.75,0,0001,100336.5
2020-12-24 13:00:00,-43.75,172.75,0,0001,100384.625
2020-12-24 14:00:00,-43.75,172.75,0,0001,100461.125
2020-12-24 15:00:00,-43.75,172.75,0,0001,100510.56
2020-12-24 16:00:00,-43.75,172.75,0,0001,100588.25
2020-12-24 17:00:00,-43.75,172.75,0,0001,100658.125
2020-12-24 18:00:00,-43.75,172.75,0,0001,100754.5
2020-12-24 19:00:00,-43.75,172.75,0,0001,100807.625
2020-12-24 20:00:00,-43.75,172.75,0,0001,100878.0
2020-12-24 21:00:00,-43.75,172.75,0,0001,100895.19
2020-12-24 22:00:00,-43.75,172.75,0,0001,100924.5
2020-12-24 23:00:00,-43.75,172.75,0,0001,100946.44
2020-12-25 00:00:00,-43.75,172.75,0,0001,100926.94
2020-12-25 01:00:00,-43.75,172.75,0,0001,100875.69
2020-12-25 02:00:00,-43.75,172.75,0,0001,100796.06
2020-12-25 03:00:00,-43.75,172.75,0,0001,100764.5
2020-12-25 04:00:00,-43.75,172.75,0,0001,100759.625
2020-12-25 05:00:00,-43.75,172.75,0,0001,100747.375
2020-12-25 06:00:00,-43.75,172.75,0,0001,100771.0
2020-12-25 07:00:00,-43.75,172.75,0,0001,100777.81
2020-12-25 08:00:00,-43.75,172.75,0,0001,100834.125
2020-12-25 09:00:00,-43.75,172.75,0,0001,100867.875
2020-12-25 10:00:00,-43.75,172.75,0,0001,100923.125
2020-12-25 11:00:00,-43.75,172.75,0,0001,100911.375
2020-12-25 12:00:00,-43.75,172.75,0,0001,100917.44
2020-12-25 13:00:00,-43.75,172.75,0,0001,100890.94
2020-12-25 14:00:00,-43.75,172.75,0,0001,100899.19
2020-12-25 15:00:00,-43.75,172.75,0,0001,100889.625
2020-12-25 16:00:00,-43.75,172.75,0,0001,100956.375
2020-12-25 17:00:00,-43.75,172.75,0,0001,101004.375
2020-12-25 18:00:00,-43.75,172.75,0,0001,101115.81
2020-12-25 19:00:00,-43.75,172.75,0,0001,101200.0
2020-12-25 20:00:00,-43.75,172.75,0,0001,101299.31
2020-12-25 21:00:00,-43.75,172.75,0,0001,101338.44
2020-12-25 22:00:00,-43.75,172.75,0,0001,101373.06
2020-12-25 23:00:00,-43.75,172.75,0,0001,101376.75
2020-12-26 00:00:00,-43.75,172.75,0,0001,101427.44
2020-12-26 01:00:00,-43.75,172.75,0,0001,101416.25
2020-12-26 02:00:00,-43.75,172.75,0,0001,101458.25
2020-12-26 03:00:00,-43.75,172.75,0,0001,101464.31
2020-12-26 04:00:00,-43.75,172.75,0,0001,101500.5
2020-12-26 05:00:00,-43.75,172.75,0,0001,101487.375
2020-12-26 06:00:00,-43.75,172.75,0,0001,101558.625
2020-12-26 07:00:00,-43.75,172.75,0,0001,101640.75
2020-12-26 08:00:00,-43.75,172.75,0,0001,101726.625
2020-12-26 09:00:00,-43.75,172.75,0,0001,101780.94
2020-12-26 10:00:00,-43.75,172.75,0,0001,101863.19
2020-12-26 11:00:00,-43.75,172.75,0,0001,101903.81
2020-12-26 12:00:00,-43.75,172.75,0,0001,101911.69
2020-12-26 13:00:00,-43.75,172.75,0,0001,101902.94
2020-12-26 14:00:00,-43.75,172.75,0,0001,101903.125
2020-12-26 15:00:00,-43.75,172.75,0,0001,101902.94
2020-12-26 16:00:00,-43.75,172.75,0,0001,101953.5
2020-12-26 17:00:00,-43.75,172.75,0,0001,101975.375
2020-12-26 18:00:00,-43.75,172.75,0,0001,102049.94
2020-12-26 19:00:00,-43.75,172.75,0,0001,102100.875
2020-12-26 20:00:00,-43.75,172.75,0,0001,102155.56
2020-12-26 21:00:00,-43.75,172.75,0,0001,102186.125
2020-12-26 22:00:00,-43.75,172.75,0,0001,102219.125
2020-12-26 23:00:00,-43.75,172.75,0,0001,102236.75
2020-12-27 00:00:00,-43.75,172.75,0,0001,102220.06
2020-12-27 01:00:00,-43.75,172.75,0,0001,102220.5
2020-12-27 02:00:00,-43.75,172.75,0,0001,102204.875
2020-12-27 03:00:00,-43.75,172.75,0,0001,102210.375
2020-12-27 04:00:00,-43.75,172.75,0,0001,102206.375
2020-12-27 05:00:00,-43.75,172.75,0,0001,102193.06
2020-12-27 06:00:00,-43.75,172.75,0,0001,102188.75
2020-12-27 07:00:00,-43.75,172.75,0,0001,102238.06
2020-12-27 08:00:00,-43.75,172.75,0,0001,102274.0
2020-12-27 09:00:00,-43.75,172.75,0,0001,102320.94
2020-12-27 10:00:00,-43.75,172.75,0,0001,102325.0
2020-12-27 11:00:00,-43.75,172.75,0,0001,102335.5
2020-12-27 12:00:00,-43.75,172.75,0,0001,102286.06
2020-12-27 13:00:00,-43.75,172.75,0,0001,102241.94
2020-12-27 14:00:00,-43.75,172.75,0,0001,102174.56
2020-12-27 15:00:00,-43.75,172.75,0,0001,102170.25
2020-12-27 16:00:00,-43.75,172.75,0,0001,102163.5
2020-12-27 17:00:00,-43.75,172.75,0,0001,102167.69
2020-12-27 18:00:00,-43.75,172.75,0,0001,102177.0
2020-12-27 19:00:00,-43.75,172.75,0,0001,102167.5
2020-12-27 20:00:00,-43.75,172.75,0,0001,102169.19
2020-12-27 21:00:00,-43.75,172.75,0,0001,102163.81
2020-12-27 22:00:00,-43.75,172.75,0,0001,102158.25
2020-12-27 23:00:00,-43.75,172.75,0,0001,102109.875
2020-12-28 00:00:00,-43.75,172.75,0,0001,102058.94
2020-12-28 01:00:00,-43.75,172.75,0,0001,101980.81
2020-12-28 02:00:00,-43.75,172.75,0,0001,101927.94
2020-12-28 03:00:00,-43.75,172.75,0,0001,101865.44
2020-12-28 04:00:00,-43.75,172.75,0,0001,101840.44
2020-12-28 05:00:00,-43.75,172.75,0,0001,101787.06
2020-12-28 06:00:00,-43.75,172.75,0,0001,101780.69
2020-12-28 07:00:00,-43.75,172.75,0,0001,101802.06
2020-12-28 08:00:00,-43.75,172.75,0,0001,101828.25
2020-12-28 09:00:00,-43.75,172.75,0,0001,101893.19
2020-12-28 10:00:00,-43.75,172.75,0,0001,101892.75
2020-12-28 11:00:00,-43.75,172.75,0,0001,101897.75
2020-12-28 12:00:00,-43.75,172.75,0,0001,101877.94
2020-12-28 13:00:00,-43.75,172.75,0,0001,101867.94
2020-12-28 14:00:00,-43.75,172.75,0,0001,101848.375
2020-12-28 15:00:00,-43.75,172.75,0,0001,101816.125
2020-12-28 16:00:00,-43.75,172.75,0,0001,101791.125
2020-12-28 17:00:00,-43.75,172.75,0,0001,101796.31
2020-12-28 18:00:00,-43.75,172.75,0,0001,101809.5
2020-12-28 19:00:00,-43.75,172.75,0,0001,101852.875
2020-12-28 20:00:00,-43.75,172.75,0,0001,101888.0
2020-12-28 21:00:00,-43.75,172.75,0,0001,101906.625
2020-12-28 22:00:00,-43.75,172.75,0,0001,101939.625
2020-12-28 23:00:00,-43.75,172.75,0,0001,101910.5
2020-12-29 00:00:00,-43.75,172.75,0,0001,101906.56
2020-12-29 01:00:00,-43.75,172.75,0,0001,101905.875
2020-12-29 02:00:00,-43.75,172.75,0,0001,101864.31
2020-12-29 03:00:00,-43.75,172.75,0,0001,101824.81
2020-12-29 04:00:00,-43.75,172.75,0,0001,101826.0
2020-12-29 05:00:00,-43.75,172.75,0,0001,101822.0
2020-12-29 06:00:00,-43.75,172.75,0,0001,101822.625
2020-12-29 07:00:00,-43.75,172.75,0,0001,101817.69
2020-12-29 08:00:00,-43.75,172.75,0,0001,101875.625
2020-12-29 09:00:00,-43.75,172.75,0,0001,101898.625
2020-12-29 10:00:00,-43.75,172.75,0,0001,101935.81
2020-12-29 11:00:00,-43.75,172.75,0,0001,101920.06
2020-12-29 12:00:00,-43.75,172.75,0,0001,101876.875
2020-12-29 13:00:00,-43.75,172.75,0,0001,101867.375
2020-12-29 14:00:00,-43.75,172.75,0,0001,101846.44
2020-12-29 15:00:00,-43.75,172.75,0,0001,101844.0
2020-12-29 16:00:00,-43.75,172.75,0,0001,101869.75
2020-12-29 17:00:00,-43.75,172.75,0,0001,101920.81
2020-12-29 18:00:00,-43.75,172.75,0,0001,101956.375
2020-12-29 19:00:00,-43.75,172.75,0,0001,102024.31
2020-12-29 20:00:00,-43.75,172.75,0,0001,102056.94
2020-12-29 21:00:00,-43.75,172.75,0,0001,102079.31
2020-12-29 22:00:00,-43.75,172.75,0,0001,102115.0
2020-12-29 23:00:00,-43.75,172.75,0,0001,102155.625
2020-12-30 00:00:00,-43.75,172.75,0,0001,102194.125
2020-12-30 01:00:00,-43.75,172.75,0,0001,102214.375
2020-12-30 02:00:00,-43.75,172.75,0,0001,102223.125
2020-12-30 03:00:00,-43.75,172.75,0,0001,102244.19
2020-12-30 04:00:00,-43.75,172.75,0,0001,102261.94
2020-12-30 05:00:00,-43.75,172.75,0,0001,102282.06
2020-12-30 06:00:00,-43.75,172.75,0,0001,102314.5
2020-12-30 07:00:00,-43.75,172.75,0,0001,102392.56
2020-12-30 08:00:00,-43.75,172.75,0,0001,102452.19
2020-12-30 09:00:00,-43.75,172.75,0,0001,102509.81
2020-12-30 10:00:00,-43.75,172.75,0,0001,102483.875
2020-12-30 11:00:00,-43.75,172.75,0,0001,102539.625
2020-12-30 12:00:00,-43.75,172.75,0,0001,102491.69
2020-12-30 13:00:00,-43.75,172.75,0,0001,102492.94
2020-12-30 14:00:00,-43.75,172.75,0,0001,102443.56
2020-12-30 15:00:00,-43.75,172.75,0,0001,102429.31
2020-12-30 16:00:00,-43.75,172.75,0,0001,102400.69
2020-12-30 17:00:00,-43.75,172.75,0,0001,102412.0
2020-12-30 18:00:00,-43.75,172.75,0,0001,102403.625
2020-12-30 19:00:00,-43.75,172.75,0,0001,102450.5
2020-12-30 20:00:00,-43.75,172.75,0,0001,102437.125
2020-12-30 21:00:00,-43.75,172.75,0,0001,102413.56
2020-12-30 22:00:00,-43.75,172.75,0,0001,102345.375
2020-12-30 23:00:00,-43.75,172.75,0,0001,102328.31
2020-12-31 00:00:00,-43.75,172.75,0,0001,102280.31
2020-12-31 01:00:00,-43.75,172.75,0,0001,102259.81
2020-12-31 02:00:00,-43.75,172.75,0,0001,102186.25
2020-12-31 03:00:00,-43.75,172.75,0,0001,102150.5
2020-12-31 04:00:00,-43.75,172.75,0,0001,102068.625
2020-12-31 05:00:00,-43.75,172.75,0,0001,102026.06
2020-12-31 06:00:00,-43.75,172.75,0,0001,101996.375
2020-12-31 07:00:00,-43.75,172.75,0,0001,101980.375
2020-12-31 08:00:00,-43.75,172.75,0,0001,101971.56
2020-12-31 09:00:00,-43.75,172.75,0,0001,101972.0
2020-12-31 10:00:00,-43.75,172.75,0,0001,101937.5
2020-12-31 11:00:00,-43.75,172.75,0,0001,101906.94
2020-12-31 12:00:00,-43.75,172.75,0,0001,101865.5
2020-12-31 13:00:00,-43.75,172.75,0,0001,101795.69
2020-12-31 14:00:00,-43.75,172.75,0,0001,101703.875
2020-12-31 15:00:00,-43.75,172.75,0,0001,101690.875
2020-12-31 16:00:00,-43.75,172.75,0,0001,101653.25
2020-12-31 17:00:00,-43.75,172.75,0,0001,101624.375
2020-12-31 18:00:00,-43.75,172.75,0,0001,101623.44
2020-12-31 19:00:00,-43.75,172.75,0,0001,101603.875
2020-12-31 20:00:00,-43.75,172.75,0,0001,101583.44
2020-12-31 21:00:00,-43.75,172.75,0,0001,101553.625
2020-12-31 22:00:00,-43.75,172.75,0,0001,101502.19
2020-12-31 23:00:00,-43.75,172.75,0,0001,101481.69
